version,variant,N,iters,threads,schedule,bind,first_touch,rep,time_s,mlups,gbs,energy_pkg_j,energy_dram_j,checksum,freq_mhz,energy_source
omp,1,1000,30,6,dynamic,spread,1,8,13.293425,2243.241,35.892,nan,nan,249276035.6,2025,none
omp,3,96,2000,8,static,false,0,6,0.169910,9776.760,156.428,nan,nan,10583177.5,2172,none
omp,2,96,2000,2,static,close,0,10,0.348751,4763.190,76.211,nan,nan,10583177.5,2154,none
omp,1,256,100,4,static,spread,1,3,0.550478,2976.880,47.630,nan,nan,26040196.52,2059,none
omp,1,96,2000,8,dynamic,spread,1,3,0.795718,2087.633,33.402,nan,nan,10583177.5,2358,none
omp,1,96,2000,4,static,false,0,12,0.217275,7645.460,122.327,nan,nan,10583177.5,2337,none
omp,2,256,100,12,static,spread,0,7,0.525354,3119.240,49.908,nan,nan,26040196.52,2100,none
omp,3,1000,30,12,static,false,1,7,14.643860,2036.373,32.582,nan,nan,249276035.6,2367,none
omp,1,256,100,24,static,close,0,7,0.540071,3034.243,48.548,nan,nan,26040196.52,2255,none
omp,1,96,2000,2,static,close,1,4,0.348603,4765.215,76.243,nan,nan,10583177.5,2617,none
omp,1,1000,30,2,static,false,1,12,16.259717,1834.002,29.344,nan,nan,249276035.6,1932,none
omp,3,256,100,4,static,spread,0,12,0.574971,2850.066,45.601,nan,nan,26040196.52,2101,none
omp,1,256,100,4,static,close,1,12,0.792442,2067.921,33.087,nan,nan,26040196.52,2193,none
omp,1,256,100,8,static,false,1,8,0.524274,3125.667,50.011,nan,nan,26040196.52,2085,none
omp,2,96,2000,1,static,close,1,1,0.703805,2360.267,37.764,61.520,nan,10583177.5,2147,perf-pkg
omp,2,256,100,1,static,false,1,7,1.384214,1183.853,18.942,nan,nan,26040196.52,2054,none
omp,3,1000,30,12,static,false,0,12,14.224585,2096.396,33.542,nan,nan,249276035.6,2143,none
omp,2,96,2000,24,static,spread,0,11,0.067242,24704.359,395.270,nan,nan,10583177.5,3027,none
omp,1,256,100,8,dynamic,close,1,6,0.638407,2566.868,41.070,nan,nan,26040196.52,2494,none
omp,3,96,2000,16,dynamic,spread,1,14,1.019674,1629.116,26.066,nan,nan,10583177.5,2541,none
omp,1,256,100,4,static,close,1,1,0.785444,2086.343,33.381,nan,nan,26040196.52,2698,none
omp,2,1000,30,12,static,close,0,4,16.863140,1768.375,28.294,nan,nan,249276035.6,2196,none
omp,2,256,100,24,dynamic,false,1,13,0.611007,2681.976,42.912,nan,nan,26040196.52,2369,none
omp,1,1000,30,48,dynamic,close,1,2,10.536290,2830.252,45.284,nan,nan,249276035.6,3573,none
omp,3,1000,30,16,static,false,0,9,14.466403,2061.353,32.982,nan,nan,249276035.6,2135,none
omp,1,1000,30,4,static,spread,1,9,13.518111,2205.956,35.295,nan,nan,249276035.6,2124,none
omp,1,256,100,16,static,close,1,10,0.551137,2973.322,47.573,nan,nan,26040196.52,2305,none
omp,1,1000,30,16,static,spread,1,12,16.289380,1830.663,29.291,nan,nan,249276035.6,2347,none
omp,2,1000,30,12,static,close,0,14,16.857917,1768.923,28.303,nan,nan,249276035.6,2083,none
omp,2,1000,30,6,static,spread,0,2,13.931768,2140.458,34.247,nan,nan,249276035.6,1929,none
omp,1,1000,30,24,dynamic,spread,1,12,10.450116,2853.591,45.657,nan,nan,249276035.6,2252,none
omp,3,96,2000,4,static,spread,0,12,0.222939,7451.223,119.220,nan,nan,10583177.5,2967,none
omp,3,1000,30,48,static,close,0,8,15.356576,1941.863,31.070,nan,nan,249276035.6,2889,none
omp,3,1000,30,16,static,close,0,8,15.954312,1869.110,29.906,nan,nan,249276035.6,2200,none
omp,3,96,2000,48,static,false,1,6,0.816216,2035.205,32.563,nan,nan,10583177.5,3691,none
omp,1,1000,30,8,dynamic,spread,1,12,12.134583,2457.469,39.320,nan,nan,249276035.6,1903,none
omp,2,256,100,2,static,close,1,2,0.830455,1973.264,31.572,89.660,nan,26040196.52,2326,perf-pkg
omp,1,96,2000,8,dynamic,false,0,3,0.822414,2019.869,32.318,nan,nan,10583177.5,2189,none
omp,1,1000,30,48,dynamic,false,0,10,10.544261,2828.113,45.250,nan,nan,249276035.6,3078,none
omp,1,256,100,16,dynamic,close,0,12,0.598302,2738.931,43.823,nan,nan,26040196.52,2500,none
omp,1,256,100,48,dynamic,close,0,15,0.631849,2593.511,41.496,nan,nan,26040196.52,3058,none
omp,2,1000,30,6,dynamic,spread,1,7,13.317852,2239.127,35.826,nan,nan,249276035.6,2080,none
omp,1,96,2000,24,dynamic,spread,1,10,0.639042,2599.468,41.591,nan,nan,10583177.5,3167,none
omp,2,256,100,1,static,false,1,14,1.306281,1254.483,20.072,nan,nan,26040196.52,2753,none
omp,1,96,2000,1,dynamic,spread,1,8,0.697046,2383.155,38.130,nan,nan,10583177.5,2398,none
omp,2,256,100,12,static,false,1,10,0.527976,3103.751,49.660,nan,nan,26040196.52,2559,none
omp,3,96,2000,48,dynamic,spread,1,4,0.933138,1780.196,28.483,nan,nan,10583177.5,3151,none
omp,1,96,2000,48,dynamic,spread,0,3,0.604777,2746.746,43.948,nan,nan,10583177.5,3451,none
omp,2,256,100,2,dynamic,close,0,13,0.851466,1924.570,30.793,nan,nan,26040196.52,2939,none
omp,1,96,2000,6,static,false,0,6,0.177283,9370.165,149.923,nan,nan,10583177.5,2860,none
omp,3,96,2000,6,static,spread,1,11,0.163364,10168.523,162.696,nan,nan,10583177.5,3088,none
omp,2,256,100,1,dynamic,false,1,9,1.195278,1370.984,21.936,nan,nan,26040196.52,2466,none
omp,3,1000,30,24,dynamic,close,1,10,16.741032,1781.274,28.500,nan,nan,249276035.6,2315,none
omp,1,96,2000,24,static,false,1,12,0.309445,5368.214,85.891,nan,nan,10583177.5,2736,none
omp,2,256,100,6,static,close,1,15,0.826802,1981.981,31.712,124.680,nan,26040196.52,2526,perf-pkg
omp,2,96,2000,16,static,spread,0,1,0.075417,22026.311,352.421,nan,nan,10583177.5,2646,none
omp,1,1000,30,8,static,false,1,6,14.471159,2060.675,32.971,nan,nan,249276035.6,1989,none
omp,2,96,2000,16,static,false,0,5,0.219916,7553.641,120.858,nan,nan,10583177.5,2469,none
omp,2,1000,30,48,static,false,1,2,15.586646,1913.199,30.611,nan,nan,249276035.6,2172,none
omp,3,256,100,4,dynamic,close,0,12,0.943051,1737.664,27.803,nan,nan,26040196.52,2769,none
omp,1,96,2000,48,dynamic,close,0,6,0.595223,2790.831,44.653,nan,nan,10583177.5,2851,none
omp,3,96,2000,24,static,spread,1,15,0.070151,23680.055,378.881,nan,nan,10583177.5,3536,none
omp,3,256,100,48,static,false,1,4,0.588160,2786.156,44.578,nan,nan,26040196.52,3518,none
omp,1,96,2000,12,dynamic,false,1,10,0.750403,2213.700,35.419,nan,nan,10583177.5,2704,none
omp,1,1000,30,4,dynamic,spread,0,10,14.529297,2052.430,32.839,nan,nan,249276035.6,1856,none
omp,2,96,2000,8,static,close,1,11,0.110636,15014.767,240.236,113.810,nan,10583177.5,2364,perf-pkg
omp,3,96,2000,12,static,false,1,10,0.189240,8778.103,140.450,nan,nan,10583177.5,2777,none
omp,2,1000,30,48,dynamic,close,0,1,10.590778,2815.691,45.051,nan,nan,249276035.6,2590,none
omp,3,1000,30,4,dynamic,close,1,8,17.916443,1664.413,26.631,nan,nan,249276035.6,2042,none
omp,2,1000,30,2,static,false,0,10,16.039181,1859.220,29.748,nan,nan,249276035.6,1950,none
omp,1,256,100,6,static,close,1,8,0.821092,1995.764,31.932,nan,nan,26040196.52,2216,none
omp,3,256,100,12,dynamic,close,1,4,0.797266,2055.407,32.887,nan,nan,26040196.52,2444,none
omp,2,1000,30,16,static,close,1,12,15.990278,1864.906,29.838,1788.160,nan,249276035.6,2617,perf-pkg
omp,1,96,2000,16,static,spread,1,5,0.074524,22290.273,356.644,nan,nan,10583177.5,2947,none
omp,3,96,2000,16,dynamic,false,1,7,1.029948,1612.866,25.806,nan,nan,10583177.5,2419,none
omp,2,1000,30,2,static,spread,0,9,16.096165,1852.638,29.642,nan,nan,249276035.6,1934,none
omp,2,256,100,6,dynamic,spread,1,5,0.919802,1781.586,28.505,nan,nan,26040196.52,2068,none
omp,2,256,100,4,dynamic,close,0,10,0.770698,2126.262,34.020,nan,nan,26040196.52,2269,none
omp,2,96,2000,2,dynamic,spread,0,5,1.181335,1406.178,22.499,nan,nan,10583177.5,1950,none
omp,2,256,100,12,static,close,1,10,0.575455,2847.672,45.563,109.120,nan,26040196.52,2546,perf-pkg
omp,3,256,100,4,dynamic,close,1,10,0.946610,1731.132,27.698,nan,nan,26040196.52,2326,none
omp,1,256,100,1,dynamic,close,1,1,1.195922,1370.245,21.924,nan,nan,26040196.52,2137,none
omp,3,256,100,48,static,spread,1,6,0.571552,2867.119,45.874,nan,nan,26040196.52,2944,none
omp,2,256,100,4,static,spread,1,15,0.556212,2946.192,47.139,nan,nan,26040196.52,2896,none
omp,2,96,2000,12,dynamic,close,0,13,0.644554,2577.237,41.236,nan,nan,10583177.5,2967,none
omp,1,256,100,16,static,spread,1,9,0.545846,3002.140,48.034,nan,nan,26040196.52,2206,none
omp,3,256,100,24,static,false,0,9,0.559461,2929.079,46.865,nan,nan,26040196.52,2414,none
omp,3,256,100,6,static,false,1,13,0.483956,3386.068,54.177,nan,nan,26040196.52,2541,none
omp,2,1000,30,24,static,close,1,14,15.191585,1962.953,31.407,1999.870,nan,249276035.6,2500,perf-pkg
omp,2,256,100,12,dynamic,false,0,6,0.801706,2044.023,32.704,nan,nan,26040196.52,2323,none
omp,3,256,100,1,static,spread,1,2,1.172980,1397.046,22.353,nan,nan,26040196.52,2064,none
omp,2,256,100,48,dynamic,spread,0,10,0.687762,2382.666,38.123,nan,nan,26040196.52,2771,none
omp,1,256,100,1,dynamic,false,1,10,1.236383,1325.404,21.206,nan,nan,26040196.52,1910,none
omp,1,1000,30,1,static,spread,1,8,25.811127,1155.330,18.485,nan,nan,249276035.6,1858,none
omp,3,256,100,8,dynamic,false,1,14,1.190380,1376.625,22.026,nan,nan,26040196.52,2016,none
omp,1,96,2000,6,dynamic,close,0,2,0.185663,8947.202,143.155,nan,nan,10583177.5,2230,none
omp,3,96,2000,6,static,spread,0,13,0.164446,10101.602,161.626,nan,nan,10583177.5,2525,none
omp,2,1000,30,6,static,spread,1,4,14.307798,2084.203,33.347,nan,nan,249276035.6,2026,none
omp,2,256,100,4,dynamic,spread,1,2,1.265933,1294.466,20.711,nan,nan,26040196.52,2029,none
omp,2,1000,30,6,static,false,1,3,14.302912,2084.915,33.359,nan,nan,249276035.6,1948,none
omp,1,256,100,16,static,close,1,8,0.547573,2992.673,47.883,nan,nan,26040196.52,2297,none
omp,1,256,100,2,dynamic,false,1,7,1.112399,1473.128,23.570,nan,nan,26040196.52,2099,none
omp,3,1000,30,4,static,false,0,15,13.029569,2288.668,36.619,nan,nan,249276035.6,1943,none
omp,2,256,100,48,dynamic,spread,1,8,0.669198,2448.760,39.180,nan,nan,26040196.52,2755,none
omp,3,96,2000,16,dynamic,false,1,8,1.156905,1435.872,22.974,nan,nan,10583177.5,2794,none
omp,1,256,100,2,static,false,1,10,0.794306,2063.066,33.009,nan,nan,26040196.52,2532,none
omp,1,1000,30,8,static,spread,1,11,14.452344,2063.358,33.014,nan,nan,249276035.6,1910,none
omp,1,96,2000,24,dynamic,close,0,12,0.729585,2276.867,36.430,nan,nan,10583177.5,2567,none
omp,1,256,100,4,dynamic,close,0,1,0.775196,2113.926,33.823,nan,nan,26040196.52,2549,none
omp,3,96,2000,2,dynamic,false,1,3,2.759885,601.898,9.630,nan,nan,10583177.5,2103,none
omp,2,96,2000,1,dynamic,close,0,15,0.713059,2329.637,37.274,nan,nan,10583177.5,1974,none
omp,2,1000,30,24,static,spread,0,13,14.973954,1991.482,31.864,nan,nan,249276035.6,2170,none
omp,3,1000,30,48,static,false,1,8,15.551178,1917.563,30.681,nan,nan,249276035.6,2657,none
omp,2,96,2000,4,static,spread,0,5,0.217696,7630.675,122.091,nan,nan,10583177.5,3230,none
omp,1,96,2000,6,dynamic,spread,0,9,0.840590,1976.193,31.619,nan,nan,10583177.5,2479,none
omp,3,1000,30,48,static,spread,0,3,15.342656,1943.624,31.098,nan,nan,249276035.6,2445,none
omp,2,96,2000,16,dynamic,false,1,12,0.677865,2450.589,39.209,nan,nan,10583177.5,3381,none
omp,3,96,2000,4,dynamic,false,1,1,2.264377,733.609,11.738,nan,nan,10583177.5,2025,none
omp,1,256,100,4,dynamic,false,0,9,1.212271,1351.765,21.628,nan,nan,26040196.52,2016,none
omp,2,1000,30,24,dynamic,false,0,1,10.462037,2850.340,45.605,nan,nan,249276035.6,2073,none
omp,2,1000,30,8,static,false,1,15,14.466706,2061.310,32.981,nan,nan,249276035.6,2135,none
omp,2,96,2000,48,static,spread,1,3,0.062513,26573.177,425.171,nan,nan,10583177.5,3165,none
omp,3,256,100,12,static,false,0,6,0.531609,3082.540,49.321,nan,nan,26040196.52,3030,none
omp,2,1000,30,8,static,spread,0,9,13.907240,2144.233,34.308,nan,nan,249276035.6,2028,none
omp,1,256,100,4,static,spread,0,2,0.565024,2900.242,46.404,nan,nan,26040196.52,1957,none
omp,1,1000,30,24,static,spread,1,12,15.165212,1966.366,31.462,nan,nan,249276035.6,2491,none
omp,1,256,100,12,static,false,1,9,0.541652,3025.389,48.406,nan,nan,26040196.52,2510,none
omp,1,96,2000,6,dynamic,false,0,2,0.891911,1862.483,29.800,nan,nan,10583177.5,2573,none
omp,3,96,2000,2,dynamic,false,1,8,2.830217,586.940,9.391,nan,nan,10583177.5,2167,none
omp,1,96,2000,6,static,false,1,3,0.174924,9496.493,151.944,nan,nan,10583177.5,2161,none
omp,3,1000,30,8,static,false,1,10,14.471253,2060.662,32.971,nan,nan,249276035.6,2045,none
omp,1,96,2000,24,dynamic,false,1,9,0.651902,2548.186,40.771,nan,nan,10583177.5,2627,none
omp,1,256,100,8,dynamic,spread,0,5,0.951262,1722.666,27.563,nan,nan,26040196.52,2313,none
omp,1,1000,30,16,static,false,1,2,14.783026,2017.203,32.275,nan,nan,249276035.6,2170,none
omp,1,1000,30,1,dynamic,false,1,5,25.950321,1149.133,18.386,nan,nan,249276035.6,2037,none
omp,2,96,2000,16,dynamic,false,0,8,0.711239,2335.599,37.370,nan,nan,10583177.5,2198,none
omp,2,1000,30,4,dynamic,close,0,12,16.365152,1822.187,29.155,nan,nan,249276035.6,2028,none
omp,3,1000,30,2,dynamic,spread,1,9,24.590654,1212.670,19.403,nan,nan,249276035.6,1883,none
omp,1,1000,30,12,static,spread,1,5,14.632011,2038.022,32.608,nan,nan,249276035.6,2076,none
omp,3,1000,30,4,dynamic,spread,0,10,18.895273,1578.192,25.251,nan,nan,249276035.6,2060,none
omp,2,256,100,16,static,false,1,7,0.540488,3031.900,48.510,nan,nan,26040196.52,2435,none
omp,2,1000,30,1,static,spread,1,15,25.795991,1156.008,18.496,nan,nan,249276035.6,1997,none
omp,3,256,100,6,dynamic,close,0,15,0.822001,1993.558,31.897,nan,nan,26040196.52,2271,none
omp,1,1000,30,12,static,spread,0,3,14.275661,2088.895,33.422,nan,nan,249276035.6,2165,none
omp,3,96,2000,2,dynamic,spread,0,14,2.802561,592.732,9.484,nan,nan,10583177.5,2112,none
omp,2,256,100,48,static,false,1,6,0.658566,2488.295,39.813,nan,nan,26040196.52,2824,none
omp,1,96,2000,2,static,close,1,14,0.352602,4711.166,75.379,nan,nan,10583177.5,2974,none
omp,3,96,2000,12,dynamic,false,1,5,1.232327,1347.993,21.568,nan,nan,10583177.5,2879,none
omp,3,96,2000,8,dynamic,false,1,8,1.473907,1127.051,18.033,nan,nan,10583177.5,2626,none
omp,1,1000,30,8,static,false,1,9,14.458644,2062.459,32.999,nan,nan,249276035.6,2066,none
omp,1,96,2000,6,static,close,1,8,0.127578,13020.788,208.333,nan,nan,10583177.5,2215,none
omp,3,1000,30,8,static,false,0,10,13.923583,2141.716,34.267,nan,nan,249276035.6,1901,none
omp,3,96,2000,8,static,close,0,10,0.113262,14666.558,234.665,nan,nan,10583177.5,2098,none
omp,1,1000,30,2,dynamic,spread,0,12,16.958663,1758.415,28.135,nan,nan,249276035.6,2044,none
omp,1,96,2000,16,dynamic,spread,1,5,0.679533,2444.574,39.113,nan,nan,10583177.5,2822,none
omp,2,256,100,16,static,false,1,14,0.538219,3044.681,48.715,nan,nan,26040196.52,2464,none
omp,2,96,2000,48,static,spread,1,10,0.061452,27032.166,432.515,nan,nan,10583177.5,3662,none
omp,2,256,100,4,static,close,0,11,0.782574,2093.994,33.504,nan,nan,26040196.52,2541,none
omp,1,256,100,24,dynamic,spread,1,12,0.606338,2702.627,43.242,nan,nan,26040196.52,2486,none
omp,1,1000,30,12,static,close,1,8,16.797678,1775.267,28.404,nan,nan,249276035.6,2166,none
omp,3,1000,30,1,static,false,1,14,26.011295,1146.439,18.343,nan,nan,249276035.6,1955,none
omp,1,1000,30,48,dynamic,false,0,13,10.570450,2821.106,45.138,nan,nan,249276035.6,2706,none
omp,2,1000,30,12,dynamic,false,1,13,11.201932,2662.073,42.593,nan,nan,249276035.6,2026,none
omp,2,256,100,12,static,spread,1,13,0.515779,3177.146,50.834,nan,nan,26040196.52,2317,none
omp,1,256,100,24,static,spread,0,6,0.533641,3070.801,49.133,nan,nan,26040196.52,2687,none
omp,3,256,100,24,static,close,0,11,0.532996,3074.517,49.192,nan,nan,26040196.52,2703,none
omp,3,256,100,48,dynamic,false,0,15,0.875281,1872.205,29.955,nan,nan,26040196.52,2774,none
omp,1,256,100,8,static,false,1,7,0.518930,3157.854,50.526,nan,nan,26040196.52,2948,none
omp,1,256,100,1,static,spread,0,9,1.341745,1221.325,19.541,nan,nan,26040196.52,1984,none
omp,2,96,2000,16,static,close,0,9,0.072861,22799.051,364.785,nan,nan,10583177.5,2201,none
omp,2,1000,30,16,dynamic,close,0,4,10.434742,2857.796,45.725,nan,nan,249276035.6,2306,none
omp,3,1000,30,6,static,spread,1,8,14.320356,2082.376,33.318,nan,nan,249276035.6,2258,none
omp,1,96,2000,1,static,spread,1,2,0.698210,2379.180,38.067,nan,nan,10583177.5,1913,none
omp,3,1000,30,12,dynamic,false,1,8,16.923520,1762.066,28.193,nan,nan,249276035.6,2022,none
omp,1,96,2000,16,dynamic,false,1,10,0.706435,2351.480,37.624,nan,nan,10583177.5,2472,none
omp,2,96,2000,2,dynamic,close,0,14,0.431130,3853.060,61.649,nan,nan,10583177.5,2259,none
omp,1,96,2000,8,dynamic,close,1,15,0.644060,2579.211,41.267,nan,nan,10583177.5,2568,none
omp,1,1000,30,16,static,close,1,6,15.991885,1864.718,29.835,nan,nan,249276035.6,2243,none
omp,1,1000,30,8,dynamic,spread,1,5,12.163072,2451.713,39.227,nan,nan,249276035.6,2129,none
omp,1,96,2000,4,dynamic,spread,0,12,1.233280,1346.951,21.551,nan,nan,10583177.5,2234,none
omp,3,96,2000,48,dynamic,close,1,13,0.882308,1882.753,30.124,nan,nan,10583177.5,3591,none
omp,2,256,100,12,dynamic,false,0,1,0.746252,2195.916,35.135,nan,nan,26040196.52,2750,none
omp,1,256,100,48,static,spread,1,2,0.690164,2374.374,37.990,nan,nan,26040196.52,2527,none
omp,2,96,2000,24,dynamic,spread,1,3,0.683808,2429.289,38.869,nan,nan,10583177.5,2952,none
omp,1,256,100,8,static,close,0,1,0.693084,2364.368,37.830,nan,nan,26040196.52,2395,none
omp,3,1000,30,12,dynamic,spread,0,4,15.397101,1936.752,30.988,nan,nan,249276035.6,2170,none
omp,3,256,100,24,static,spread,1,11,0.533366,3072.388,49.158,nan,nan,26040196.52,2677,none
omp,2,1000,30,16,static,close,0,4,15.988642,1865.096,29.842,nan,nan,249276035.6,2257,none
omp,1,96,2000,8,static,false,1,3,0.161334,10296.455,164.743,nan,nan,10583177.5,2658,none
omp,3,96,2000,16,static,false,1,4,0.218269,7610.655,121.770,nan,nan,10583177.5,2627,none
omp,2,1000,30,6,dynamic,spread,1,15,13.294500,2243.060,35.889,nan,nan,249276035.6,2083,none
omp,1,256,100,48,static,close,0,9,0.673238,2434.066,38.945,nan,nan,26040196.52,2693,none
omp,1,96,2000,4,static,false,1,3,0.220989,7516.961,120.271,nan,nan,10583177.5,2509,none
omp,2,96,2000,16,static,close,1,5,0.071144,23349.423,373.591,118.630,nan,10583177.5,2710,perf-pkg
omp,3,96,2000,48,dynamic,spread,0,5,0.786829,2111.219,33.780,nan,nan,10583177.5,3438,none
omp,3,1000,30,1,static,close,0,7,25.749129,1158.111,18.530,nan,nan,249276035.6,1983,none
omp,3,1000,30,8,dynamic,close,0,13,14.805068,2014.199,32.227,nan,nan,249276035.6,2137,none
omp,2,256,100,8,static,false,0,6,0.512530,3197.290,51.157,nan,nan,26040196.52,1962,none
omp,2,1000,30,1,static,false,0,3,26.361593,1131.205,18.099,nan,nan,249276035.6,2098,none
omp,1,96,2000,16,dynamic,false,0,6,0.696744,2384.187,38.147,nan,nan,10583177.5,2170,none
omp,2,256,100,8,dynamic,spread,1,10,0.924680,1772.188,28.355,nan,nan,26040196.52,1911,none
omp,2,96,2000,2,dynamic,close,0,5,0.429028,3871.930,61.951,nan,nan,10583177.5,2090,none
omp,1,96,2000,24,dynamic,spread,1,15,0.657499,2526.494,40.424,nan,nan,10583177.5,2692,none
omp,2,256,100,8,static,false,1,4,0.514732,3183.611,50.938,nan,nan,26040196.52,2439,none
omp,1,256,100,24,static,false,0,6,0.551546,2971.114,47.538,nan,nan,26040196.52,2796,none
omp,1,96,2000,8,static,false,0,10,0.163370,10168.142,162.690,nan,nan,10583177.5,2872,none
omp,3,1000,30,1,static,spread,1,12,25.823157,1154.791,18.477,nan,nan,249276035.6,2036,none
omp,2,256,100,16,dynamic,false,1,1,0.638123,2568.009,41.088,nan,nan,26040196.52,2175,none
omp,1,256,100,2,dynamic,spread,0,7,0.904015,1812.699,29.003,nan,nan,26040196.52,2256,none
omp,2,256,100,12,dynamic,close,0,2,0.625670,2619.122,41.906,nan,nan,26040196.52,2225,none
omp,3,1000,30,6,static,close,1,10,25.261889,1180.449,18.887,nan,nan,249276035.6,2215,none
omp,2,256,100,8,static,spread,1,15,0.508856,3220.375,51.526,nan,nan,26040196.52,2090,none
omp,2,1000,30,48,dynamic,close,1,2,10.508843,2837.645,45.402,nan,nan,249276035.6,2284,none
omp,2,256,100,1,dynamic,close,1,10,1.266010,1294.387,20.710,nan,nan,26040196.52,2830,none
omp,2,96,2000,8,static,false,1,8,0.163942,10132.662,162.123,nan,nan,10583177.5,2653,none
omp,1,1000,30,16,static,false,0,1,14.436794,2065.581,33.049,nan,nan,249276035.6,2467,none
omp,3,256,100,1,dynamic,close,1,5,1.330925,1231.254,19.700,nan,nan,26040196.52,1911,none
omp,3,96,2000,2,dynamic,spread,1,2,2.842247,584.456,9.351,nan,nan,10583177.5,1996,none
omp,3,256,100,48,static,spread,0,1,0.575072,2849.568,45.593,nan,nan,26040196.52,2808,none
omp,2,256,100,12,dynamic,spread,0,14,0.705395,2323.106,37.170,nan,nan,26040196.52,2693,none
omp,1,256,100,48,static,false,0,1,0.680664,2407.510,38.520,nan,nan,26040196.52,3495,none
omp,1,96,2000,16,static,close,1,9,0.073786,22513.258,360.212,nan,nan,10583177.5,3152,none
omp,2,1000,30,12,static,spread,1,7,14.624785,2039.029,32.624,nan,nan,249276035.6,2051,none
omp,3,256,100,8,static,close,1,4,0.694471,2359.648,37.754,nan,nan,26040196.52,2227,none
omp,3,1000,30,1,static,close,0,13,26.181272,1138.996,18.224,nan,nan,249276035.6,1913,none
omp,1,96,2000,12,static,false,1,7,0.178703,9295.702,148.731,nan,nan,10583177.5,2242,none
omp,1,1000,30,2,static,close,1,13,22.959954,1298.799,20.781,nan,nan,249276035.6,1980,none
omp,1,1000,30,1,static,spread,1,15,25.752145,1157.976,18.528,nan,nan,249276035.6,1923,none
omp,1,256,100,1,dynamic,close,0,7,1.312552,1248.489,19.976,nan,nan,26040196.52,1866,none
omp,3,96,2000,48,static,spread,1,4,0.063602,26118.200,417.891,nan,nan,10583177.5,3731,none
omp,2,1000,30,4,static,close,1,3,24.085145,1238.122,19.810,1708.530,nan,249276035.6,2295,perf-pkg
omp,2,96,2000,48,dynamic,false,0,14,0.619622,2680.938,42.895,nan,nan,10583177.5,4001,none
omp,3,256,100,12,dynamic,false,1,7,1.076774,1521.867,24.350,nan,nan,26040196.52,2533,none
omp,2,1000,30,24,static,close,0,4,14.984084,1990.136,31.842,nan,nan,249276035.6,2210,none
omp,1,96,2000,48,static,false,0,11,0.570488,2911.839,46.589,nan,nan,10583177.5,3671,none
omp,1,96,2000,1,dynamic,spread,1,6,0.703216,2362.245,37.796,nan,nan,10583177.5,2947,none
omp,2,96,2000,8,dynamic,spread,0,6,0.811088,2048.074,32.769,nan,nan,10583177.5,2895,none
omp,2,256,100,24,static,spread,1,4,0.546551,2998.270,47.972,nan,nan,26040196.52,2762,none
omp,1,96,2000,2,static,spread,1,15,0.365285,4547.595,72.762,nan,nan,10583177.5,2878,none
omp,2,1000,30,1,static,false,0,13,25.863614,1152.985,18.448,nan,nan,249276035.6,2021,none
omp,3,96,2000,6,static,spread,0,15,0.162330,10233.251,163.732,nan,nan,10583177.5,2203,none
omp,1,256,100,2,dynamic,false,1,3,0.907220,1806.294,28.901,nan,nan,26040196.52,2019,none
omp,3,96,2000,6,dynamic,spread,1,3,1.837614,903.981,14.464,nan,nan,10583177.5,2140,none
omp,1,96,2000,6,static,close,1,14,0.124776,13313.195,213.011,nan,nan,10583177.5,2302,none
omp,2,256,100,2,static,close,0,5,0.859188,1907.274,30.516,nan,nan,26040196.52,2390,none
omp,1,96,2000,6,dynamic,false,0,9,0.886691,1873.446,29.975,nan,nan,10583177.5,2289,none
omp,1,1000,30,2,static,false,1,13,16.217831,1838.739,29.420,nan,nan,249276035.6,1922,none
omp,3,96,2000,24,static,close,1,3,0.067142,24741.093,395.857,nan,nan,10583177.5,3094,none
omp,1,1000,30,2,static,false,1,2,16.332403,1825.840,29.213,nan,nan,249276035.6,2061,none
omp,2,96,2000,12,dynamic,spread,1,11,0.755448,2198.916,35.183,nan,nan,10583177.5,2394,none
omp,3,1000,30,1,dynamic,spread,1,3,25.982119,1147.726,18.364,nan,nan,249276035.6,2012,none
omp,2,1000,30,2,dynamic,spread,1,6,17.487056,1705.282,27.285,nan,nan,249276035.6,1945,none
omp,3,1000,30,8,static,spread,0,6,13.958311,2136.387,34.182,nan,nan,249276035.6,2067,none
omp,1,256,100,8,static,false,1,6,0.517743,3165.094,50.642,nan,nan,26040196.52,2268,none
omp,1,256,100,16,static,false,1,15,0.539656,3036.578,48.585,nan,nan,26040196.52,2175,none
omp,2,256,100,24,static,spread,0,5,0.533384,3072.281,49.156,nan,nan,26040196.52,2555,none
omp,1,1000,30,1,static,false,0,8,26.354438,1131.512,18.104,nan,nan,249276035.6,1917,none
omp,2,1000,30,12,dynamic,close,1,1,11.582569,2574.589,41.193,nan,nan,249276035.6,2319,none
omp,3,96,2000,1,static,spread,0,4,0.743259,2234.980,35.760,nan,nan,10583177.5,2308,none
omp,1,96,2000,4,static,false,0,1,0.215770,7698.777,123.180,nan,nan,10583177.5,2253,none
omp,2,256,100,12,static,close,0,8,0.579268,2828.927,45.263,nan,nan,26040196.52,2100,none
omp,3,256,100,6,dynamic,close,0,6,0.819147,2000.502,32.008,nan,nan,26040196.52,2067,none
omp,3,1000,30,4,static,close,0,10,23.827867,1251.491,20.024,nan,nan,249276035.6,1960,none
omp,1,1000,30,8,static,spread,0,1,13.929171,2140.857,34.254,nan,nan,249276035.6,1990,none
omp,2,96,2000,2,dynamic,close,1,12,0.428543,3876.320,62.021,nan,nan,10583177.5,2137,none
omp,2,1000,30,12,dynamic,false,1,7,11.211422,2659.820,42.557,nan,nan,249276035.6,2080,none
omp,2,1000,30,8,static,spread,0,8,13.966121,2135.193,34.163,nan,nan,249276035.6,2134,none
omp,2,256,100,24,static,spread,0,7,0.537859,3046.723,48.748,nan,nan,26040196.52,2763,none
omp,1,96,2000,2,static,spread,1,9,0.368592,4506.788,72.109,nan,nan,10583177.5,2423,none
omp,2,1000,30,12,dynamic,close,0,4,11.666484,2556.071,40.897,nan,nan,249276035.6,2229,none
omp,1,96,2000,16,static,false,0,5,0.218104,7616.408,121.863,nan,nan,10583177.5,2693,none
omp,3,96,2000,8,static,false,0,3,0.167750,9902.654,158.442,nan,nan,10583177.5,2820,none
omp,3,96,2000,2,static,false,0,2,0.385204,4312.441,68.999,nan,nan,10583177.5,2411,none
omp,1,1000,30,6,static,false,0,11,13.874324,2149.320,34.389,nan,nan,249276035.6,2118,none
omp,2,96,2000,12,dynamic,false,0,12,0.783155,2121.122,33.938,nan,nan,10583177.5,2501,none
omp,2,256,100,6,static,false,0,9,0.479909,3414.622,54.634,nan,nan,26040196.52,2151,none
omp,2,256,100,2,dynamic,false,1,12,0.847988,1932.465,30.919,nan,nan,26040196.52,2203,none
omp,3,256,100,4,static,false,1,3,0.548356,2988.399,47.814,nan,nan,26040196.52,2250,none
omp,3,256,100,2,dynamic,close,0,14,1.461410,1121.319,17.941,nan,nan,26040196.52,1991,none
omp,1,256,100,1,dynamic,close,0,1,1.270731,1289.578,20.633,nan,nan,26040196.52,1914,none
omp,1,1000,30,6,dynamic,spread,1,15,13.309606,2240.514,35.848,nan,nan,249276035.6,1897,none
omp,2,96,2000,1,static,false,1,6,0.695518,2388.391,38.214,nan,nan,10583177.5,2024,none
omp,1,1000,30,12,dynamic,false,0,2,10.883506,2739.959,43.839,nan,nan,249276035.6,2068,none
omp,3,256,100,12,static,false,1,13,0.523982,3127.410,50.039,nan,nan,26040196.52,2470,none
omp,3,1000,30,16,static,close,0,4,15.949764,1869.643,29.914,nan,nan,249276035.6,2454,none
omp,3,96,2000,8,dynamic,close,0,12,1.148199,1446.759,23.148,nan,nan,10583177.5,2387,none
omp,2,256,100,24,dynamic,spread,1,10,0.616778,2656.881,42.510,nan,nan,26040196.52,2421,none
omp,2,256,100,2,dynamic,close,0,12,0.840014,1950.808,31.213,nan,nan,26040196.52,2858,none
omp,3,1000,30,24,dynamic,close,0,14,15.110331,1973.508,31.576,nan,nan,249276035.6,2352,none
omp,3,1000,30,1,dynamic,spread,0,5,25.979832,1147.827,18.365,nan,nan,249276035.6,1833,none
omp,2,256,100,4,dynamic,spread,0,4,1.208314,1356.192,21.699,nan,nan,26040196.52,1961,none
omp,1,96,2000,1,dynamic,false,0,6,0.698132,2379.447,38.071,nan,nan,10583177.5,1923,none
omp,3,96,2000,2,static,close,1,14,0.366830,4528.438,72.455,nan,nan,10583177.5,1982,none
omp,2,256,100,8,dynamic,close,0,10,0.636899,2572.944,41.167,nan,nan,26040196.52,2174,none
omp,2,1000,30,8,static,spread,1,14,14.469677,2060.886,32.974,nan,nan,249276035.6,2127,none
omp,1,96,2000,8,dynamic,spread,0,6,0.915923,1813.654,29.018,nan,nan,10583177.5,2286,none
omp,3,1000,30,16,dynamic,close,0,1,14.361418,2076.422,33.223,nan,nan,249276035.6,2114,none
omp,1,96,2000,4,static,false,1,7,0.217141,7650.177,122.403,nan,nan,10583177.5,2490,none
omp,2,96,2000,12,dynamic,spread,0,12,0.749985,2214.936,35.439,nan,nan,10583177.5,2484,none
omp,1,1000,30,48,static,spread,1,11,15.546468,1918.144,30.690,nan,nan,249276035.6,2966,none
omp,2,1000,30,2,static,spread,0,3,16.239398,1836.297,29.381,nan,nan,249276035.6,1878,none
omp,2,96,2000,24,static,spread,1,13,0.067607,24571.011,393.136,nan,nan,10583177.5,2670,none
omp,3,1000,30,16,dynamic,spread,0,4,15.447686,1930.410,30.887,nan,nan,249276035.6,2110,none
omp,1,256,100,4,dynamic,spread,1,6,1.210151,1354.134,21.666,nan,nan,26040196.52,2029,none
omp,3,256,100,48,dynamic,spread,1,3,0.920803,1779.650,28.474,nan,nan,26040196.52,3286,none
omp,1,96,2000,4,static,false,0,15,0.218065,7617.751,121.884,nan,nan,10583177.5,3179,none
omp,3,256,100,24,dynamic,false,1,6,0.911048,1798.705,28.779,nan,nan,26040196.52,2237,none
omp,2,1000,30,1,static,spread,1,6,25.888586,1151.873,18.430,nan,nan,249276035.6,1987,none
omp,3,256,100,4,dynamic,close,1,15,0.938336,1746.397,27.942,nan,nan,26040196.52,1980,none
omp,1,1000,30,1,static,false,1,11,25.721524,1159.354,18.550,nan,nan,249276035.6,2011,none
omp,3,256,100,6,static,spread,1,12,0.471270,3477.216,55.635,nan,nan,26040196.52,1960,none
omp,1,256,100,12,static,spread,0,1,0.513307,3192.451,51.079,nan,nan,26040196.52,1865,none
omp,3,96,2000,24,dynamic,close,1,10,0.900902,1843.893,29.502,nan,nan,10583177.5,3074,none
omp,3,96,2000,6,dynamic,spread,0,7,1.676505,990.852,15.854,nan,nan,10583177.5,2487,none
omp,2,1000,30,12,dynamic,false,1,9,11.212353,2659.599,42.554,nan,nan,249276035.6,2043,none
omp,3,1000,30,4,static,false,1,14,13.517472,2206.060,35.297,nan,nan,249276035.6,1940,none
omp,2,256,100,4,dynamic,spread,1,1,1.227307,1335.205,21.363,nan,nan,26040196.52,2035,none
omp,1,256,100,1,static,false,1,6,1.217619,1345.829,21.533,nan,nan,26040196.52,2044,none
omp,1,256,100,1,dynamic,false,0,7,1.315130,1246.041,19.937,nan,nan,26040196.52,1956,none
omp,2,96,2000,4,dynamic,spread,1,8,1.007151,1649.373,26.390,nan,nan,10583177.5,2072,none
omp,2,96,2000,48,static,spread,0,3,0.063224,26274.253,420.388,nan,nan,10583177.5,3872,none
omp,1,256,100,8,static,false,0,14,0.516587,3172.177,50.755,nan,nan,26040196.52,2595,none
omp,3,96,2000,6,static,close,1,9,0.128613,12916.060,206.657,nan,nan,10583177.5,2905,none
omp,3,1000,30,2,dynamic,spread,0,14,23.822621,1251.767,20.028,nan,nan,249276035.6,1954,none
omp,2,1000,30,12,dynamic,false,1,1,11.208277,2660.566,42.569,nan,nan,249276035.6,2558,none
omp,1,96,2000,16,static,false,0,13,0.214112,7758.396,124.134,nan,nan,10583177.5,2516,none
omp,2,1000,30,8,static,spread,1,13,14.449436,2063.773,33.020,nan,nan,249276035.6,2279,none
omp,2,96,2000,8,static,close,0,11,0.122538,13556.402,216.902,nan,nan,10583177.5,2457,none
omp,1,1000,30,12,static,close,0,13,16.857893,1768.926,28.303,nan,nan,249276035.6,2039,none
omp,1,256,100,2,static,false,1,3,0.863833,1897.017,30.352,nan,nan,26040196.52,2223,none
omp,1,256,100,2,static,spread,0,4,0.771329,2124.523,33.992,nan,nan,26040196.52,2104,none
omp,3,1000,30,4,static,close,0,5,23.896676,1247.887,19.966,nan,nan,249276035.6,1984,none
omp,3,1000,30,16,dynamic,false,1,7,16.743994,1780.959,28.495,nan,nan,249276035.6,1918,none
omp,2,256,100,6,dynamic,close,1,4,0.794076,2063.666,33.019,nan,nan,26040196.52,2215,none
omp,2,256,100,1,dynamic,close,0,15,1.310326,1250.609,20.010,nan,nan,26040196.52,1898,none
omp,2,256,100,16,static,spread,1,14,0.534797,3064.166,49.027,nan,nan,26040196.52,2117,none
omp,2,96,2000,2,static,spread,1,4,0.367126,4524.789,72.397,nan,nan,10583177.5,2441,none
omp,1,256,100,24,dynamic,close,1,3,0.605813,2704.972,43.280,nan,nan,26040196.52,3146,none
omp,2,1000,30,24,dynamic,spread,0,2,10.452989,2852.807,45.645,nan,nan,249276035.6,2226,none
omp,3,256,100,48,static,close,0,14,0.571078,2869.495,45.912,nan,nan,26040196.52,2900,none
omp,2,96,2000,8,static,spread,1,4,0.117397,14149.966,226.399,nan,nan,10583177.5,3426,none
omp,2,96,2000,12,dynamic,spread,1,15,0.741079,2241.553,35.865,nan,nan,10583177.5,3148,none
omp,3,256,100,1,dynamic,false,0,7,1.689069,970.183,15.523,nan,nan,26040196.52,1880,none
omp,2,256,100,2,static,close,1,1,0.813649,2014.021,32.224,90.480,nan,26040196.52,2406,perf-pkg
omp,1,256,100,2,static,spread,1,15,0.718274,2281.450,36.503,nan,nan,26040196.52,1985,none
omp,2,256,100,1,dynamic,close,0,2,1.188119,1379.244,22.068,nan,nan,26040196.52,1981,none
omp,2,1000,30,2,dynamic,spread,1,11,17.515864,1702.477,27.240,nan,nan,249276035.6,1955,none
omp,1,1000,30,2,dynamic,close,0,7,16.426115,1815.424,29.047,nan,nan,249276035.6,1856,none
omp,2,1000,30,2,static,false,0,4,16.158788,1845.458,29.527,nan,nan,249276035.6,1978,none
omp,2,256,100,8,dynamic,false,1,9,0.936696,1749.454,27.991,nan,nan,26040196.52,1966,none
omp,3,256,100,48,static,spread,1,10,0.586870,2792.280,44.676,nan,nan,26040196.52,2849,none
omp,2,96,2000,24,dynamic,spread,1,9,0.685096,2424.724,38.796,nan,nan,10583177.5,2950,none
omp,2,1000,30,2,static,false,0,11,16.288040,1830.813,29.293,nan,nan,249276035.6,1877,none
omp,2,96,2000,6,dynamic,spread,1,6,0.877952,1892.095,30.274,nan,nan,10583177.5,2389,none
omp,2,96,2000,8,static,close,1,15,0.111679,14874.518,237.992,108.980,nan,10583177.5,2132,perf-pkg
omp,2,256,100,1,static,false,0,15,1.309940,1250.978,20.016,nan,nan,26040196.52,2186,none
omp,1,1000,30,6,static,false,0,8,13.871346,2149.781,34.396,nan,nan,249276035.6,2145,none
omp,3,1000,30,24,dynamic,spread,0,1,15.105025,1974.201,31.587,nan,nan,249276035.6,2172,none
omp,3,256,100,4,static,spread,0,11,0.565321,2898.716,46.379,nan,nan,26040196.52,2544,none
omp,3,256,100,6,dynamic,spread,1,6,1.354216,1210.078,19.361,nan,nan,26040196.52,2127,none
omp,2,1000,30,4,dynamic,close,1,11,16.171001,1844.064,29.505,nan,nan,249276035.6,2018,none
omp,1,1000,30,2,static,spread,0,1,16.077371,1854.803,29.677,nan,nan,249276035.6,1919,none
omp,3,256,100,24,dynamic,close,0,2,0.898094,1824.650,29.194,nan,nan,26040196.52,2349,none
omp,1,96,2000,24,dynamic,close,0,9,0.656604,2529.939,40.479,nan,nan,10583177.5,2937,none
omp,3,96,2000,1,static,spread,1,5,0.725403,2289.992,36.640,nan,nan,10583177.5,2496,none
omp,2,256,100,1,dynamic,false,0,9,1.459136,1123.066,17.969,nan,nan,26040196.52,2044,none
omp,3,96,2000,2,dynamic,false,0,9,2.776482,598.300,9.573,nan,nan,10583177.5,1892,none
omp,2,1000,30,8,static,close,0,6,20.840496,1430.885,22.894,nan,nan,249276035.6,2102,none
seq,2,1000,30,1,static,false,0,14,25.436089,1172.364,18.758,nan,nan,249276035.6,2096,none
omp,1,256,100,48,static,close,1,6,0.591540,2770.237,44.324,nan,nan,26040196.52,2455,none
omp,3,256,100,6,static,false,1,12,0.475908,3443.329,55.093,nan,nan,26040196.52,2409,none
omp,2,256,100,1,static,false,1,13,1.258757,1301.845,20.830,nan,nan,26040196.52,2309,none
omp,3,1000,30,2,dynamic,false,0,15,24.226128,1230.917,19.695,nan,nan,249276035.6,1914,none
omp,3,1000,30,16,static,close,1,12,15.962780,1868.118,29.890,nan,nan,249276035.6,2348,none
omp,3,1000,30,2,dynamic,close,0,15,19.711305,1512.856,24.206,nan,nan,249276035.6,1976,none
omp,2,96,2000,1,static,spread,0,14,0.731452,2271.054,36.337,nan,nan,10583177.5,2006,none
omp,2,96,2000,2,static,false,0,5,0.367018,4526.126,72.418,nan,nan,10583177.5,1931,none
omp,1,96,2000,12,dynamic,false,1,4,0.718933,2310.602,36.970,nan,nan,10583177.5,2526,none
omp,3,96,2000,16,static,close,0,13,0.073355,22645.522,362.328,nan,nan,10583177.5,2840,none
omp,2,96,2000,16,dynamic,spread,0,14,0.688578,2412.463,38.599,nan,nan,10583177.5,2605,none
omp,3,96,2000,12,static,close,1,1,0.083188,19968.865,319.502,nan,nan,10583177.5,3101,none
omp,3,1000,30,12,static,false,0,1,14.220308,2097.026,33.552,nan,nan,249276035.6,2063,none
omp,2,1000,30,24,static,close,1,4,15.183671,1963.976,31.424,1969.750,nan,249276035.6,2560,perf-pkg
omp,2,256,100,12,static,false,1,5,0.541786,3024.640,48.394,nan,nan,26040196.52,2839,none
omp,3,96,2000,48,static,false,1,7,0.516098,3218.704,51.499,nan,nan,10583177.5,3941,none
omp,1,96,2000,48,dynamic,close,0,10,0.753499,2204.605,35.274,nan,nan,10583177.5,3250,none
omp,1,1000,30,12,dynamic,spread,0,13,10.918184,2731.256,43.700,nan,nan,249276035.6,2158,none
omp,1,96,2000,4,dynamic,false,0,10,1.023935,1622.337,25.957,nan,nan,10583177.5,2302,none
omp,2,96,2000,6,dynamic,spread,0,7,0.848587,1957.569,31.321,nan,nan,10583177.5,2152,none
omp,2,96,2000,2,static,spread,0,14,0.372434,4460.301,71.365,nan,nan,10583177.5,2203,none
omp,3,1000,30,16,dynamic,spread,1,3,16.863984,1768.287,28.293,nan,nan,249276035.6,2211,none
omp,3,256,100,4,dynamic,spread,1,15,1.713426,956.392,15.302,nan,nan,26040196.52,2324,none
omp,3,96,2000,12,static,false,1,1,0.183769,9039.460,144.631,nan,nan,10583177.5,2443,none
omp,1,96,2000,6,dynamic,spread,0,3,0.973306,1706.727,27.308,nan,nan,10583177.5,2203,none
omp,2,96,2000,4,static,close,1,3,0.180440,9206.216,147.299,127.010,nan,10583177.5,2540,perf-pkg
omp,1,96,2000,4,dynamic,spread,0,9,1.124277,1477.543,23.641,nan,nan,10583177.5,2093,none
omp,1,1000,30,24,dynamic,spread,1,13,10.412805,2863.816,45.821,nan,nan,249276035.6,2459,none
omp,3,256,100,24,static,close,1,7,0.540344,3032.708,48.523,nan,nan,26040196.52,3104,none
omp,1,96,2000,2,dynamic,false,0,3,1.208686,1374.359,21.990,nan,nan,10583177.5,2788,none
omp,2,1000,30,4,static,false,0,11,12.844092,2321.718,37.147,nan,nan,249276035.6,1976,none
omp,2,96,2000,4,dynamic,close,0,5,0.247350,6715.862,107.454,nan,nan,10583177.5,2230,none
omp,1,96,2000,24,static,close,0,9,0.072019,23065.814,369.053,nan,nan,10583177.5,3006,none
omp,1,96,2000,6,static,close,0,1,0.123316,13470.811,215.533,nan,nan,10583177.5,2801,none
omp,1,256,100,12,dynamic,false,1,9,0.797876,2053.837,32.861,nan,nan,26040196.52,2716,none
omp,1,256,100,24,static,close,1,6,0.539955,3034.893,48.558,nan,nan,26040196.52,3065,none
omp,1,96,2000,16,static,false,1,7,0.239075,6948.321,111.173,nan,nan,10583177.5,2702,none
omp,3,256,100,2,dynamic,close,0,5,1.489390,1100.253,17.604,nan,nan,26040196.52,2111,none
omp,1,256,100,12,dynamic,spread,1,15,0.706023,2321.037,37.137,nan,nan,26040196.52,2098,none
omp,2,1000,30,4,static,spread,1,9,13.477974,2212.525,35.400,nan,nan,249276035.6,2046,none
omp,2,1000,30,24,static,false,1,10,15.183582,1963.987,31.424,nan,nan,249276035.6,2075,none
omp,3,96,2000,4,dynamic,false,1,3,2.279855,728.629,11.658,nan,nan,10583177.5,2116,none
omp,2,96,2000,24,static,close,1,6,0.067898,24465.618,391.450,126.540,nan,10583177.5,2438,perf-pkg
omp,1,256,100,1,dynamic,spread,1,5,1.411763,1160.752,18.572,nan,nan,26040196.52,2564,none
omp,2,256,100,6,static,close,0,12,0.824991,1986.332,31.781,nan,nan,26040196.52,2177,none
omp,1,96,2000,16,static,false,1,14,0.213192,7791.872,124.670,nan,nan,10583177.5,2240,none
omp,2,256,100,16,static,false,1,10,0.538274,3044.373,48.710,nan,nan,26040196.52,2180,none
omp,2,1000,30,4,dynamic,false,0,10,14.539620,2050.972,32.816,nan,nan,249276035.6,1931,none
omp,1,1000,30,6,static,spread,1,8,14.300471,2085.271,33.364,nan,nan,249276035.6,1817,none
omp,3,256,100,12,static,spread,1,12,0.527562,3106.189,49.699,nan,nan,26040196.52,2265,none
omp,3,256,100,24,static,close,1,2,0.533610,3070.979,49.136,nan,nan,26040196.52,2511,none
omp,1,256,100,48,dynamic,false,0,7,0.622428,2632.765,42.124,nan,nan,26040196.52,3676,none
omp,3,256,100,24,dynamic,close,0,7,0.877387,1867.712,29.883,nan,nan,26040196.52,2777,none
omp,1,1000,30,1,dynamic,spread,1,9,25.763152,1157.481,18.520,nan,nan,249276035.6,2050,none
omp,2,1000,30,48,static,false,0,11,15.371716,1939.950,31.039,nan,nan,249276035.6,2675,none
omp,2,96,2000,1,static,close,1,13,0.706742,2350.460,37.607,58.120,nan,10583177.5,2255,perf-pkg
omp,1,1000,30,48,static,close,0,13,15.370442,1940.111,31.042,nan,nan,249276035.6,2501,none
omp,2,96,2000,6,static,spread,0,3,0.158639,10471.341,167.541,nan,nan,10583177.5,3314,none
omp,3,96,2000,48,static,spread,1,11,0.063087,26331.326,421.301,nan,nan,10583177.5,3912,none
omp,2,96,2000,2,static,spread,0,12,0.366708,4529.942,72.479,nan,nan,10583177.5,3240,none
omp,2,256,100,24,static,spread,0,3,0.533096,3073.941,49.183,nan,nan,26040196.52,2816,none
omp,2,1000,30,16,dynamic,close,0,3,10.432538,2858.399,45.734,nan,nan,249276035.6,2272,none
omp,2,256,100,6,dynamic,false,0,13,0.897275,1826.315,29.221,nan,nan,26040196.52,1858,none
omp,2,256,100,12,dynamic,close,0,3,0.625493,2619.864,41.918,nan,nan,26040196.52,2134,none
omp,3,256,100,1,dynamic,close,0,11,1.232476,1329.605,21.274,nan,nan,26040196.52,2058,none
omp,3,256,100,24,static,false,0,14,0.553099,2962.772,47.404,nan,nan,26040196.52,2450,none
omp,2,1000,30,8,static,spread,0,5,13.880582,2148.351,34.374,nan,nan,249276035.6,2251,none
omp,3,1000,30,48,static,spread,1,9,15.512437,1922.352,30.758,nan,nan,249276035.6,2753,none
omp,3,96,2000,2,static,spread,1,8,0.383548,4331.054,69.297,nan,nan,10583177.5,3157,none
omp,3,1000,30,12,static,false,1,12,14.628861,2038.461,32.615,nan,nan,249276035.6,2004,none
omp,1,96,2000,6,dynamic,false,1,11,0.882674,1881.973,30.112,nan,nan,10583177.5,2301,none
omp,3,256,100,12,static,spread,0,7,0.513708,3189.960,51.039,nan,nan,26040196.52,2322,none
omp,2,256,100,8,static,close,1,3,0.695274,2356.921,37.711,131.860,nan,26040196.52,2422,perf-pkg
omp,2,256,100,2,static,close,1,14,0.887272,1846.903,29.550,91.590,nan,26040196.52,2399,perf-pkg
omp,2,1000,30,6,dynamic,close,1,7,16.786126,1776.489,28.424,nan,nan,249276035.6,2226,none
omp,3,96,2000,1,static,spread,0,15,0.762096,2179.735,34.876,nan,nan,10583177.5,2288,none
omp,3,256,100,8,static,spread,1,4,0.513305,3192.463,51.079,nan,nan,26040196.52,2358,none
omp,2,1000,30,6,dynamic,false,0,3,12.704974,2347.140,37.554,nan,nan,249276035.6,2099,none
omp,2,1000,30,12,static,spread,0,5,14.229279,2095.704,33.531,nan,nan,249276035.6,2097,none
omp,1,1000,30,8,static,false,0,10,13.900488,2145.274,34.324,nan,nan,249276035.6,2178,none
omp,1,256,100,8,dynamic,false,0,6,0.925624,1770.380,28.326,nan,nan,26040196.52,2258,none
omp,1,96,2000,48,dynamic,close,1,12,0.591274,2809.471,44.952,nan,nan,10583177.5,3172,none
omp,1,1000,30,2,dynamic,spread,1,5,17.515081,1702.553,27.241,nan,nan,249276035.6,2107,none
omp,2,1000,30,48,static,close,1,13,15.522472,1921.109,30.738,2122.320,nan,249276035.6,2480,perf-pkg
omp,2,96,2000,8,dynamic,false,0,7,0.782383,2123.217,33.971,nan,nan,10583177.5,2239,none
omp,1,256,100,8,dynamic,spread,0,1,0.969245,1690.703,27.051,nan,nan,26040196.52,2271,none
omp,1,1000,30,1,dynamic,spread,1,1,25.810224,1155.370,18.486,nan,nan,249276035.6,2004,none
omp,2,96,2000,8,dynamic,spread,0,7,0.787251,2110.086,33.761,nan,nan,10583177.5,2346,none
omp,1,256,100,48,dynamic,close,0,2,0.622927,2630.656,42.090,nan,nan,26040196.52,2880,none
omp,2,1000,30,6,dynamic,spread,0,11,12.717160,2344.891,37.518,nan,nan,249276035.6,1996,none
omp,3,256,100,6,static,close,1,6,0.823025,1991.076,31.857,nan,nan,26040196.52,2159,none
omp,2,96,2000,12,static,spread,1,5,0.086421,19221.768,307.548,nan,nan,10583177.5,2260,none
omp,3,1000,30,24,static,false,1,8,15.181046,1964.315,31.429,nan,nan,249276035.6,2544,none
omp,2,256,100,24,dynamic,spread,1,6,0.606907,2700.094,43.202,nan,nan,26040196.52,2873,none
omp,1,1000,30,48,static,false,0,8,15.351050,1942.562,31.081,nan,nan,249276035.6,2258,none
omp,1,96,2000,8,static,spread,1,5,0.116270,14287.203,228.595,nan,nan,10583177.5,3656,none
omp,3,96,2000,16,static,false,1,12,0.222119,7478.729,119.660,nan,nan,10583177.5,3229,none
omp,3,96,2000,48,static,false,0,7,0.532899,3117.228,49.876,nan,nan,10583177.5,3691,none
omp,2,1000,30,12,static,false,0,13,14.235639,2094.768,33.516,nan,nan,249276035.6,1993,none
omp,3,96,2000,16,dynamic,false,1,13,1.051672,1579.549,25.273,nan,nan,10583177.5,2255,none
omp,2,96,2000,24,static,false,0,2,0.320319,5185.988,82.976,nan,nan,10583177.5,3111,none
omp,3,1000,30,1,dynamic,false,0,1,26.493687,1125.565,18.009,nan,nan,249276035.6,1900,none
omp,2,1000,30,16,static,close,0,12,15.987050,1865.282,29.845,nan,nan,249276035.6,2234,none
omp,1,256,100,24,dynamic,spread,1,10,0.606721,2700.922,43.215,nan,nan,26040196.52,2555,none
omp,1,256,100,24,static,false,0,13,0.557092,2941.534,47.065,nan,nan,26040196.52,2382,none
omp,2,1000,30,48,static,close,0,9,15.339597,1944.012,31.104,nan,nan,249276035.6,2781,none
omp,1,1000,30,2,static,spread,1,4,16.250357,1835.059,29.361,nan,nan,249276035.6,2024,none
omp,1,256,100,1,dynamic,spread,0,8,1.268782,1291.559,20.665,nan,nan,26040196.52,1910,none
omp,1,256,100,48,dynamic,close,0,4,0.702994,2331.040,37.297,nan,nan,26040196.52,2376,none
omp,2,1000,30,4,static,false,1,2,13.459036,2215.639,35.450,nan,nan,249276035.6,1857,none
omp,2,1000,30,4,static,close,0,2,23.860379,1249.786,19.997,nan,nan,249276035.6,1895,none
omp,3,96,2000,16,static,close,0,15,0.075588,21976.650,351.626,nan,nan,10583177.5,2794,none
omp,2,256,100,1,dynamic,spread,1,14,1.225348,1337.340,21.397,nan,nan,26040196.52,2103,none
omp,2,256,100,16,dynamic,close,1,15,0.598885,2736.264,43.780,nan,nan,26040196.52,2660,none
omp,3,256,100,4,dynamic,false,1,13,1.642679,997.582,15.961,nan,nan,26040196.52,1931,none
omp,3,96,2000,12,static,close,1,13,0.083846,19812.043,316.993,nan,nan,10583177.5,2425,none
omp,3,256,100,8,dynamic,false,0,9,1.127431,1453.487,23.256,nan,nan,26040196.52,2099,none
omp,3,96,2000,12,static,spread,1,7,0.087194,19051.502,304.824,nan,nan,10583177.5,2227,none
omp,3,96,2000,6,dynamic,spread,1,15,1.746466,951.160,15.219,nan,nan,10583177.5,2088,none
omp,2,256,100,6,static,spread,0,8,0.475653,3445.172,55.123,nan,nan,26040196.52,2009,none
omp,3,256,100,24,dynamic,spread,1,3,0.913644,1793.594,28.698,nan,nan,26040196.52,2343,none
omp,3,256,100,6,dynamic,false,1,8,1.446400,1132.955,18.127,nan,nan,26040196.52,2383,none
omp,2,1000,30,12,dynamic,close,0,10,11.680757,2552.948,40.847,nan,nan,249276035.6,2009,none
omp,1,256,100,16,dynamic,false,1,5,0.641168,2555.815,40.893,nan,nan,26040196.52,2191,none
omp,1,96,2000,12,static,false,1,10,0.181642,9145.292,146.325,nan,nan,10583177.5,2424,none
omp,1,96,2000,24,dynamic,close,1,8,0.645992,2571.498,41.144,nan,nan,10583177.5,3083,none
omp,3,1000,30,12,static,close,0,3,16.881444,1766.458,28.263,nan,nan,249276035.6,2295,none
omp,2,1000,30,24,static,false,0,8,14.890803,2002.603,32.042,nan,nan,249276035.6,2279,none
omp,3,96,2000,12,static,spread,1,1,0.087762,18928.090,302.849,nan,nan,10583177.5,2936,none
omp,3,1000,30,48,dynamic,false,1,9,16.640588,1792.026,28.672,nan,nan,249276035.6,2359,none
omp,3,96,2000,24,static,false,0,11,0.314073,5289.118,84.626,nan,nan,10583177.5,3747,none
omp,1,256,100,2,dynamic,close,0,10,0.838917,1953.358,31.254,nan,nan,26040196.52,2311,none
omp,2,96,2000,24,static,close,1,11,0.064820,25627.360,410.038,125.740,nan,10583177.5,2873,perf-pkg
omp,2,96,2000,48,dynamic,false,0,11,0.613485,2707.758,43.324,nan,nan,10583177.5,3484,none
omp,2,256,100,16,dynamic,spread,0,11,0.636651,2573.949,41.183,nan,nan,26040196.52,2501,none
omp,3,256,100,4,static,close,1,12,0.790340,2073.419,33.175,nan,nan,26040196.52,2767,none
omp,1,96,2000,12,dynamic,spread,1,4,0.718629,2311.580,36.985,nan,nan,10583177.5,1993,none
omp,2,96,2000,8,static,close,0,13,0.110532,15028.778,240.460,nan,nan,10583177.5,2777,none
omp,2,1000,30,2,dynamic,spread,0,13,16.910906,1763.380,28.214,nan,nan,249276035.6,1955,none
omp,2,1000,30,4,static,false,1,10,13.480062,2212.183,35.395,nan,nan,249276035.6,2053,none
omp,3,256,100,48,static,close,1,14,0.573823,2855.769,45.692,nan,nan,26040196.52,2703,none
omp,1,96,2000,24,dynamic,false,1,6,0.650681,2552.967,40.847,nan,nan,10583177.5,3131,none
omp,3,256,100,6,static,false,0,3,0.476136,3441.680,55.067,nan,nan,26040196.52,2921,none
omp,3,256,100,1,static,spread,0,4,2.127366,770.298,12.325,nan,nan,26040196.52,1985,none
omp,2,1000,30,8,dynamic,close,0,7,11.997820,2485.481,39.768,nan,nan,249276035.6,2340,none
omp,1,256,100,8,dynamic,close,0,4,0.635240,2579.663,41.275,nan,nan,26040196.52,2112,none
omp,2,256,100,6,dynamic,false,1,10,0.909501,1801.764,28.828,nan,nan,26040196.52,2065,none
omp,2,96,2000,12,dynamic,close,1,6,0.623008,2666.366,42.662,nan,nan,10583177.5,2509,none
omp,2,96,2000,1,static,false,1,7,0.691656,2401.724,38.428,nan,nan,10583177.5,2338,none
omp,2,96,2000,1,dynamic,spread,1,2,0.698088,2379.598,38.074,nan,nan,10583177.5,2222,none
omp,3,256,100,2,static,false,1,12,0.718681,2280.158,36.483,nan,nan,26040196.52,1859,none
omp,2,256,100,12,dynamic,spread,1,1,0.691552,2369.607,37.914,nan,nan,26040196.52,2280,none
omp,1,256,100,48,static,close,0,1,0.597499,2742.611,43.882,nan,nan,26040196.52,2374,none
omp,2,96,2000,8,static,spread,1,6,0.116598,14246.981,227.952,nan,nan,10583177.5,3612,none
omp,2,96,2000,6,dynamic,close,0,12,0.188243,8824.604,141.194,nan,nan,10583177.5,3421,none
omp,1,1000,30,24,static,false,1,5,15.196094,1962.370,31.398,nan,nan,249276035.6,2629,none
omp,1,1000,30,6,dynamic,close,0,5,16.767931,1778.416,28.455,nan,nan,249276035.6,2229,none
omp,3,256,100,48,dynamic,false,1,12,1.046209,1566.328,25.061,nan,nan,26040196.52,3463,none
omp,3,256,100,16,static,close,0,6,0.550840,2974.920,47.599,nan,nan,26040196.52,3071,none
omp,1,1000,30,16,static,false,1,6,14.787823,2016.548,32.265,nan,nan,249276035.6,2149,none
omp,1,1000,30,16,dynamic,close,0,4,10.398037,2867.884,45.886,nan,nan,249276035.6,2192,none
omp,2,96,2000,6,dynamic,close,1,4,0.188409,8816.830,141.069,nan,nan,10583177.5,2573,none
omp,1,256,100,48,dynamic,spread,1,15,0.620033,2642.933,42.287,nan,nan,26040196.52,3018,none
omp,1,96,2000,8,dynamic,close,1,7,0.654764,2537.047,40.593,nan,nan,10583177.5,3276,none
omp,1,256,100,8,static,false,1,5,0.522303,3137.465,50.199,nan,nan,26040196.52,2949,none
omp,3,96,2000,48,static,false,0,10,0.517227,3211.680,51.387,nan,nan,10583177.5,3732,none
omp,1,1000,30,4,static,spread,1,1,13.509503,2207.362,35.318,nan,nan,249276035.6,2182,none
omp,2,256,100,8,dynamic,false,1,10,0.932629,1757.084,28.113,nan,nan,26040196.52,2140,none
omp,1,96,2000,4,dynamic,close,0,6,0.238714,6958.815,111.341,nan,nan,10583177.5,2325,none
omp,2,256,100,8,static,spread,0,10,0.513358,3192.132,51.074,nan,nan,26040196.52,2321,none
omp,1,1000,30,1,dynamic,false,0,8,26.027417,1145.729,18.332,nan,nan,249276035.6,2039,none
omp,2,1000,30,8,static,false,1,2,14.478344,2059.653,32.954,nan,nan,249276035.6,1949,none
omp,1,96,2000,1,dynamic,spread,0,10,0.698307,2378.850,38.062,nan,nan,10583177.5,2201,none
omp,3,1000,30,1,static,spread,1,2,25.783611,1156.563,18.505,nan,nan,249276035.6,1955,none
omp,2,96,2000,6,static,spread,0,4,0.158876,10455.759,167.292,nan,nan,10583177.5,2196,none
omp,1,96,2000,4,dynamic,false,0,8,1.039794,1597.594,25.561,nan,nan,10583177.5,1923,none
omp,3,1000,30,24,static,close,0,9,14.863399,2006.295,32.101,nan,nan,249276035.6,2120,none
omp,2,256,100,4,static,false,1,9,0.566948,2890.400,46.246,nan,nan,26040196.52,2050,none
omp,3,96,2000,24,static,spread,1,1,0.067798,24501.725,392.028,nan,nan,10583177.5,2512,none
omp,1,1000,30,48,dynamic,close,1,13,10.628674,2805.652,44.890,nan,nan,249276035.6,3324,none
omp,1,256,100,2,static,spread,0,6,0.812881,2015.924,32.255,nan,nan,26040196.52,3079,none
omp,3,96,2000,48,static,spread,0,4,0.066176,25102.090,401.633,nan,nan,10583177.5,3706,none
omp,3,96,2000,24,static,spread,0,9,0.068493,24252.987,388.048,nan,nan,10583177.5,3600,none
omp,2,256,100,48,dynamic,spread,0,12,0.633971,2584.829,41.357,nan,nan,26040196.52,2916,none
omp,2,256,100,6,dynamic,spread,1,8,0.897428,1826.003,29.216,nan,nan,26040196.52,3283,none
omp,2,96,2000,48,dynamic,spread,0,7,0.617943,2688.220,43.012,nan,nan,10583177.5,2806,none
omp,1,256,100,24,static,close,0,5,0.534310,3066.956,49.071,nan,nan,26040196.52,3348,none
omp,3,1000,30,4,static,spread,0,1,13.016996,2290.879,36.654,nan,nan,249276035.6,2075,none
omp,1,96,2000,12,dynamic,close,1,1,0.612892,2710.375,43.366,nan,nan,10583177.5,2586,none
omp,3,1000,30,24,dynamic,false,1,3,16.728930,1782.562,28.521,nan,nan,249276035.6,2289,none
omp,2,256,100,6,static,spread,1,7,0.476149,3441.581,55.065,nan,nan,26040196.52,2916,none
omp,2,96,2000,48,static,close,1,1,0.061115,27181.033,434.897,131.890,nan,10583177.5,2800,perf-pkg
omp,1,96,2000,24,dynamic,false,0,15,0.655022,2536.048,40.577,nan,nan,10583177.5,3339,none
omp,3,256,100,48,static,false,0,13,0.606070,2703.824,43.261,nan,nan,26040196.52,3531,none
omp,1,256,100,12,dynamic,false,0,2,0.785377,2086.521,33.384,nan,nan,26040196.52,2779,none
omp,2,96,2000,12,dynamic,false,1,10,0.719423,2309.028,36.944,nan,nan,10583177.5,2565,none
omp,1,1000,30,1,static,false,1,2,25.900542,1151.341,18.421,nan,nan,249276035.6,2044,none
omp,1,1000,30,12,static,spread,0,13,14.227249,2096.003,33.536,nan,nan,249276035.6,1927,none
omp,3,1000,30,16,static,false,1,9,14.787978,2016.527,32.264,nan,nan,249276035.6,2002,none
omp,1,256,100,8,static,spread,0,10,0.521180,3144.226,50.308,nan,nan,26040196.52,2394,none
omp,2,96,2000,24,static,false,1,3,0.318484,5215.855,83.454,nan,nan,10583177.5,2843,none
omp,1,1000,30,2,static,spread,1,12,16.273348,1832.466,29.319,nan,nan,249276035.6,2036,none
omp,1,1000,30,24,dynamic,false,0,1,10.396460,2868.319,45.893,nan,nan,249276035.6,2131,none
omp,3,256,100,24,dynamic,spread,0,11,0.980059,1672.049,26.753,nan,nan,26040196.52,2707,none
omp,3,1000,30,48,static,spread,0,11,15.367444,1940.489,31.048,nan,nan,249276035.6,2633,none
omp,3,256,100,8,dynamic,close,1,3,0.913566,1793.747,28.700,nan,nan,26040196.52,2227,none
omp,2,1000,30,8,static,close,1,15,20.903195,1426.593,22.825,1696.760,nan,249276035.6,2214,perf-pkg
omp,3,1000,30,12,static,close,0,6,16.874380,1767.197,28.275,nan,nan,249276035.6,2097,none
omp,1,1000,30,12,dynamic,false,0,12,10.932109,2727.778,43.644,nan,nan,249276035.6,2120,none
omp,2,1000,30,48,dynamic,close,0,15,10.506395,2838.306,45.413,nan,nan,249276035.6,3282,none
omp,2,256,100,4,static,close,0,3,0.786207,2084.320,33.349,nan,nan,26040196.52,2964,none
omp,1,96,2000,2,static,false,0,10,0.369308,4498.060,71.969,nan,nan,10583177.5,2610,none
omp,1,96,2000,6,static,spread,0,7,0.159375,10423.040,166.769,nan,nan,10583177.5,2694,none
omp,1,96,2000,16,dynamic,spread,0,8,0.737329,2252.953,36.047,nan,nan,10583177.5,2942,none
omp,1,256,100,2,static,spread,1,8,0.763570,2146.111,34.338,nan,nan,26040196.52,2376,none
omp,2,256,100,8,static,spread,1,10,0.513618,3190.516,51.048,nan,nan,26040196.52,2278,none
omp,3,256,100,48,dynamic,close,1,3,0.989501,1656.094,26.498,nan,nan,26040196.52,3053,none
omp,2,256,100,2,static,spread,1,12,0.798571,2052.048,32.833,nan,nan,26040196.52,2862,none
omp,3,1000,30,6,dynamic,false,1,3,18.191713,1639.228,26.228,nan,nan,249276035.6,2062,none
omp,2,1000,30,24,dynamic,close,0,1,10.446023,2854.709,45.675,nan,nan,249276035.6,2349,none
omp,1,1000,30,24,dynamic,close,0,12,10.448023,2854.163,45.667,nan,nan,249276035.6,2131,none
omp,2,1000,30,16,dynamic,close,0,6,10.424753,2860.534,45.769,nan,nan,249276035.6,2267,none
omp,3,256,100,24,dynamic,spread,0,6,0.900889,1818.989,29.104,nan,nan,26040196.52,2828,none
omp,1,1000,30,16,static,spread,1,11,16.280144,1831.701,29.307,nan,nan,249276035.6,2074,none
omp,2,1000,30,24,dynamic,false,1,11,10.409999,2864.588,45.833,nan,nan,249276035.6,2126,none
omp,2,256,100,4,static,spread,0,8,0.549430,2982.556,47.721,nan,nan,26040196.52,2402,none
omp,2,1000,30,4,dynamic,spread,0,1,14.520977,2053.606,32.858,nan,nan,249276035.6,1958,none
omp,2,1000,30,12,static,false,0,7,14.182919,2102.555,33.641,nan,nan,249276035.6,2268,none
omp,2,96,2000,16,dynamic,spread,1,10,0.668855,2483.599,39.738,nan,nan,10583177.5,2622,none
omp,2,1000,30,16,dynamic,false,0,9,10.703570,2786.020,44.576,nan,nan,249276035.6,1841,none
omp,2,96,2000,12,static,close,0,6,0.083540,19884.701,318.155,nan,nan,10583177.5,2392,none
omp,2,96,2000,2,dynamic,close,0,9,0.430967,3854.513,61.672,nan,nan,10583177.5,2225,none
omp,3,1000,30,16,static,false,1,10,14.795386,2015.517,32.248,nan,nan,249276035.6,2264,none
omp,1,96,2000,48,dynamic,false,1,9,0.840204,1977.100,31.634,nan,nan,10583177.5,3026,none
omp,2,96,2000,6,static,false,0,2,0.173810,9557.379,152.918,nan,nan,10583177.5,3291,none
omp,3,96,2000,12,static,false,0,14,0.185311,8964.209,143.427,nan,nan,10583177.5,3189,none
omp,1,96,2000,48,static,close,1,2,0.071915,23099.063,369.585,nan,nan,10583177.5,3116,none
omp,2,256,100,2,dynamic,false,0,10,0.896849,1827.182,29.235,nan,nan,26040196.52,2776,none
omp,2,96,2000,1,static,spread,0,9,0.692941,2397.272,38.356,nan,nan,10583177.5,2657,none
omp,1,256,100,16,static,spread,1,8,0.540470,3032.003,48.512,nan,nan,26040196.52,2655,none
omp,3,96,2000,1,dynamic,spread,1,4,0.881725,1883.999,30.144,nan,nan,10583177.5,1956,none
omp,3,256,100,24,static,close,1,11,0.537558,3048.426,48.775,nan,nan,26040196.52,2499,none
omp,1,1000,30,16,static,false,0,2,14.494838,2057.309,32.917,nan,nan,249276035.6,2168,none
omp,1,96,2000,8,dynamic,false,1,8,0.806032,2060.920,32.975,nan,nan,10583177.5,2725,none
omp,3,1000,30,1,static,spread,0,1,25.926432,1150.191,18.403,nan,nan,249276035.6,1883,none
omp,2,1000,30,2,static,spread,0,2,16.234508,1836.850,29.390,nan,nan,249276035.6,1841,none
omp,2,1000,30,24,dynamic,close,0,13,10.445845,2854.758,45.676,nan,nan,249276035.6,2670,none
omp,1,96,2000,12,static,spread,1,2,0.087149,19061.272,304.980,nan,nan,10583177.5,3196,none
omp,1,1000,30,16,dynamic,false,1,3,10.795178,2762.378,44.198,nan,nan,249276035.6,2124,none
omp,3,256,100,2,dynamic,spread,1,2,2.057513,796.450,12.743,nan,nan,26040196.52,1859,none
omp,1,96,2000,24,dynamic,spread,0,10,0.655520,2534.121,40.546,nan,nan,10583177.5,3026,none
omp,2,256,100,6,static,false,1,5,0.509842,3214.144,51.426,nan,nan,26040196.52,2354,none
omp,1,96,2000,12,dynamic,spread,1,1,0.696705,2384.322,38.149,nan,nan,10583177.5,2441,none
omp,3,256,100,8,static,false,0,14,0.510855,3207.773,51.324,nan,nan,26040196.52,2311,none
omp,3,96,2000,2,dynamic,close,1,4,0.945421,1757.067,28.113,nan,nan,10583177.5,2122,none
omp,3,96,2000,6,dynamic,close,1,14,0.511122,3250.045,52.001,nan,nan,10583177.5,2254,none
omp,2,96,2000,48,static,false,0,5,0.527188,3150.995,50.416,nan,nan,10583177.5,3917,none
omp,1,256,100,12,static,spread,0,13,0.515578,3178.385,50.854,nan,nan,26040196.52,2749,none
omp,1,256,100,48,static,close,0,11,0.597566,2742.301,43.877,nan,nan,26040196.52,2597,none
omp,2,256,100,16,static,spread,1,5,0.540963,3029.239,48.468,nan,nan,26040196.52,2780,none
omp,1,96,2000,16,dynamic,spread,0,7,0.662657,2506.830,40.109,nan,nan,10583177.5,2062,none
omp,2,256,100,2,dynamic,close,0,11,0.844315,1940.870,31.054,nan,nan,26040196.52,2244,none
omp,2,96,2000,2,dynamic,false,0,4,1.192283,1393.266,22.292,nan,nan,10583177.5,2280,none
omp,3,256,100,12,dynamic,false,0,9,0.974536,1681.524,26.904,nan,nan,26040196.52,2403,none
omp,2,96,2000,48,dynamic,spread,0,13,0.720009,2307.148,36.914,nan,nan,10583177.5,3965,none
omp,3,96,2000,24,dynamic,false,0,4,0.934025,1778.504,28.456,nan,nan,10583177.5,2829,none
omp,1,1000,30,16,dynamic,spread,1,5,10.842877,2750.226,44.004,nan,nan,249276035.6,2108,none
omp,3,256,100,1,dynamic,false,0,10,1.400444,1170.133,18.722,nan,nan,26040196.52,2241,none
omp,1,96,2000,48,dynamic,spread,1,10,0.591135,2810.132,44.962,nan,nan,10583177.5,3804,none
omp,2,256,100,1,dynamic,close,1,7,1.285893,1274.373,20.390,nan,nan,26040196.52,2605,none
omp,2,1000,30,2,static,close,1,14,22.966316,1298.439,20.775,1749.090,nan,249276035.6,2391,perf-pkg
omp,1,256,100,6,static,close,1,4,0.823372,1990.237,31.844,nan,nan,26040196.52,2128,none
omp,1,96,2000,16,dynamic,spread,1,3,0.685090,2424.743,38.796,nan,nan,10583177.5,2870,none
omp,2,96,2000,16,static,close,0,4,0.073559,22582.666,361.323,nan,nan,10583177.5,3249,none
omp,2,96,2000,2,dynamic,close,1,1,0.433353,3833.288,61.333,nan,nan,10583177.5,2418,none
omp,2,1000,30,4,dynamic,false,1,15,15.440087,1931.360,30.902,nan,nan,249276035.6,1875,none
omp,1,96,2000,24,dynamic,false,1,3,0.673222,2467.491,39.480,nan,nan,10583177.5,2383,none
omp,3,1000,30,2,static,close,0,5,22.766500,1309.835,20.957,nan,nan,249276035.6,1910,none
omp,3,1000,30,12,static,false,1,14,14.651890,2035.257,32.564,nan,nan,249276035.6,2031,none
omp,3,1000,30,8,static,close,1,7,20.887447,1427.669,22.843,nan,nan,249276035.6,2139,none
omp,3,96,2000,48,static,spread,1,9,0.066164,25106.689,401.707,nan,nan,10583177.5,3627,none
omp,3,256,100,24,static,spread,1,8,0.545616,3003.405,48.054,nan,nan,26040196.52,2966,none
omp,1,1000,30,8,static,spread,0,15,14.002494,2129.646,34.074,nan,nan,249276035.6,1977,none
omp,2,256,100,8,dynamic,spread,0,15,0.937110,1748.681,27.979,nan,nan,26040196.52,2177,none
seq,2,1000,30,1,static,false,0,9,26.043726,1145.011,18.320,nan,nan,249276035.6,1857,none
omp,1,1000,30,8,static,spread,1,5,14.452349,2063.357,33.014,nan,nan,249276035.6,1947,none
omp,2,256,100,8,static,close,1,13,0.697204,2350.397,37.606,132.500,nan,26040196.52,2163,perf-pkg
omp,2,1000,30,8,dynamic,spread,1,10,12.140758,2456.219,39.300,nan,nan,249276035.6,1912,none
omp,2,256,100,2,static,close,0,1,0.852157,1923.011,30.768,nan,nan,26040196.52,2148,none
omp,1,96,2000,8,dynamic,false,1,12,0.826882,2008.954,32.143,nan,nan,10583177.5,1964,none
omp,2,96,2000,1,dynamic,spread,1,5,0.695230,2389.378,38.230,nan,nan,10583177.5,2125,none
omp,3,96,2000,8,dynamic,spread,1,1,1.518003,1094.312,17.509,nan,nan,10583177.5,2097,none
omp,1,1000,30,4,static,close,0,2,23.922484,1246.541,19.945,nan,nan,249276035.6,2094,none
omp,2,96,2000,48,dynamic,close,1,5,0.719803,2307.810,36.925,nan,nan,10583177.5,3878,none
omp,3,96,2000,1,static,close,0,11,0.729488,2277.169,36.435,nan,nan,10583177.5,2835,none
omp,2,96,2000,2,dynamic,false,0,10,1.190474,1395.384,22.326,nan,nan,10583177.5,2796,none
omp,3,256,100,2,static,close,0,3,0.842001,1946.205,31.139,nan,nan,26040196.52,2659,none
omp,3,256,100,16,dynamic,close,0,10,0.850396,1926.993,30.832,nan,nan,26040196.52,2908,none
omp,2,1000,30,6,dynamic,close,0,3,16.793128,1775.748,28.412,nan,nan,249276035.6,2120,none
omp,1,1000,30,24,dynamic,false,0,2,10.452877,2852.838,45.645,nan,nan,249276035.6,1983,none
omp,1,256,100,16,static,spread,1,11,0.536350,3055.296,48.885,nan,nan,26040196.52,2575,none
omp,1,96,2000,12,dynamic,false,0,2,0.735429,2258.774,36.140,nan,nan,10583177.5,2564,none
omp,1,1000,30,16,dynamic,close,1,6,10.496791,2840.903,45.454,nan,nan,249276035.6,2258,none
omp,2,1000,30,48,dynamic,spread,0,14,10.642486,2802.011,44.832,nan,nan,249276035.6,2954,none
omp,1,256,100,4,static,spread,1,10,0.545315,3005.065,48.081,nan,nan,26040196.52,3086,none
omp,2,1000,30,12,static,spread,0,3,14.248894,2092.819,33.485,nan,nan,249276035.6,2009,none
omp,1,256,100,8,static,spread,0,2,0.504816,3246.148,51.938,nan,nan,26040196.52,1994,none
omp,2,1000,30,48,dynamic,spread,0,13,10.636138,2803.683,44.859,nan,nan,249276035.6,2823,none
omp,2,1000,30,6,dynamic,false,1,13,13.315733,2239.483,35.832,nan,nan,249276035.6,1974,none
omp,3,96,2000,6,dynamic,close,0,15,0.518056,3206.538,51.305,nan,nan,10583177.5,2205,none
omp,2,256,100,48,dynamic,spread,0,8,0.606725,2700.906,43.214,nan,nan,26040196.52,2892,none
omp,3,96,2000,4,static,false,0,9,0.232735,7137.591,114.201,nan,nan,10583177.5,3095,none
omp,3,1000,30,1,dynamic,false,1,14,26.395459,1129.753,18.076,nan,nan,249276035.6,1976,none
omp,1,1000,30,1,dynamic,close,0,13,25.799022,1155.872,18.494,nan,nan,249276035.6,1889,none
omp,3,96,2000,24,dynamic,false,0,15,0.908576,1828.321,29.253,nan,nan,10583177.5,2768,none
omp,1,96,2000,16,static,close,0,1,0.074714,22233.637,355.738,nan,nan,10583177.5,2547,none
omp,3,1000,30,1,dynamic,close,1,10,26.006688,1146.642,18.346,nan,nan,249276035.6,1857,none
omp,2,256,100,6,dynamic,close,0,3,0.791572,2070.193,33.123,nan,nan,26040196.52,2113,none
omp,2,1000,30,4,static,close,0,8,24.016272,1241.673,19.867,nan,nan,249276035.6,2000,none
omp,3,256,100,24,static,close,0,15,0.530240,3090.499,49.448,nan,nan,26040196.52,2569,none
omp,3,1000,30,24,static,spread,1,1,15.190799,1963.054,31.409,nan,nan,249276035.6,2081,none
omp,2,256,100,6,dynamic,spread,0,2,0.919527,1782.119,28.514,nan,nan,26040196.52,2489,none
omp,1,1000,30,48,dynamic,close,0,14,10.591371,2815.533,45.049,nan,nan,249276035.6,2805,none
omp,1,1000,30,2,dynamic,spread,0,6,16.880681,1766.538,28.265,nan,nan,249276035.6,1877,none
omp,2,1000,30,8,static,false,0,3,13.890146,2146.872,34.350,nan,nan,249276035.6,2197,none
omp,3,1000,30,6,static,false,0,8,13.961157,2135.952,34.175,nan,nan,249276035.6,1960,none
omp,2,256,100,1,dynamic,close,1,1,1.256557,1304.124,20.866,nan,nan,26040196.52,1977,none
omp,3,1000,30,4,static,close,1,15,24.063449,1239.239,19.828,nan,nan,249276035.6,2044,none
omp,2,96,2000,4,dynamic,spread,0,9,0.988991,1679.660,26.875,nan,nan,10583177.5,2098,none
omp,3,256,100,4,static,close,0,9,0.786451,2083.672,33.339,nan,nan,26040196.52,1999,none
omp,1,96,2000,12,dynamic,false,1,12,0.720650,2305.097,36.882,nan,nan,10583177.5,2349,none
omp,3,96,2000,16,dynamic,false,0,15,1.047683,1585.563,25.369,nan,nan,10583177.5,2834,none
omp,1,96,2000,2,dynamic,close,1,7,0.430476,3858.911,61.743,nan,nan,10583177.5,2420,none
omp,2,1000,30,12,dynamic,spread,1,11,11.208673,2660.472,42.568,nan,nan,249276035.6,2006,none
omp,1,256,100,48,static,close,1,4,0.595526,2751.697,44.027,nan,nan,26040196.52,2992,none
omp,2,256,100,24,dynamic,false,1,12,0.615652,2661.740,42.588,nan,nan,26040196.52,3213,none
omp,2,256,100,16,dynamic,close,0,4,0.602325,2720.634,43.530,nan,nan,26040196.52,2292,none
omp,3,256,100,24,dynamic,false,0,4,0.951043,1723.063,27.569,nan,nan,26040196.52,2327,none
omp,3,256,100,2,static,false,0,11,0.866329,1891.551,30.265,nan,nan,26040196.52,2411,none
omp,1,1000,30,8,dynamic,false,1,8,12.138663,2456.643,39.306,nan,nan,249276035.6,2136,none
omp,1,1000,30,2,static,false,0,15,16.118879,1850.027,29.600,nan,nan,249276035.6,2005,none
omp,3,256,100,1,static,close,0,14,1.323657,1238.015,19.808,nan,nan,26040196.52,2081,none
omp,3,1000,30,12,static,close,1,1,16.810720,1773.889,28.382,nan,nan,249276035.6,2184,none
omp,2,1000,30,48,dynamic,false,1,15,10.571754,2820.758,45.132,nan,nan,249276035.6,2333,none
omp,3,1000,30,24,dynamic,false,0,9,15.130900,1970.825,31.533,nan,nan,249276035.6,2457,none
omp,3,1000,30,2,dynamic,spread,0,4,23.789086,1253.531,20.056,nan,nan,249276035.6,2163,none
omp,1,96,2000,1,dynamic,spread,0,4,0.700653,2370.884,37.934,nan,nan,10583177.5,1925,none
omp,3,1000,30,16,static,close,0,1,15.953346,1869.223,29.908,nan,nan,249276035.6,2632,none
omp,3,1000,30,1,dynamic,spread,1,10,26.057992,1144.384,18.310,nan,nan,249276035.6,1899,none
omp,2,1000,30,1,static,spread,0,1,25.830789,1154.450,18.471,nan,nan,249276035.6,1880,none
omp,2,96,2000,24,dynamic,spread,0,14,0.681949,2435.914,38.975,nan,nan,10583177.5,2865,none
omp,2,256,100,24,dynamic,false,0,13,0.608604,2692.564,43.081,nan,nan,26040196.52,2542,none
omp,3,1000,30,24,dynamic,false,0,13,15.111770,1973.320,31.573,nan,nan,249276035.6,2172,none
omp,3,1000,30,2,static,false,1,13,16.285933,1831.050,29.297,nan,nan,249276035.6,1917,none
omp,3,256,100,6,static,spread,0,13,0.474978,3450.069,55.201,nan,nan,26040196.52,1956,none
omp,2,256,100,12,static,close,0,5,0.576694,2841.554,45.465,nan,nan,26040196.52,2314,none
omp,2,96,2000,8,dynamic,spread,0,3,0.769569,2158.569,34.537,nan,nan,10583177.5,2122,none
omp,2,96,2000,1,static,close,1,3,0.692691,2398.137,38.370,58.930,nan,10583177.5,2555,perf-pkg
omp,2,96,2000,12,dynamic,spread,1,7,0.732677,2267.260,36.276,nan,nan,10583177.5,2502,none
omp,3,96,2000,16,static,close,1,9,0.072993,22757.773,364.124,nan,nan,10583177.5,2340,none
omp,3,96,2000,4,static,false,1,2,0.221473,7500.534,120.009,nan,nan,10583177.5,2539,none
omp,3,96,2000,2,static,false,1,15,0.382087,4347.615,69.562,nan,nan,10583177.5,2279,none
omp,2,256,100,48,dynamic,close,0,13,0.722567,2267.897,36.286,nan,nan,26040196.52,2855,none
omp,3,256,100,4,static,close,1,11,0.793531,2065.082,33.041,nan,nan,26040196.52,2137,none
omp,2,96,2000,6,dynamic,spread,1,7,0.898195,1849.451,29.591,nan,nan,10583177.5,2466,none
omp,3,96,2000,4,static,spread,0,3,0.226694,7327.783,117.245,nan,nan,10583177.5,2296,none
omp,1,1000,30,6,static,spread,1,10,14.301893,2085.064,33.361,nan,nan,249276035.6,2027,none
omp,2,1000,30,1,dynamic,false,1,2,25.945746,1149.335,18.389,nan,nan,249276035.6,1955,none
omp,1,1000,30,6,dynamic,false,0,3,12.747665,2339.280,37.428,nan,nan,249276035.6,1979,none
omp,2,256,100,16,dynamic,spread,0,5,0.646827,2533.454,40.535,nan,nan,26040196.52,2240,none
omp,2,256,100,12,dynamic,close,1,7,0.624819,2622.688,41.963,nan,nan,26040196.52,2431,none
omp,2,96,2000,6,dynamic,close,0,10,0.188139,8829.470,141.272,nan,nan,10583177.5,2731,none
omp,3,96,2000,24,dynamic,false,0,7,0.917328,1810.876,28.974,nan,nan,10583177.5,2600,none
omp,1,1000,30,2,dynamic,close,1,14,16.741855,1781.186,28.499,nan,nan,249276035.6,2026,none
omp,3,96,2000,48,static,false,0,3,0.521713,3184.067,50.945,nan,nan,10583177.5,3290,none
omp,1,256,100,6,dynamic,spread,1,4,0.938047,1746.933,27.951,nan,nan,26040196.52,2630,none
omp,1,1000,30,1,static,spread,0,10,25.750646,1158.043,18.529,nan,nan,249276035.6,1932,none
omp,3,1000,30,16,static,close,1,3,15.956622,1868.839,29.901,nan,nan,249276035.6,2359,none
omp,1,96,2000,4,dynamic,false,0,9,1.001518,1658.651,26.538,nan,nan,10583177.5,2288,none
omp,1,256,100,4,static,false,1,1,0.564637,2902.228,46.436,nan,nan,26040196.52,2295,none
omp,2,96,2000,8,dynamic,close,0,3,0.682817,2432.816,38.925,nan,nan,10583177.5,2168,none
omp,1,256,100,1,static,spread,1,8,1.217339,1346.138,21.538,nan,nan,26040196.52,1932,none
omp,1,1000,30,48,dynamic,close,1,7,10.579083,2818.804,45.101,nan,nan,249276035.6,2972,none
omp,3,1000,30,24,static,false,0,4,14.902064,2001.089,32.017,nan,nan,249276035.6,2583,none
omp,2,1000,30,16,dynamic,close,0,7,10.410114,2864.557,45.833,nan,nan,249276035.6,2391,none
omp,3,1000,30,24,dynamic,spread,1,11,16.715890,1783.953,28.543,nan,nan,249276035.6,2768,none
omp,1,256,100,2,dynamic,spread,1,10,0.895055,1830.845,29.294,nan,nan,26040196.52,2314,none
omp,1,1000,30,4,dynamic,close,1,2,16.161006,1845.204,29.523,nan,nan,249276035.6,1952,none
omp,2,256,100,6,static,spread,0,11,0.475062,3449.460,55.191,nan,nan,26040196.52,2168,none
omp,3,256,100,48,dynamic,spread,1,5,0.920242,1780.735,28.492,nan,nan,26040196.52,3719,none
omp,3,256,100,12,static,close,1,9,0.581111,2819.953,45.119,nan,nan,26040196.52,2635,none
omp,3,96,2000,6,dynamic,spread,1,11,1.734254,957.858,15.326,nan,nan,10583177.5,2418,none
omp,1,256,100,2,static,close,0,2,0.823378,1990.224,31.844,nan,nan,26040196.52,2276,none
omp,2,1000,30,48,static,spread,1,5,15.517823,1921.684,30.747,nan,nan,249276035.6,2616,none
omp,1,1000,30,6,dynamic,close,1,15,16.582041,1798.353,28.774,nan,nan,249276035.6,1882,none
omp,3,256,100,8,static,spread,0,6,0.519528,3154.223,50.468,nan,nan,26040196.52,2220,none
omp,2,256,100,12,dynamic,close,1,14,0.619771,2644.052,42.305,nan,nan,26040196.52,2340,none
omp,2,1000,30,2,static,close,1,2,22.984127,1297.433,20.759,1732.880,nan,249276035.6,2054,perf-pkg
omp,3,256,100,2,dynamic,false,0,9,2.109599,776.786,12.429,nan,nan,26040196.52,1927,none
omp,2,1000,30,24,static,false,1,8,15.210587,1960.500,31.368,nan,nan,249276035.6,2429,none
omp,3,1000,30,12,static,false,1,1,14.636374,2037.414,32.599,nan,nan,249276035.6,2190,none
omp,1,1000,30,2,static,false,0,5,16.082271,1854.238,29.668,nan,nan,249276035.6,2006,none
omp,3,256,100,4,dynamic,spread,0,10,1.672598,979.737,15.676,nan,nan,26040196.52,1940,none
omp,3,256,100,8,dynamic,close,0,11,0.893785,1833.446,29.335,nan,nan,26040196.52,2102,none
omp,1,96,2000,48,static,false,1,13,0.546464,3039.849,48.638,nan,nan,10583177.5,3005,none
omp,1,256,100,48,static,spread,1,9,0.602729,2718.810,43.501,nan,nan,26040196.52,2991,none
omp,1,1000,30,16,dynamic,false,0,15,10.674895,2793.504,44.696,nan,nan,249276035.6,2203,none
omp,3,1000,30,16,static,false,0,5,14.454788,2063.009,33.008,nan,nan,249276035.6,2085,none
omp,1,256,100,8,dynamic,close,1,8,0.636111,2576.133,41.218,nan,nan,26040196.52,2240,none
omp,2,96,2000,4,static,spread,1,7,0.215886,7694.669,123.115,nan,nan,10583177.5,2368,none
omp,2,96,2000,8,dynamic,false,0,8,0.859008,1933.822,30.941,nan,nan,10583177.5,2249,none
omp,2,96,2000,8,static,false,1,5,0.163659,10150.197,162.403,nan,nan,10583177.5,2514,none
omp,1,96,2000,4,dynamic,spread,1,8,1.029097,1614.200,25.827,nan,nan,10583177.5,2163,none
omp,3,256,100,48,static,spread,1,13,0.566558,2892.388,46.278,nan,nan,26040196.52,3879,none
omp,3,256,100,48,dynamic,close,1,7,0.988170,1658.325,26.533,nan,nan,26040196.52,3474,none
omp,1,1000,30,6,static,spread,1,1,14.311493,2083.665,33.339,nan,nan,249276035.6,2201,none
omp,2,1000,30,48,static,spread,0,7,15.361318,1941.263,31.060,nan,nan,249276035.6,2516,none
omp,1,96,2000,6,dynamic,close,1,13,0.188954,8791.382,140.662,nan,nan,10583177.5,3293,none
omp,3,96,2000,48,static,close,0,7,0.066311,25051.159,400.819,nan,nan,10583177.5,3817,none
omp,1,1000,30,8,dynamic,false,1,11,12.147860,2454.783,39.277,nan,nan,249276035.6,2013,none
omp,2,1000,30,24,dynamic,false,0,6,10.450384,2853.518,45.656,nan,nan,249276035.6,2462,none
omp,3,1000,30,6,dynamic,false,0,11,16.735554,1781.857,28.510,nan,nan,249276035.6,1977,none
omp,3,256,100,12,static,close,0,13,0.579216,2829.182,45.267,nan,nan,26040196.52,2146,none
omp,3,256,100,6,dynamic,false,1,3,1.362955,1202.318,19.237,nan,nan,26040196.52,2111,none
omp,3,1000,30,48,static,close,1,12,15.499359,1923.974,30.784,nan,nan,249276035.6,2963,none
omp,2,96,2000,48,dynamic,close,1,9,0.598028,2777.745,44.444,nan,nan,10583177.5,3347,none
omp,2,256,100,16,static,close,1,6,0.551081,2973.621,47.578,110.950,nan,26040196.52,3166,perf-pkg
omp,2,256,100,6,dynamic,close,0,7,0.798683,2051.761,32.828,nan,nan,26040196.52,2224,none
omp,3,1000,30,48,dynamic,close,0,5,14.790606,2016.169,32.259,nan,nan,249276035.6,2804,none
omp,2,256,100,48,static,spread,1,8,0.594271,2757.506,44.120,nan,nan,26040196.52,3331,none
omp,1,96,2000,6,static,close,1,10,0.124746,13316.356,213.062,nan,nan,10583177.5,3384,none
omp,3,256,100,16,dynamic,spread,0,1,0.933883,1754.723,28.076,nan,nan,26040196.52,2604,none
omp,2,1000,30,6,static,spread,1,13,14.277793,2088.583,33.417,nan,nan,249276035.6,1990,none
omp,1,96,2000,4,static,false,1,11,0.215945,7692.551,123.081,nan,nan,10583177.5,2135,none
omp,3,1000,30,6,static,close,0,8,25.230045,1181.938,18.911,nan,nan,249276035.6,2224,none
omp,2,96,2000,2,static,close,0,2,0.349188,4757.226,76.116,nan,nan,10583177.5,1967,none
omp,2,1000,30,16,static,close,1,15,15.996361,1864.197,29.827,1795.590,nan,249276035.6,2166,perf-pkg
omp,2,1000,30,6,dynamic,false,1,7,13.335041,2236.241,35.780,nan,nan,249276035.6,2111,none
omp,3,256,100,48,static,close,0,10,0.581075,2820.131,45.122,nan,nan,26040196.52,3745,none
omp,1,256,100,12,dynamic,spread,0,3,0.792040,2068.968,33.103,nan,nan,26040196.52,2228,none
seq,2,96,2000,1,static,false,1,10,0.704053,2359.436,37.751,nan,nan,10583177.5,2256,none
omp,1,96,2000,48,dynamic,spread,0,5,0.638876,2600.141,41.602,nan,nan,10583177.5,3139,none
omp,2,96,2000,48,static,false,0,3,0.547077,3036.441,48.583,nan,nan,10583177.5,3666,none
omp,1,96,2000,2,dynamic,false,1,5,1.267176,1310.921,20.975,nan,nan,10583177.5,3074,none
omp,2,96,2000,24,dynamic,spread,0,4,0.708178,2345.693,37.531,nan,nan,10583177.5,3020,none
omp,3,1000,30,1,dynamic,false,0,7,26.130185,1141.223,18.260,nan,nan,249276035.6,2009,none
omp,2,1000,30,48,dynamic,close,0,3,10.566091,2822.270,45.156,nan,nan,249276035.6,3550,none
omp,3,1000,30,16,static,close,1,11,15.937758,1871.051,29.937,nan,nan,249276035.6,2242,none
omp,2,96,2000,2,static,false,1,2,0.369097,4500.626,72.010,nan,nan,10583177.5,2435,none
omp,1,96,2000,2,dynamic,spread,1,15,1.223249,1357.997,21.728,nan,nan,10583177.5,2431,none
omp,1,1000,30,8,dynamic,close,1,9,11.985198,2488.099,39.810,nan,nan,249276035.6,2098,none
omp,1,96,2000,12,static,close,1,12,0.084909,19564.139,313.026,nan,nan,10583177.5,2716,none
omp,3,256,100,1,dynamic,close,0,3,1.764860,928.519,14.856,nan,nan,26040196.52,2013,none
omp,1,96,2000,4,dynamic,close,0,4,0.245468,6767.362,108.278,nan,nan,10583177.5,2181,none
omp,1,256,100,6,dynamic,close,0,13,0.797085,2055.874,32.894,nan,nan,26040196.52,1970,none
omp,2,96,2000,24,dynamic,spread,1,12,0.663738,2502.747,40.044,nan,nan,10583177.5,2557,none
omp,2,96,2000,4,static,close,0,1,0.180822,9186.764,146.988,nan,nan,10583177.5,2998,none
omp,1,1000,30,16,static,spread,0,10,16.097901,1852.438,29.639,nan,nan,249276035.6,2028,none
omp,1,1000,30,16,static,close,1,9,16.014938,1862.034,29.793,nan,nan,249276035.6,2162,none
omp,3,1000,30,4,dynamic,close,0,3,17.447797,1709.119,27.346,nan,nan,249276035.6,1841,none
seq,2,96,2000,1,static,false,0,4,0.698692,2377.538,38.041,nan,nan,10583177.5,1957,none
omp,3,96,2000,1,dynamic,close,0,15,0.876425,1895.390,30.326,nan,nan,10583177.5,1925,none
omp,2,256,100,1,static,false,0,2,1.323348,1238.304,19.813,nan,nan,26040196.52,2088,none
omp,1,96,2000,8,dynamic,false,1,6,0.778636,2133.432,34.135,nan,nan,10583177.5,2402,none
omp,1,1000,30,2,static,false,0,10,16.362322,1822.502,29.160,nan,nan,249276035.6,2041,none
omp,1,1000,30,8,static,close,0,12,20.848847,1430.312,22.885,nan,nan,249276035.6,2026,none
omp,2,256,100,2,dynamic,false,1,15,0.868889,1885.979,30.176,nan,nan,26040196.52,1856,none
omp,1,256,100,8,static,false,1,4,0.518179,3162.433,50.599,nan,nan,26040196.52,2049,none
omp,2,96,2000,4,static,false,1,4,0.216320,7679.209,122.867,nan,nan,10583177.5,2183,none
omp,1,256,100,4,static,close,0,14,0.786824,2082.684,33.323,nan,nan,26040196.52,2097,none
omp,1,256,100,4,dynamic,close,0,10,0.772641,2120.915,33.935,nan,nan,26040196.52,2307,none
omp,1,1000,30,4,static,false,1,6,13.485423,2211.303,35.381,nan,nan,249276035.6,2056,none
omp,2,96,2000,24,static,close,1,1,0.067137,24742.961,395.887,124.350,nan,10583177.5,2616,perf-pkg
seq,2,256,100,1,static,false,1,1,1.275336,1284.921,20.559,nan,nan,26040196.52,2107,none
omp,2,1000,30,8,static,spread,0,15,13.895294,2146.076,34.337,nan,nan,249276035.6,2113,none
omp,1,96,2000,1,dynamic,spread,0,15,0.715781,2320.777,37.132,nan,nan,10583177.5,1898,none
omp,2,96,2000,16,static,close,1,7,0.071371,23275.062,372.401,115.100,nan,10583177.5,2365,perf-pkg
omp,3,96,2000,48,dynamic,false,1,10,0.939518,1768.107,28.290,nan,nan,10583177.5,3486,none
omp,3,1000,30,6,dynamic,close,0,14,17.381549,1715.633,27.450,nan,nan,249276035.6,2095,none
omp,1,1000,30,12,static,false,1,5,14.645338,2036.167,32.579,nan,nan,249276035.6,2042,none
omp,3,256,100,24,dynamic,close,1,7,0.914424,1792.065,28.673,nan,nan,26040196.52,2545,none
omp,1,1000,30,4,static,close,0,3,23.848347,1250.416,20.007,nan,nan,249276035.6,2050,none
omp,2,96,2000,48,static,spread,0,10,0.064298,25835.382,413.366,nan,nan,10583177.5,3987,none
omp,2,1000,30,8,dynamic,false,0,10,11.696717,2549.464,40.791,nan,nan,249276035.6,1986,none
omp,3,256,100,12,static,false,1,7,0.530947,3086.385,49.382,nan,nan,26040196.52,2038,none
omp,1,256,100,2,static,false,0,14,0.763294,2146.886,34.350,nan,nan,26040196.52,2286,none
omp,2,1000,30,24,dynamic,false,0,8,10.509486,2837.471,45.400,nan,nan,249276035.6,2198,none
omp,2,96,2000,4,dynamic,close,1,10,0.251353,6608.908,105.743,nan,nan,10583177.5,2784,none
omp,3,256,100,1,dynamic,close,0,12,1.575055,1040.412,16.647,nan,nan,26040196.52,1875,none
omp,2,1000,30,8,static,close,0,1,20.826243,1431.865,22.910,nan,nan,249276035.6,2142,none
omp,2,1000,30,12,dynamic,spread,0,13,10.904469,2734.692,43.755,nan,nan,249276035.6,1969,none
omp,1,256,100,4,dynamic,close,1,9,0.770832,2125.892,34.014,nan,nan,26040196.52,2116,none
omp,2,1000,30,2,dynamic,spread,0,7,17.069442,1747.003,27.952,nan,nan,249276035.6,2079,none
omp,2,256,100,12,static,spread,0,15,0.512217,3199.242,51.188,nan,nan,26040196.52,2236,none
omp,3,96,2000,4,dynamic,false,0,1,2.290341,725.293,11.605,nan,nan,10583177.5,2031,none
omp,3,1000,30,16,dynamic,spread,0,7,15.453380,1929.698,30.875,nan,nan,249276035.6,2051,none
omp,2,1000,30,6,dynamic,spread,0,6,12.733299,2341.919,37.471,nan,nan,249276035.6,1972,none
omp,3,96,2000,4,static,spread,0,6,0.226457,7335.464,117.367,nan,nan,10583177.5,2156,none
omp,1,96,2000,12,dynamic,false,0,8,0.731802,2269.969,36.320,nan,nan,10583177.5,2562,none
omp,3,1000,30,2,static,false,1,5,16.323810,1826.801,29.229,nan,nan,249276035.6,1919,none
omp,3,96,2000,16,static,false,1,15,0.219811,7557.266,120.916,nan,nan,10583177.5,2761,none
omp,1,256,100,12,static,close,0,12,0.577726,2836.476,45.384,nan,nan,26040196.52,2407,none
omp,1,256,100,2,dynamic,close,0,15,0.902118,1816.511,29.064,nan,nan,26040196.52,2181,none
omp,3,96,2000,24,dynamic,false,0,12,0.827859,2006.583,32.105,nan,nan,10583177.5,2801,none
omp,1,96,2000,6,static,spread,1,14,0.158797,10460.927,167.375,nan,nan,10583177.5,2379,none
omp,3,1000,30,6,static,false,0,4,13.912420,2143.434,34.295,nan,nan,249276035.6,2057,none
omp,1,256,100,4,static,close,0,15,0.784419,2089.069,33.425,nan,nan,26040196.52,2170,none
omp,2,96,2000,48,dynamic,spread,1,12,0.668997,2483.074,39.729,nan,nan,10583177.5,3585,none
omp,3,256,100,8,static,spread,1,10,0.509178,3218.335,51.493,nan,nan,26040196.52,2471,none
omp,3,1000,30,2,dynamic,false,1,9,24.702623,1207.174,19.315,nan,nan,249276035.6,1972,none
omp,1,256,100,4,static,false,0,9,0.551321,2972.327,47.557,nan,nan,26040196.52,2036,none
omp,3,256,100,6,static,false,1,2,0.480255,3412.158,54.595,nan,nan,26040196.52,2267,none
omp,3,1000,30,48,static,spread,1,13,15.517629,1921.708,30.747,nan,nan,249276035.6,2957,none
omp,2,256,100,4,dynamic,spread,1,4,1.203986,1361.068,21.777,nan,nan,26040196.52,2653,none
omp,3,1000,30,48,dynamic,close,1,11,16.648230,1791.203,28.659,nan,nan,249276035.6,2745,none
omp,3,1000,30,16,static,close,0,13,15.940823,1870.691,29.931,nan,nan,249276035.6,2136,none
omp,1,256,100,8,dynamic,false,0,15,0.933225,1755.960,28.095,nan,nan,26040196.52,2126,none
omp,3,96,2000,12,dynamic,spread,1,14,1.064796,1560.082,24.961,nan,nan,10583177.5,2244,none
omp,2,96,2000,8,static,close,1,14,0.111205,14937.901,239.006,111.270,nan,10583177.5,2362,perf-pkg
omp,1,256,100,24,static,spread,0,12,0.530585,3088.489,49.416,nan,nan,26040196.52,2334,none
omp,2,96,2000,1,static,false,1,1,0.693286,2396.080,38.337,nan,nan,10583177.5,2645,none
omp,3,256,100,8,static,close,1,11,0.693374,2363.379,37.814,nan,nan,26040196.52,2760,none
omp,1,1000,30,2,dynamic,false,1,6,17.451715,1708.735,27.340,nan,nan,249276035.6,2016,none
omp,3,96,2000,1,static,false,1,1,0.730423,2274.254,36.388,nan,nan,10583177.5,1861,none
omp,3,1000,30,16,dynamic,close,1,3,15.747293,1893.682,30.299,nan,nan,249276035.6,2277,none
omp,3,1000,30,8,static,spread,0,13,13.931712,2140.466,34.247,nan,nan,249276035.6,2070,none
omp,3,256,100,16,static,false,0,5,0.540917,3029.500,48.472,nan,nan,26040196.52,2380,none
omp,3,1000,30,8,dynamic,false,0,4,15.906629,1874.713,29.995,nan,nan,249276035.6,2091,none
omp,3,96,2000,2,static,false,0,11,0.385520,4308.903,68.942,nan,nan,10583177.5,2126,none
omp,3,1000,30,48,static,false,0,11,15.357253,1941.777,31.068,nan,nan,249276035.6,2619,none
omp,1,96,2000,4,static,close,1,3,0.180924,9181.557,146.905,nan,nan,10583177.5,3291,none
omp,1,256,100,16,dynamic,false,0,5,0.635173,2579.938,41.279,nan,nan,26040196.52,2284,none
omp,1,256,100,1,dynamic,false,1,4,1.175294,1394.295,22.309,nan,nan,26040196.52,1958,none
omp,1,1000,30,24,dynamic,close,0,15,10.483548,2844.491,45.512,nan,nan,249276035.6,2156,none
omp,3,96,2000,8,dynamic,spread,0,11,1.438779,1154.568,18.473,nan,nan,10583177.5,2290,none
omp,3,1000,30,4,static,false,1,15,13.476820,2212.715,35.403,nan,nan,249276035.6,2063,none
omp,3,1000,30,1,static,spread,1,11,25.833898,1154.311,18.469,nan,nan,249276035.6,1857,none
omp,2,96,2000,48,static,spread,0,9,0.073218,22688.052,363.009,nan,nan,10583177.5,3546,none
omp,2,96,2000,6,static,false,0,9,0.173862,9554.516,152.872,nan,nan,10583177.5,2205,none
omp,1,256,100,2,static,close,1,11,0.888899,1843.523,29.496,nan,nan,26040196.52,1898,none
omp,1,96,2000,24,static,close,1,6,0.068163,24370.421,389.927,nan,nan,10583177.5,2631,none
omp,1,1000,30,48,dynamic,spread,1,15,10.536737,2830.132,45.282,nan,nan,249276035.6,2272,none
omp,2,96,2000,16,static,close,1,8,0.072202,23007.303,368.117,114.290,nan,10583177.5,2878,perf-pkg
omp,2,96,2000,4,dynamic,false,0,13,0.991275,1675.789,26.813,nan,nan,10583177.5,2669,none
omp,3,256,100,12,static,false,1,10,0.532529,3077.216,49.235,nan,nan,26040196.52,2450,none
omp,3,96,2000,48,static,false,0,9,0.651886,2548.251,40.772,nan,nan,10583177.5,3633,none
omp,3,96,2000,4,static,false,0,1,0.222540,7464.587,119.433,nan,nan,10583177.5,3116,none
omp,2,256,100,4,dynamic,close,1,3,0.775794,2112.297,33.797,nan,nan,26040196.52,2818,none
omp,2,1000,30,6,static,false,1,6,14.263809,2090.631,33.450,nan,nan,249276035.6,2068,none
omp,3,96,2000,4,dynamic,false,1,8,2.264349,733.618,11.738,nan,nan,10583177.5,1996,none
omp,3,256,100,12,dynamic,close,1,14,0.814588,2011.701,32.187,nan,nan,26040196.52,2420,none
omp,1,1000,30,8,dynamic,spread,1,8,12.152803,2453.785,39.261,nan,nan,249276035.6,2015,none
omp,2,1000,30,2,static,spread,1,1,16.258346,1834.157,29.347,nan,nan,249276035.6,1910,none
omp,2,1000,30,48,dynamic,false,0,1,10.577326,2819.272,45.108,nan,nan,249276035.6,2650,none
omp,3,96,2000,1,dynamic,close,1,6,0.877138,1893.851,30.302,nan,nan,10583177.5,2916,none
omp,3,256,100,24,static,close,0,6,0.533142,3073.677,49.179,nan,nan,26040196.52,3166,none
omp,2,1000,30,4,dynamic,false,0,5,14.538770,2051.092,32.817,nan,nan,249276035.6,1874,none
omp,2,256,100,4,dynamic,close,0,1,0.770681,2126.310,34.021,nan,nan,26040196.52,1985,none
omp,1,96,2000,1,dynamic,close,0,6,0.742923,2235.991,35.776,nan,nan,10583177.5,2128,none
omp,1,1000,30,16,dynamic,spread,0,3,10.685090,2790.838,44.653,nan,nan,249276035.6,2068,none
omp,3,96,2000,48,static,spread,1,2,0.064578,25723.625,411.578,nan,nan,10583177.5,3592,none
omp,2,1000,30,1,dynamic,spread,0,6,25.830032,1154.484,18.472,nan,nan,249276035.6,1971,none
omp,1,1000,30,6,static,spread,0,5,13.824393,2157.083,34.513,nan,nan,249276035.6,2051,none
omp,3,256,100,16,dynamic,false,0,10,0.925123,1771.339,28.341,nan,nan,26040196.52,2139,none
omp,1,1000,30,12,dynamic,false,1,2,11.189741,2664.973,42.640,nan,nan,249276035.6,2003,none
omp,2,1000,30,2,static,close,0,14,22.775305,1309.329,20.949,nan,nan,249276035.6,2008,none
omp,3,256,100,16,dynamic,false,1,9,0.983669,1665.912,26.655,nan,nan,26040196.52,2033,none
omp,2,1000,30,16,dynamic,false,0,11,10.704475,2785.784,44.573,nan,nan,249276035.6,2058,none
omp,1,1000,30,8,dynamic,close,0,4,12.041024,2476.564,39.625,nan,nan,249276035.6,2255,none
omp,3,96,2000,2,static,false,1,8,0.381817,4350.687,69.611,nan,nan,10583177.5,2097,none
omp,3,256,100,12,static,close,1,7,0.581569,2817.732,45.084,nan,nan,26040196.52,2179,none
omp,1,96,2000,24,static,false,0,4,0.317336,5234.736,83.756,nan,nan,10583177.5,2536,none
omp,1,96,2000,12,dynamic,close,0,8,0.625216,2656.951,42.511,nan,nan,10583177.5,2256,none
omp,2,256,100,8,dynamic,close,1,10,0.631472,2595.058,41.521,nan,nan,26040196.52,2655,none
omp,1,96,2000,24,static,close,1,2,0.071026,23388.278,374.212,nan,nan,10583177.5,3428,none
omp,2,96,2000,8,dynamic,close,1,12,0.649504,2557.594,40.922,nan,nan,10583177.5,2249,none
omp,2,256,100,12,dynamic,close,0,6,0.627135,2613.004,41.808,nan,nan,26040196.52,2260,none
omp,3,96,2000,24,dynamic,spread,0,9,0.916811,1811.898,28.990,nan,nan,10583177.5,2954,none
omp,2,256,100,2,static,spread,0,7,0.884290,1853.132,29.650,nan,nan,26040196.52,2567,none
omp,1,1000,30,1,dynamic,spread,1,5,25.818216,1155.012,18.480,nan,nan,249276035.6,1898,none
omp,3,1000,30,1,static,false,0,9,26.011709,1146.421,18.343,nan,nan,249276035.6,1940,none
omp,1,256,100,6,static,close,1,3,0.820683,1996.758,31.948,nan,nan,26040196.52,2138,none
omp,2,256,100,6,dynamic,close,0,4,0.791918,2069.287,33.109,nan,nan,26040196.52,2210,none
omp,2,256,100,16,static,false,1,8,0.534056,3068.416,49.095,nan,nan,26040196.52,2548,none
omp,1,256,100,16,dynamic,false,1,10,0.636951,2572.737,41.164,nan,nan,26040196.52,2123,none
omp,1,256,100,12,static,spread,0,4,0.508918,3219.981,51.520,nan,nan,26040196.52,2532,none
omp,1,96,2000,48,dynamic,false,1,6,0.648087,2563.186,41.011,nan,nan,10583177.5,3620,none
omp,1,1000,30,24,static,false,0,4,14.889454,2002.784,32.045,nan,nan,249276035.6,2230,none
omp,3,256,100,1,dynamic,spread,1,8,1.362779,1202.474,19.240,nan,nan,26040196.52,2371,none
omp,3,256,100,12,static,spread,0,15,0.512611,3196.782,51.149,nan,nan,26040196.52,1991,none
omp,1,256,100,4,dynamic,close,1,15,0.772936,2120.106,33.922,nan,nan,26040196.52,2194,none
omp,2,1000,30,6,dynamic,spread,1,5,13.306888,2240.972,35.856,nan,nan,249276035.6,2033,none
omp,3,1000,30,4,dynamic,false,1,6,20.158631,1479.285,23.669,nan,nan,249276035.6,1988,none
omp,3,96,2000,48,dynamic,close,0,6,0.786071,2113.256,33.812,nan,nan,10583177.5,2545,none
omp,1,1000,30,8,dynamic,close,1,13,11.987063,2487.712,39.803,nan,nan,249276035.6,2119,none
omp,2,96,2000,4,static,close,1,2,0.181218,9166.665,146.667,116.340,nan,10583177.5,2319,perf-pkg
omp,1,1000,30,24,static,spread,0,9,14.943911,1995.486,31.928,nan,nan,249276035.6,2541,none
omp,3,96,2000,8,dynamic,false,1,12,1.465817,1133.271,18.132,nan,nan,10583177.5,2198,none
omp,3,96,2000,1,static,close,1,12,0.727918,2282.082,36.513,nan,nan,10583177.5,2202,none
omp,2,96,2000,48,dynamic,close,1,14,0.715177,2322.737,37.164,nan,nan,10583177.5,3273,none
omp,2,1000,30,24,static,false,0,4,14.918122,1998.935,31.983,nan,nan,249276035.6,2195,none
omp,2,96,2000,12,static,spread,1,11,0.086070,19300.220,308.804,nan,nan,10583177.5,2867,none
omp,1,1000,30,1,static,close,1,13,25.800405,1155.810,18.493,nan,nan,249276035.6,2008,none
omp,3,256,100,24,static,close,1,9,0.534439,3066.215,49.059,nan,nan,26040196.52,2465,none
omp,1,1000,30,4,dynamic,false,0,3,14.516341,2054.262,32.868,nan,nan,249276035.6,1949,none
omp,3,1000,30,48,dynamic,false,0,15,14.820747,2012.069,32.193,nan,nan,249276035.6,3015,none
omp,3,256,100,6,static,spread,0,9,0.473187,3463.127,55.410,nan,nan,26040196.52,1916,none
omp,3,256,100,48,static,close,0,2,0.574165,2854.067,45.665,nan,nan,26040196.52,2737,none
omp,2,1000,30,8,dynamic,close,1,14,11.956480,2494.075,39.905,nan,nan,249276035.6,2383,none
omp,1,1000,30,2,static,false,1,5,16.162426,1845.042,29.521,nan,nan,249276035.6,1960,none
omp,1,1000,30,8,dynamic,spread,0,13,11.719652,2544.475,40.712,nan,nan,249276035.6,1866,none
omp,3,1000,30,16,dynamic,false,0,2,15.341968,1943.711,31.099,nan,nan,249276035.6,1892,none
omp,1,96,2000,2,dynamic,spread,0,5,1.157438,1435.211,22.963,nan,nan,10583177.5,2101,none
omp,2,256,100,16,dynamic,false,0,11,0.646134,2536.171,40.579,nan,nan,26040196.52,2278,none
omp,2,256,100,2,static,false,0,14,0.820252,1997.809,31.965,nan,nan,26040196.52,1958,none
omp,3,96,2000,1,static,close,0,12,0.726539,2286.412,36.583,nan,nan,10583177.5,1934,none
omp,1,256,100,1,static,false,0,2,1.323078,1238.556,19.817,nan,nan,26040196.52,2006,none
omp,1,1000,30,6,static,false,0,10,13.954048,2137.040,34.193,nan,nan,249276035.6,2196,none
omp,1,96,2000,1,static,close,1,8,0.692515,2398.746,38.380,nan,nan,10583177.5,1955,none
omp,2,96,2000,4,static,false,1,14,0.218960,7586.618,121.386,nan,nan,10583177.5,2027,none
omp,2,1000,30,48,static,close,1,3,15.518232,1921.634,30.746,2140.070,nan,249276035.6,2834,perf-pkg
omp,1,1000,30,2,static,false,0,12,16.154296,1845.971,29.536,nan,nan,249276035.6,1977,none
omp,1,256,100,24,dynamic,spread,1,6,0.607110,2699.193,43.187,nan,nan,26040196.52,2539,none
omp,2,256,100,12,static,false,0,2,0.534755,3064.405,49.030,nan,nan,26040196.52,2569,none
omp,1,1000,30,2,dynamic,close,0,5,16.647854,1791.244,28.660,nan,nan,249276035.6,2083,none
omp,2,96,2000,48,static,false,1,15,0.656042,2532.106,40.514,nan,nan,10583177.5,3089,none
omp,3,256,100,2,static,false,1,13,0.744299,2201.678,35.227,nan,nan,26040196.52,2777,none
omp,1,256,100,16,static,spread,0,5,0.544541,3009.334,48.149,nan,nan,26040196.52,2543,none
omp,2,1000,30,1,dynamic,spread,0,13,25.855251,1153.358,18.454,nan,nan,249276035.6,2081,none
omp,1,256,100,2,static,false,1,9,0.725992,2257.195,36.115,nan,nan,26040196.52,2181,none
omp,3,96,2000,16,static,spread,0,7,0.075121,22113.108,353.810,nan,nan,10583177.5,2234,none
omp,2,96,2000,16,static,spread,1,7,0.072246,22993.341,367.893,nan,nan,10583177.5,2099,none
omp,2,96,2000,8,static,false,1,1,0.161090,10312.060,164.993,nan,nan,10583177.5,2670,none
omp,2,96,2000,4,dynamic,spread,1,15,1.170020,1419.778,22.716,nan,nan,10583177.5,2410,none
omp,2,256,100,4,dynamic,close,1,13,0.777952,2106.436,33.703,nan,nan,26040196.52,2058,none
omp,2,256,100,1,dynamic,spread,0,8,1.357153,1207.459,19.319,nan,nan,26040196.52,2139,none
omp,2,1000,30,8,dynamic,close,0,13,11.998053,2485.433,39.767,nan,nan,249276035.6,2237,none
omp,3,256,100,8,dynamic,false,0,10,1.177991,1391.103,22.258,nan,nan,26040196.52,2258,none
omp,1,96,2000,6,static,spread,0,3,0.159938,10386.313,166.181,nan,nan,10583177.5,2271,none
omp,3,96,2000,16,static,false,0,2,0.220260,7541.864,120.670,nan,nan,10583177.5,2774,none
omp,3,96,2000,16,static,close,1,1,0.071713,23163.969,370.623,nan,nan,10583177.5,2731,none
omp,2,256,100,1,dynamic,false,0,11,1.390456,1178.539,18.857,nan,nan,26040196.52,2087,none
omp,1,256,100,16,static,spread,0,4,0.531252,3084.610,49.354,nan,nan,26040196.52,2204,none
omp,2,1000,30,8,static,spread,1,7,14.455717,2062.877,33.006,nan,nan,249276035.6,2360,none
omp,2,256,100,2,dynamic,spread,1,3,0.886220,1849.096,29.586,nan,nan,26040196.52,2119,none
omp,3,256,100,24,dynamic,close,1,12,0.967269,1694.158,27.107,nan,nan,26040196.52,2311,none
omp,2,256,100,1,dynamic,spread,1,10,1.276171,1284.081,20.545,nan,nan,26040196.52,2552,none
omp,2,96,2000,48,dynamic,false,1,14,0.740976,2241.865,35.870,nan,nan,10583177.5,3876,none
omp,1,96,2000,8,static,spread,1,8,0.115026,14441.674,231.067,nan,nan,10583177.5,3484,none
omp,3,96,2000,4,static,spread,1,9,0.223209,7442.221,119.076,nan,nan,10583177.5,3164,none
omp,1,1000,30,1,dynamic,spread,0,11,25.833169,1154.344,18.470,nan,nan,249276035.6,1938,none
omp,1,1000,30,6,dynamic,close,1,5,16.760586,1779.195,28.467,nan,nan,249276035.6,1806,none
omp,3,256,100,8,dynamic,close,1,2,0.922503,1776.369,28.422,nan,nan,26040196.52,2327,none
omp,3,256,100,4,dynamic,close,0,5,0.946533,1731.273,27.700,nan,nan,26040196.52,2045,none
omp,3,96,2000,24,dynamic,false,1,13,1.002855,1656.439,26.503,nan,nan,10583177.5,2600,none
omp,3,1000,30,6,static,close,0,14,25.202036,1183.252,18.932,nan,nan,249276035.6,2013,none
omp,3,96,2000,2,dynamic,spread,0,5,2.860751,580.676,9.291,nan,nan,10583177.5,1864,none
omp,2,1000,30,1,static,false,1,10,25.809025,1155.424,18.487,nan,nan,249276035.6,1966,none
omp,3,1000,30,16,dynamic,false,0,7,15.317847,1946.772,31.148,nan,nan,249276035.6,2102,none
omp,2,1000,30,8,static,spread,0,13,13.940516,2139.114,34.226,nan,nan,249276035.6,2149,none
omp,2,96,2000,6,static,close,0,14,0.124926,13297.264,212.756,nan,nan,10583177.5,2095,none
omp,2,96,2000,8,dynamic,spread,1,9,0.762105,2179.709,34.875,nan,nan,10583177.5,2184,none
omp,1,256,100,12,dynamic,close,0,6,0.624685,2623.251,41.972,nan,nan,26040196.52,2303,none
omp,1,256,100,48,static,false,0,14,0.592648,2765.056,44.241,nan,nan,26040196.52,2858,none
omp,2,1000,30,2,static,spread,0,6,16.050774,1857.877,29.726,nan,nan,249276035.6,1897,none
omp,1,1000,30,1,dynamic,spread,1,12,25.770348,1157.158,18.515,nan,nan,249276035.6,1856,none
omp,2,256,100,6,dynamic,spread,0,15,0.922532,1776.314,28.421,nan,nan,26040196.52,2034,none
omp,2,1000,30,1,static,false,0,9,25.871454,1152.636,18.442,nan,nan,249276035.6,1897,none
omp,1,96,2000,48,static,spread,0,9,0.073583,22575.481,361.208,nan,nan,10583177.5,3699,none
omp,3,256,100,1,static,false,1,9,1.228220,1334.212,21.347,nan,nan,26040196.52,2200,none
omp,3,96,2000,12,dynamic,false,0,14,1.165171,1425.685,22.811,nan,nan,10583177.5,2673,none
omp,1,1000,30,8,static,false,1,14,14.455032,2062.974,33.008,nan,nan,249276035.6,2038,none
omp,2,96,2000,6,dynamic,close,0,13,0.188398,8817.312,141.077,nan,nan,10583177.5,2392,none
omp,2,96,2000,4,dynamic,spread,1,13,1.060472,1566.442,25.063,nan,nan,10583177.5,2102,none
omp,2,1000,30,1,dynamic,spread,0,2,26.200918,1138.142,18.210,nan,nan,249276035.6,2101,none
omp,2,256,100,16,dynamic,false,1,7,0.667022,2456.751,39.308,nan,nan,26040196.52,2574,none
omp,1,96,2000,4,dynamic,close,0,2,0.246177,6747.865,107.966,nan,nan,10583177.5,2260,none
omp,2,1000,30,1,dynamic,spread,1,4,25.863812,1152.976,18.448,nan,nan,249276035.6,1971,none
omp,1,256,100,1,static,spread,1,5,1.296184,1264.254,20.228,nan,nan,26040196.52,2019,none
omp,2,96,2000,4,dynamic,spread,1,7,0.999482,1662.028,26.592,nan,nan,10583177.5,1989,none
omp,2,256,100,24,static,spread,1,1,0.533877,3069.444,49.111,nan,nan,26040196.52,2991,none
omp,1,96,2000,16,dynamic,false,1,15,0.695624,2388.025,38.208,nan,nan,10583177.5,2861,none
omp,1,96,2000,4,static,spread,1,4,0.223160,7443.834,119.101,nan,nan,10583177.5,2442,none
omp,1,1000,30,1,dynamic,close,0,9,25.785721,1156.468,18.503,nan,nan,249276035.6,1955,none
omp,1,1000,30,6,static,spread,1,13,14.302579,2084.964,33.359,nan,nan,249276035.6,2075,none
omp,1,1000,30,1,dynamic,false,0,2,26.426083,1128.444,18.055,nan,nan,249276035.6,1918,none
omp,1,1000,30,4,static,false,1,4,13.485283,2211.326,35.381,nan,nan,249276035.6,2098,none
omp,1,1000,30,48,static,false,1,14,15.523326,1921.003,30.736,nan,nan,249276035.6,3447,none
omp,2,1000,30,4,static,false,0,15,12.775149,2334.248,37.348,nan,nan,249276035.6,1951,none
omp,2,256,100,2,static,spread,0,12,0.778317,2105.449,33.687,nan,nan,26040196.52,1905,none
omp,2,96,2000,4,static,close,1,10,0.180392,9208.650,147.338,126.050,nan,10583177.5,2456,perf-pkg
omp,1,96,2000,12,dynamic,spread,1,11,0.701130,2369.274,37.908,nan,nan,10583177.5,2234,none
omp,1,256,100,16,dynamic,spread,1,8,0.636219,2575.696,41.211,nan,nan,26040196.52,2562,none
omp,2,256,100,48,static,spread,0,5,0.591434,2770.735,44.332,nan,nan,26040196.52,3340,none
omp,2,256,100,1,static,false,0,8,1.234460,1327.469,21.239,nan,nan,26040196.52,2566,none
omp,3,1000,30,6,dynamic,close,1,9,17.633788,1691.092,27.057,nan,nan,249276035.6,2091,none
omp,2,1000,30,12,static,close,0,5,16.871843,1767.463,28.279,nan,nan,249276035.6,1964,none
omp,2,96,2000,1,static,spread,0,11,0.697739,2380.787,38.093,nan,nan,10583177.5,2336,none
omp,1,256,100,48,dynamic,close,1,12,0.619616,2644.712,42.315,nan,nan,26040196.52,3298,none
omp,2,1000,30,2,dynamic,spread,0,5,16.924567,1761.957,28.191,nan,nan,249276035.6,1869,none
omp,1,1000,30,2,static,close,1,9,22.974363,1297.984,20.768,nan,nan,249276035.6,1922,none
omp,2,96,2000,8,dynamic,false,1,3,0.818426,2029.710,32.475,nan,nan,10583177.5,2215,none
omp,1,256,100,16,dynamic,spread,0,4,0.635863,2577.137,41.234,nan,nan,26040196.52,2271,none
omp,3,256,100,24,static,false,1,3,0.556201,2946.251,47.140,nan,nan,26040196.52,2502,none
omp,3,1000,30,12,static,spread,0,12,14.188155,2101.779,33.628,nan,nan,249276035.6,2228,none
omp,3,1000,30,16,dynamic,false,1,3,16.746052,1780.740,28.492,nan,nan,249276035.6,2058,none
omp,2,1000,30,12,static,spread,1,4,14.630489,2038.234,32.612,nan,nan,249276035.6,2187,none
omp,1,96,2000,16,dynamic,false,0,14,0.690292,2406.473,38.504,nan,nan,10583177.5,2362,none
omp,1,256,100,6,static,close,1,1,0.820670,1996.791,31.949,nan,nan,26040196.52,2184,none
omp,3,1000,30,12,static,close,1,6,16.802038,1774.806,28.397,nan,nan,249276035.6,2233,none
omp,3,1000,30,48,dynamic,spread,1,7,16.643121,1791.753,28.668,nan,nan,249276035.6,2889,none
omp,1,256,100,8,dynamic,spread,1,10,0.931006,1760.146,28.162,nan,nan,26040196.52,3054,none
omp,2,1000,30,24,static,close,1,3,15.177565,1964.766,31.436,2046.560,nan,249276035.6,2200,perf-pkg
omp,2,1000,30,12,static,spread,0,9,14.417831,2068.297,33.093,nan,nan,249276035.6,2419,none
omp,1,96,2000,4,dynamic,close,1,1,0.247173,6720.658,107.531,nan,nan,10583177.5,2707,none
omp,1,1000,30,12,static,spread,1,10,14.633785,2037.775,32.604,nan,nan,249276035.6,2214,none
omp,1,256,100,16,static,false,0,3,0.551510,2971.309,47.541,nan,nan,26040196.52,2374,none
omp,1,96,2000,1,dynamic,spread,0,14,0.706766,2350.379,37.606,nan,nan,10583177.5,2541,none
omp,1,1000,30,48,static,close,1,7,15.531625,1919.977,30.720,nan,nan,249276035.6,2615,none
omp,3,96,2000,1,static,false,0,3,0.729413,2277.402,36.438,nan,nan,10583177.5,3175,none
omp,2,1000,30,1,dynamic,spread,1,2,25.792507,1156.164,18.499,nan,nan,249276035.6,1944,none
omp,3,256,100,4,static,false,1,9,0.636069,2576.304,41.221,nan,nan,26040196.52,1949,none
omp,3,1000,30,24,static,close,0,1,14.901847,2001.118,32.018,nan,nan,249276035.6,2560,none
omp,3,96,2000,48,dynamic,close,0,8,0.916801,1811.917,28.991,nan,nan,10583177.5,3461,none
omp,1,96,2000,24,static,false,1,13,0.323385,5136.804,82.189,nan,nan,10583177.5,3357,none
omp,2,1000,30,6,static,false,1,4,14.284106,2087.660,33.403,nan,nan,249276035.6,2037,none
omp,3,1000,30,8,static,false,1,14,14.457600,2062.608,33.002,nan,nan,249276035.6,1981,none
omp,1,1000,30,16,dynamic,spread,1,4,10.849993,2748.422,43.975,nan,nan,249276035.6,2339,none
omp,2,1000,30,12,dynamic,false,1,12,11.199076,2662.752,42.604,nan,nan,249276035.6,2010,none
omp,1,1000,30,16,dynamic,spread,1,12,10.869223,2743.559,43.897,nan,nan,249276035.6,2045,none
omp,2,96,2000,16,dynamic,spread,1,11,0.713274,2328.935,37.263,nan,nan,10583177.5,2611,none
omp,3,256,100,24,static,false,1,2,0.564990,2900.418,46.407,nan,nan,26040196.52,3021,none
omp,1,1000,30,4,dynamic,close,0,5,16.384471,1820.038,29.121,nan,nan,249276035.6,1983,none
omp,1,96,2000,8,static,spread,0,10,0.122576,13552.142,216.834,nan,nan,10583177.5,2321,none
omp,2,256,100,24,dynamic,false,1,4,0.611692,2678.973,42.864,nan,nan,26040196.52,2325,none
omp,2,96,2000,1,static,close,1,12,0.696259,2385.849,38.174,59.590,nan,10583177.5,2388,perf-pkg
omp,1,1000,30,4,dynamic,close,0,3,16.332754,1825.801,29.213,nan,nan,249276035.6,1990,none
omp,1,1000,30,48,static,spread,1,1,15.526382,1920.625,30.730,nan,nan,249276035.6,2566,none
omp,2,256,100,6,static,close,1,9,0.820548,1997.087,31.953,121.520,nan,26040196.52,3032,perf-pkg
omp,3,96,2000,16,static,close,0,10,0.073671,22548.540,360.777,nan,nan,10583177.5,3358,none
omp,1,96,2000,8,dynamic,close,0,2,0.644572,2577.165,41.235,nan,nan,10583177.5,2789,none
omp,3,256,100,1,static,close,0,4,1.278380,1281.862,20.510,nan,nan,26040196.52,1997,none
omp,3,96,2000,2,dynamic,false,1,10,2.817124,589.668,9.435,nan,nan,10583177.5,1904,none
omp,2,256,100,1,static,close,1,12,1.246260,1314.900,21.038,103.520,nan,26040196.52,2262,perf-pkg
omp,3,1000,30,12,dynamic,false,0,10,15.385786,1938.176,31.011,nan,nan,249276035.6,2532,none
omp,1,1000,30,2,dynamic,close,1,12,16.697315,1785.937,28.575,nan,nan,249276035.6,2036,none
omp,3,1000,30,1,static,spread,0,2,25.786304,1156.442,18.503,nan,nan,249276035.6,1911,none
omp,2,1000,30,4,static,false,0,8,12.965749,2299.933,36.799,nan,nan,249276035.6,1939,none
omp,2,96,2000,16,dynamic,close,0,2,0.638873,2600.153,41.602,nan,nan,10583177.5,2400,none
omp,3,256,100,6,dynamic,spread,0,11,1.366870,1198.875,19.182,nan,nan,26040196.52,2329,none
omp,1,1000,30,8,dynamic,close,1,7,12.027880,2479.270,39.668,nan,nan,249276035.6,2244,none
omp,2,1000,30,2,dynamic,close,1,15,16.801201,1774.895,28.398,nan,nan,249276035.6,1957,none
omp,3,256,100,2,static,false,1,7,0.749763,2185.634,34.970,nan,nan,26040196.52,1904,none
omp,2,1000,30,24,dynamic,spread,1,11,10.443324,2855.447,45.687,nan,nan,249276035.6,2568,none
omp,1,256,100,1,static,false,1,12,1.285316,1274.944,20.399,nan,nan,26040196.52,2121,none
omp,3,1000,30,12,static,spread,0,14,14.210497,2098.474,33.576,nan,nan,249276035.6,2080,none
omp,2,1000,30,12,dynamic,spread,1,6,11.204742,2661.405,42.582,nan,nan,249276035.6,2120,none
omp,2,256,100,1,dynamic,false,0,14,1.309694,1251.213,20.019,nan,nan,26040196.52,1979,none
omp,1,256,100,1,dynamic,false,0,15,1.304334,1256.355,20.102,nan,nan,26040196.52,1974,none
omp,1,96,2000,16,static,false,1,15,0.225285,7373.615,117.978,nan,nan,10583177.5,2116,none
omp,2,256,100,24,static,close,1,8,0.538170,3044.958,48.719,120.570,nan,26040196.52,2637,perf-pkg
omp,2,256,100,16,dynamic,spread,1,10,0.660677,2480.345,39.686,nan,nan,26040196.52,2247,none
omp,2,256,100,48,static,false,1,15,0.588830,2782.989,44.528,nan,nan,26040196.52,2660,none
omp,1,96,2000,48,static,spread,0,5,0.072701,22849.183,365.587,nan,nan,10583177.5,3317,none
omp,1,1000,30,2,static,spread,1,7,16.301801,1829.268,29.268,nan,nan,249276035.6,1956,none
omp,1,96,2000,48,dynamic,false,0,2,0.591170,2809.967,44.959,nan,nan,10583177.5,3980,none
omp,2,1000,30,12,dynamic,close,1,11,11.500906,2592.870,41.486,nan,nan,249276035.6,2410,none
omp,1,256,100,12,static,close,0,10,0.580206,2824.352,45.190,nan,nan,26040196.52,2138,none
omp,2,1000,30,48,dynamic,spread,0,8,10.529583,2832.055,45.313,nan,nan,249276035.6,2661,none
omp,3,1000,30,48,static,spread,1,4,15.526487,1920.612,30.730,nan,nan,249276035.6,2543,none
omp,2,1000,30,24,static,spread,1,14,15.210250,1960.544,31.369,nan,nan,249276035.6,2674,none
omp,2,96,2000,6,dynamic,false,1,11,0.832406,1995.622,31.930,nan,nan,10583177.5,2331,none
omp,3,96,2000,16,static,false,1,3,0.217153,7649.747,122.396,nan,nan,10583177.5,2830,none
omp,2,1000,30,16,dynamic,false,0,10,10.670178,2794.739,44.716,nan,nan,249276035.6,2062,none
omp,1,96,2000,48,dynamic,false,1,12,0.810085,2050.610,32.810,nan,nan,10583177.5,2796,none
omp,1,1000,30,12,dynamic,close,0,2,11.615173,2567.363,41.078,nan,nan,249276035.6,2211,none
omp,3,96,2000,4,static,false,1,15,0.221980,7483.405,119.734,nan,nan,10583177.5,2386,none
omp,2,1000,30,24,dynamic,spread,0,1,10.416920,2862.685,45.803,nan,nan,249276035.6,2417,none
omp,1,96,2000,2,static,spread,0,2,0.371095,4476.394,71.622,nan,nan,10583177.5,2153,none
omp,2,256,100,8,dynamic,spread,1,4,0.929395,1763.198,28.211,nan,nan,26040196.52,2094,none
omp,1,96,2000,12,dynamic,close,0,1,0.624685,2659.210,42.547,nan,nan,10583177.5,2484,none
omp,2,256,100,24,dynamic,false,1,10,0.605261,2707.438,43.319,nan,nan,26040196.52,2548,none
omp,1,1000,30,24,static,false,1,4,15.200226,1961.837,31.389,nan,nan,249276035.6,2214,none
omp,2,96,2000,8,static,close,0,3,0.112351,14785.577,236.569,nan,nan,10583177.5,2741,none
omp,1,1000,30,8,static,spread,1,12,14.455361,2062.927,33.007,nan,nan,249276035.6,2044,none
omp,3,256,100,2,dynamic,close,0,8,1.480533,1106.836,17.709,nan,nan,26040196.52,2233,none
omp,1,256,100,6,static,spread,0,10,0.471386,3476.358,55.622,nan,nan,26040196.52,2246,none
omp,2,96,2000,8,static,false,0,13,0.162628,10214.497,163.432,nan,nan,10583177.5,2311,none
omp,3,1000,30,8,dynamic,false,0,8,15.896877,1875.863,30.014,nan,nan,249276035.6,1971,none
omp,3,256,100,12,static,spread,0,4,0.508552,3222.299,51.557,nan,nan,26040196.52,2099,none
omp,1,256,100,16,dynamic,spread,1,5,0.647069,2532.508,40.520,nan,nan,26040196.52,2555,none
omp,2,256,100,6,dynamic,false,0,3,0.903534,1813.664,29.019,nan,nan,26040196.52,2389,none
omp,2,256,100,24,static,false,1,8,0.568710,2881.446,46.103,nan,nan,26040196.52,2775,none
omp,1,96,2000,2,static,spread,1,10,0.366441,4533.248,72.532,nan,nan,10583177.5,2624,none
omp,3,256,100,48,dynamic,close,0,1,0.925675,1770.283,28.325,nan,nan,26040196.52,2968,none
omp,1,256,100,4,dynamic,spread,0,11,1.212182,1351.865,21.630,nan,nan,26040196.52,2658,none
omp,1,96,2000,8,static,false,1,12,0.163478,10161.434,162.583,nan,nan,10583177.5,2708,none
omp,2,1000,30,6,static,false,1,10,14.341254,2079.341,33.269,nan,nan,249276035.6,2181,none
omp,1,1000,30,1,dynamic,false,0,10,26.062678,1144.179,18.307,nan,nan,249276035.6,1951,none
omp,2,256,100,2,dynamic,false,1,5,0.894874,1831.214,29.299,nan,nan,26040196.52,1996,none
omp,1,1000,30,12,dynamic,false,1,8,11.185774,2665.918,42.655,nan,nan,249276035.6,2063,none
omp,3,96,2000,16,static,false,1,7,0.220414,7536.575,120.585,nan,nan,10583177.5,2156,none
omp,1,256,100,12,static,spread,1,12,0.523758,3128.747,50.060,nan,nan,26040196.52,2527,none
omp,2,256,100,12,dynamic,close,0,13,0.627655,2610.841,41.773,nan,nan,26040196.52,2614,none
omp,2,256,100,4,dynamic,false,1,8,1.183325,1384.832,22.157,nan,nan,26040196.52,1978,none
omp,3,96,2000,1,static,spread,0,7,0.730991,2272.487,36.360,nan,nan,10583177.5,1907,none
omp,1,256,100,2,dynamic,close,0,5,0.807923,2028.295,32.453,nan,nan,26040196.52,2017,none
omp,1,1000,30,6,static,false,1,8,14.322260,2082.099,33.314,nan,nan,249276035.6,1881,none
omp,1,256,100,2,dynamic,spread,0,12,0.917802,1785.468,28.567,nan,nan,26040196.52,2002,none
omp,2,1000,30,1,dynamic,close,1,3,25.815019,1155.155,18.482,nan,nan,249276035.6,1904,none
omp,2,256,100,2,static,spread,0,9,0.776868,2109.376,33.750,nan,nan,26040196.52,1927,none
omp,2,256,100,16,dynamic,spread,0,1,0.645785,2537.542,40.601,nan,nan,26040196.52,1975,none
omp,2,96,2000,8,static,false,0,3,0.164345,10107.785,161.725,nan,nan,10583177.5,2388,none
omp,3,256,100,8,static,close,1,6,0.692082,2367.791,37.885,nan,nan,26040196.52,2649,none
omp,1,256,100,48,dynamic,false,0,14,0.622484,2632.528,42.120,nan,nan,26040196.52,2596,none
omp,1,96,2000,1,static,spread,0,1,0.694211,2392.885,38.286,nan,nan,10583177.5,2924,none
omp,3,1000,30,4,dynamic,spread,0,15,18.784002,1587.540,25.401,nan,nan,249276035.6,1963,none
omp,1,256,100,4,static,spread,0,13,0.551643,2970.593,47.529,nan,nan,26040196.52,2074,none
omp,3,256,100,1,dynamic,close,1,11,1.251738,1309.145,20.946,nan,nan,26040196.52,2056,none
omp,3,256,100,8,dynamic,close,0,12,0.898526,1823.772,29.180,nan,nan,26040196.52,2266,none
omp,1,96,2000,16,dynamic,close,1,14,0.640117,2595.100,41.522,nan,nan,10583177.5,2216,none
omp,3,96,2000,48,static,false,1,9,0.527342,3150.080,50.401,nan,nan,10583177.5,2783,none
omp,1,96,2000,1,dynamic,spread,0,12,0.761396,2181.741,34.908,nan,nan,10583177.5,2738,none
omp,2,1000,30,48,static,false,1,14,15.510452,1922.598,30.762,nan,nan,249276035.6,3281,none
omp,2,96,2000,8,static,spread,1,3,0.115211,14418.471,230.696,nan,nan,10583177.5,3382,none
omp,3,256,100,12,dynamic,false,1,4,0.986200,1661.637,26.586,nan,nan,26040196.52,2885,none
omp,1,256,100,24,static,close,0,1,0.532569,3076.982,49.232,nan,nan,26040196.52,2322,none
omp,2,96,2000,16,static,spread,1,12,0.073423,22624.537,361.993,nan,nan,10583177.5,2855,none
omp,3,256,100,1,dynamic,false,0,14,1.397423,1172.663,18.763,nan,nan,26040196.52,2321,none
omp,1,256,100,12,dynamic,spread,0,7,0.768564,2132.167,34.115,nan,nan,26040196.52,2277,none
omp,3,1000,30,24,dynamic,false,1,9,16.728236,1782.636,28.522,nan,nan,249276035.6,2723,none
omp,2,256,100,8,static,spread,1,7,0.509286,3217.657,51.483,nan,nan,26040196.52,2124,none
omp,3,256,100,1,dynamic,false,1,1,1.344220,1219.076,19.505,nan,nan,26040196.52,1929,none
omp,2,1000,30,12,dynamic,close,0,9,11.718906,2544.637,40.714,nan,nan,249276035.6,2224,none
omp,1,1000,30,2,static,close,1,4,22.977586,1297.802,20.765,nan,nan,249276035.6,1975,none
omp,2,256,100,1,static,false,1,11,1.254505,1306.258,20.900,nan,nan,26040196.52,2017,none
omp,1,256,100,48,dynamic,spread,1,14,0.620890,2639.285,42.229,nan,nan,26040196.52,3210,none
omp,2,96,2000,16,dynamic,false,1,10,0.696620,2384.611,38.154,nan,nan,10583177.5,3057,none
omp,3,1000,30,1,dynamic,close,0,14,26.243508,1136.295,18.181,nan,nan,249276035.6,2115,none
omp,2,1000,30,8,static,spread,0,3,13.948263,2137.926,34.207,nan,nan,249276035.6,2060,none
omp,2,1000,30,2,dynamic,false,0,12,16.964541,1757.805,28.125,nan,nan,249276035.6,2043,none
omp,3,96,2000,48,dynamic,false,1,11,0.866135,1917.908,30.687,nan,nan,10583177.5,3664,none
omp,2,1000,30,1,static,false,0,10,26.718228,1116.105,17.858,nan,nan,249276035.6,1962,none
omp,1,1000,30,24,dynamic,close,1,13,10.416228,2862.875,45.806,nan,nan,249276035.6,2491,none
omp,2,96,2000,16,dynamic,false,1,2,0.687809,2415.159,38.643,nan,nan,10583177.5,2710,none
seq,2,256,100,1,static,false,0,1,1.335096,1227.407,19.639,nan,nan,26040196.52,2319,none
omp,3,1000,30,4,static,spread,1,6,13.457519,2215.888,35.454,nan,nan,249276035.6,1910,none
omp,3,1000,30,4,dynamic,false,1,12,20.183232,1477.482,23.640,nan,nan,249276035.6,1834,none
omp,2,1000,30,24,dynamic,spread,0,8,10.416975,2862.670,45.803,nan,nan,249276035.6,2468,none
omp,1,96,2000,16,dynamic,false,1,11,0.710882,2336.770,37.388,nan,nan,10583177.5,2644,none
omp,3,96,2000,1,static,false,1,14,0.734005,2263.155,36.210,nan,nan,10583177.5,1975,none
omp,2,1000,30,1,dynamic,close,0,11,25.873355,1152.551,18.441,nan,nan,249276035.6,1899,none
omp,3,1000,30,6,static,spread,0,11,13.976163,2133.659,34.139,nan,nan,249276035.6,2076,none
omp,3,96,2000,4,static,close,0,9,0.187484,8860.339,141.765,nan,nan,10583177.5,2119,none
omp,2,96,2000,16,static,false,0,6,0.217699,7630.584,122.089,nan,nan,10583177.5,2385,none
omp,2,96,2000,1,dynamic,false,1,2,0.701455,2368.175,37.891,nan,nan,10583177.5,2217,none
omp,2,96,2000,48,static,spread,0,12,0.066096,25132.606,402.122,nan,nan,10583177.5,3199,none
omp,3,256,100,6,static,false,0,5,0.477093,3434.771,54.956,nan,nan,26040196.52,2566,none
omp,2,256,100,6,dynamic,close,1,6,0.801717,2043.995,32.704,nan,nan,26040196.52,2439,none
omp,3,256,100,16,static,spread,0,11,0.541049,3028.757,48.460,nan,nan,26040196.52,2519,none
omp,3,256,100,48,static,false,0,5,0.592915,2763.812,44.221,nan,nan,26040196.52,2794,none
omp,2,1000,30,24,dynamic,false,0,7,10.423399,2860.905,45.774,nan,nan,249276035.6,2249,none
omp,3,1000,30,4,dynamic,spread,1,7,20.161284,1479.090,23.665,nan,nan,249276035.6,1963,none
omp,2,256,100,8,static,spread,1,5,0.522381,3136.995,50.192,nan,nan,26040196.52,2107,none
omp,1,256,100,8,dynamic,spread,0,8,0.926367,1768.959,28.303,nan,nan,26040196.52,1995,none
omp,1,96,2000,6,dynamic,false,0,7,0.857853,1936.425,30.983,nan,nan,10583177.5,1872,none
omp,2,96,2000,4,dynamic,close,0,7,0.248219,6692.354,107.078,nan,nan,10583177.5,2155,none
omp,1,256,100,4,dynamic,false,1,1,1.177197,1392.041,22.273,nan,nan,26040196.52,2131,none
omp,3,96,2000,48,dynamic,close,1,7,0.826023,2011.044,32.177,nan,nan,10583177.5,3535,none
omp,2,256,100,6,static,spread,0,4,0.480035,3413.726,54.620,nan,nan,26040196.52,2790,none
omp,2,256,100,16,dynamic,false,0,10,0.683330,2398.119,38.370,nan,nan,26040196.52,2750,none
omp,2,256,100,12,static,spread,1,1,0.518511,3160.408,50.567,nan,nan,26040196.52,2126,none
omp,1,1000,30,6,static,close,0,9,25.209510,1182.901,18.926,nan,nan,249276035.6,2113,none
omp,2,1000,30,1,static,false,1,6,25.995977,1147.114,18.354,nan,nan,249276035.6,1960,none
omp,1,256,100,16,dynamic,false,1,15,0.637470,2570.642,41.130,nan,nan,26040196.52,2059,none
omp,1,96,2000,8,dynamic,false,1,1,0.787843,2108.501,33.736,nan,nan,10583177.5,2332,none
omp,3,1000,30,16,dynamic,false,0,5,15.295014,1949.679,31.195,nan,nan,249276035.6,2119,none
omp,2,96,2000,1,dynamic,close,0,9,0.700011,2373.061,37.969,nan,nan,10583177.5,2414,none
omp,3,1000,30,8,static,spread,1,10,14.435720,2065.734,33.052,nan,nan,249276035.6,2072,none
omp,2,1000,30,1,static,spread,0,2,26.060569,1144.271,18.308,nan,nan,249276035.6,1872,none
omp,3,96,2000,16,static,false,0,15,0.220569,7531.277,120.500,nan,nan,10583177.5,2368,none
omp,3,96,2000,2,static,close,1,10,0.366508,4532.414,72.519,nan,nan,10583177.5,2213,none
omp,1,96,2000,4,dynamic,spread,0,3,0.999458,1662.069,26.593,nan,nan,10583177.5,2314,none
omp,1,96,2000,2,dynamic,close,1,1,0.430907,3855.053,61.681,nan,nan,10583177.5,2244,none
omp,3,256,100,48,dynamic,spread,0,7,0.962563,1702.441,27.239,nan,nan,26040196.52,2650,none
omp,2,1000,30,4,dynamic,spread,0,7,14.548285,2049.751,32.796,nan,nan,249276035.6,1961,none
omp,2,96,2000,48,static,spread,0,8,0.066427,25007.531,400.120,nan,nan,10583177.5,3649,none
omp,1,256,100,8,static,close,1,6,0.695684,2355.532,37.689,nan,nan,26040196.52,2419,none
omp,3,256,100,4,dynamic,close,1,2,0.946234,1731.819,27.709,nan,nan,26040196.52,2370,none
omp,1,96,2000,8,static,false,0,15,0.166309,9988.454,159.815,nan,nan,10583177.5,2423,none
omp,3,1000,30,48,dynamic,spread,0,12,14.817417,2012.521,32.200,nan,nan,249276035.6,3088,none
omp,2,1000,30,8,dynamic,spread,1,15,12.155303,2453.280,39.252,nan,nan,249276035.6,1953,none
omp,1,1000,30,48,dynamic,false,0,8,10.613832,2809.575,44.953,nan,nan,249276035.6,2287,none
omp,1,256,100,12,dynamic,close,0,3,0.624734,2623.048,41.969,nan,nan,26040196.52,3136,none
omp,2,1000,30,4,dynamic,spread,0,6,14.559820,2048.127,32.770,nan,nan,249276035.6,1814,none
omp,3,1000,30,12,dynamic,spread,1,7,16.908058,1763.677,28.219,nan,nan,249276035.6,1987,none
omp,3,1000,30,16,dynamic,close,1,2,15.734425,1895.230,30.324,nan,nan,249276035.6,2062,none
omp,1,96,2000,16,dynamic,close,0,14,0.690647,2405.234,38.484,nan,nan,10583177.5,2365,none
omp,1,96,2000,16,dynamic,spread,0,10,0.710560,2337.830,37.405,nan,nan,10583177.5,2531,none
omp,2,96,2000,48,dynamic,spread,1,2,0.711294,2335.417,37.367,nan,nan,10583177.5,3745,none
omp,3,1000,30,4,static,spread,1,3,13.497914,2209.257,35.348,nan,nan,249276035.6,1958,none
omp,2,256,100,12,static,close,1,6,0.578285,2833.736,45.340,114.260,nan,26040196.52,2787,perf-pkg
omp,2,96,2000,2,dynamic,spread,1,1,1.177301,1410.997,22.576,nan,nan,10583177.5,2218,none
omp,3,256,100,8,dynamic,close,0,5,0.921315,1778.660,28.459,nan,nan,26040196.52,2341,none
omp,1,1000,30,1,static,close,1,7,25.839946,1154.041,18.465,nan,nan,249276035.6,1874,none
omp,1,256,100,16,dynamic,false,1,3,0.650052,2520.886,40.334,nan,nan,26040196.52,2090,none
omp,2,1000,30,48,static,spread,0,3,15.383420,1938.474,31.016,nan,nan,249276035.6,2963,none
omp,3,256,100,6,static,close,1,10,0.821592,1994.551,31.913,nan,nan,26040196.52,2258,none
omp,1,96,2000,24,dynamic,spread,0,8,0.656843,2529.020,40.464,nan,nan,10583177.5,3353,none
omp,2,256,100,12,static,spread,1,9,0.514701,3183.800,50.941,nan,nan,26040196.52,2751,none
omp,2,1000,30,16,dynamic,false,1,9,10.782978,2765.503,44.248,nan,nan,249276035.6,2111,none
omp,3,1000,30,6,static,close,0,9,25.209651,1182.895,18.926,nan,nan,249276035.6,2158,none
omp,1,96,2000,4,dynamic,spread,1,3,0.996785,1666.526,26.664,nan,nan,10583177.5,2014,none
omp,2,96,2000,24,static,close,1,12,0.066424,25008.530,400.136,126.390,nan,10583177.5,2600,perf-pkg
omp,1,96,2000,12,static,false,0,2,0.181175,9168.847,146.702,nan,nan,10583177.5,2881,none
omp,1,256,100,24,static,spread,1,9,0.535485,3060.228,48.964,nan,nan,26040196.52,2417,none
omp,2,256,100,24,static,spread,1,12,0.533479,3071.736,49.148,nan,nan,26040196.52,3133,none
omp,2,1000,30,48,static,false,1,9,15.512311,1922.367,30.758,nan,nan,249276035.6,3295,none
omp,1,1000,30,48,dynamic,spread,1,1,10.519810,2834.686,45.355,nan,nan,249276035.6,2971,none
omp,2,256,100,16,static,false,0,1,0.538981,3040.381,48.646,nan,nan,26040196.52,2132,none
omp,2,256,100,4,dynamic,false,0,11,1.184497,1383.462,22.135,nan,nan,26040196.52,2116,none
omp,1,96,2000,6,dynamic,spread,1,5,0.828034,2006.159,32.099,nan,nan,10583177.5,2591,none
omp,1,256,100,12,dynamic,close,0,1,0.629659,2602.529,41.640,nan,nan,26040196.52,2472,none
omp,1,96,2000,24,dynamic,false,0,3,0.659337,2519.452,40.311,nan,nan,10583177.5,2548,none
omp,3,96,2000,4,static,close,0,10,0.190290,8729.688,139.675,nan,nan,10583177.5,3138,none
omp,2,96,2000,24,static,spread,0,7,0.071839,23123.426,369.975,nan,nan,10583177.5,3017,none
omp,1,256,100,12,static,false,1,6,0.531427,3083.597,49.338,nan,nan,26040196.52,2645,none
omp,3,256,100,16,static,false,1,6,0.539725,3036.187,48.579,nan,nan,26040196.52,2753,none
omp,2,256,100,24,dynamic,close,1,5,0.614785,2665.493,42.648,nan,nan,26040196.52,2289,none
omp,1,256,100,8,dynamic,false,0,8,0.932886,1756.598,28.106,nan,nan,26040196.52,2535,none
omp,1,256,100,12,static,close,0,7,0.574452,2852.642,45.642,nan,nan,26040196.52,2607,none
omp,2,1000,30,16,static,spread,0,7,16.112897,1850.714,29.611,nan,nan,249276035.6,2266,none
omp,2,1000,30,1,dynamic,false,0,6,26.114498,1141.908,18.271,nan,nan,249276035.6,1914,none
omp,2,256,100,48,static,close,1,4,0.595195,2753.225,44.052,132.390,nan,26040196.52,2926,perf-pkg
omp,1,96,2000,2,dynamic,close,1,14,0.430576,3858.014,61.728,nan,nan,10583177.5,3226,none
omp,1,1000,30,16,static,close,0,10,15.994431,1864.421,29.831,nan,nan,249276035.6,2302,none
omp,1,256,100,48,static,false,0,15,0.585182,2800.335,44.805,nan,nan,26040196.52,2821,none
omp,2,96,2000,16,static,close,1,12,0.071918,23098.062,369.569,119.570,nan,10583177.5,2851,perf-pkg
omp,1,1000,30,12,dynamic,close,0,12,11.625340,2565.117,41.042,nan,nan,249276035.6,2272,none
omp,2,1000,30,16,static,close,1,2,15.984072,1865.630,29.850,1829.780,nan,249276035.6,2412,perf-pkg
omp,3,256,100,48,dynamic,spread,0,12,1.141549,1435.512,22.968,nan,nan,26040196.52,2488,none
omp,2,1000,30,8,dynamic,spread,1,13,12.165528,2451.218,39.219,nan,nan,249276035.6,1986,none
omp,3,256,100,8,static,false,1,14,0.563445,2908.372,46.534,nan,nan,26040196.52,2224,none
omp,2,96,2000,8,static,close,1,1,0.111660,14877.040,238.033,115.460,nan,10583177.5,2633,perf-pkg
omp,2,96,2000,1,dynamic,close,0,14,0.699420,2375.064,38.001,nan,nan,10583177.5,2587,none
omp,2,1000,30,48,static,close,1,14,15.558554,1916.654,30.666,2194.650,nan,249276035.6,2847,perf-pkg
omp,2,96,2000,48,static,close,0,11,0.065641,25306.875,404.910,nan,nan,10583177.5,3692,none
omp,3,256,100,48,static,false,1,2,0.599376,2734.020,43.744,nan,nan,26040196.52,3358,none
omp,3,256,100,8,static,close,0,13,0.695764,2355.261,37.684,nan,nan,26040196.52,2838,none
omp,1,256,100,16,dynamic,close,1,14,0.595944,2749.765,43.996,nan,nan,26040196.52,2454,none
omp,3,96,2000,2,static,spread,0,4,0.385579,4308.243,68.932,nan,nan,10583177.5,2159,none
omp,1,256,100,16,static,close,0,4,0.556078,2946.902,47.150,nan,nan,26040196.52,2474,none
omp,2,1000,30,2,dynamic,close,1,13,16.753089,1779.992,28.480,nan,nan,249276035.6,1817,none
omp,3,96,2000,1,dynamic,close,1,8,0.876035,1896.235,30.340,nan,nan,10583177.5,1909,none
omp,3,96,2000,1,dynamic,spread,0,11,0.878285,1891.376,30.262,nan,nan,10583177.5,2029,none
omp,3,256,100,4,dynamic,false,0,14,1.702234,962.680,15.403,nan,nan,26040196.52,2087,none
omp,2,256,100,12,static,false,0,8,0.522680,3135.199,50.163,nan,nan,26040196.52,2163,none
omp,1,256,100,16,static,close,1,2,0.555414,2950.421,47.207,nan,nan,26040196.52,2095,none
omp,1,1000,30,6,static,close,0,7,25.185848,1184.013,18.944,nan,nan,249276035.6,2204,none
omp,1,96,2000,16,dynamic,spread,0,13,0.691472,2402.366,38.438,nan,nan,10583177.5,2352,none
omp,3,96,2000,2,dynamic,spread,0,13,2.838836,585.158,9.363,nan,nan,10583177.5,2148,none
omp,1,96,2000,2,static,false,0,13,0.373924,4442.532,71.081,nan,nan,10583177.5,2186,none
omp,3,1000,30,12,static,close,0,8,16.881842,1766.416,28.263,nan,nan,249276035.6,1929,none
omp,3,96,2000,4,static,close,1,5,0.187061,8880.354,142.086,nan,nan,10583177.5,2092,none
omp,1,1000,30,24,static,close,1,9,15.187295,1963.507,31.416,nan,nan,249276035.6,2720,none
omp,3,96,2000,12,dynamic,false,1,1,1.189526,1396.496,22.344,nan,nan,10583177.5,2735,none
omp,2,96,2000,16,static,spread,1,13,0.073460,22613.321,361.813,nan,nan,10583177.5,2766,none
omp,2,1000,30,16,static,false,0,10,14.505573,2055.786,32.893,nan,nan,249276035.6,2034,none
omp,1,256,100,1,dynamic,close,1,7,1.274299,1285.967,20.575,nan,nan,26040196.52,1978,none
omp,2,96,2000,24,dynamic,false,1,11,0.671372,2474.290,39.589,nan,nan,10583177.5,2880,none
omp,3,96,2000,8,dynamic,spread,0,10,1.468994,1130.820,18.093,nan,nan,10583177.5,2206,none
omp,1,1000,30,1,static,false,1,6,25.938086,1149.675,18.395,nan,nan,249276035.6,2109,none
omp,1,96,2000,24,static,spread,0,10,0.069340,23956.977,383.312,nan,nan,10583177.5,3138,none
omp,1,256,100,16,dynamic,spread,0,6,0.643051,2548.329,40.773,nan,nan,26040196.52,2799,none
seq,2,256,100,1,static,false,1,8,1.480866,1106.586,17.705,nan,nan,26040196.52,1996,none
omp,1,256,100,6,static,false,0,12,0.608622,2692.488,43.080,nan,nan,26040196.52,2087,none
omp,2,256,100,12,static,close,0,11,0.579741,2826.617,45.226,nan,nan,26040196.52,2192,none
omp,3,256,100,4,static,spread,0,3,0.539524,3037.316,48.597,nan,nan,26040196.52,2266,none
omp,2,1000,30,8,dynamic,close,0,10,11.739790,2540.110,40.642,nan,nan,249276035.6,2417,none
omp,2,256,100,2,static,false,1,6,0.808211,2027.573,32.441,nan,nan,26040196.52,1969,none
omp,2,1000,30,4,static,close,1,2,23.985747,1243.253,19.892,1742.760,nan,249276035.6,2303,perf-pkg
omp,1,1000,30,16,static,close,1,7,16.007527,1862.896,29.806,nan,nan,249276035.6,2536,none
omp,3,96,2000,12,static,spread,1,15,0.089677,18523.937,296.383,nan,nan,10583177.5,2992,none
omp,1,256,100,4,dynamic,spread,1,2,1.274694,1285.569,20.569,nan,nan,26040196.52,2081,none
omp,3,96,2000,2,static,spread,1,11,0.389908,4260.405,68.166,nan,nan,10583177.5,2073,none
omp,1,1000,30,24,static,false,0,9,14.968685,1992.183,31.875,nan,nan,249276035.6,2316,none
omp,1,1000,30,24,static,spread,1,11,15.198540,1962.054,31.393,nan,nan,249276035.6,2338,none
omp,3,256,100,12,dynamic,spread,0,13,1.105278,1482.619,23.722,nan,nan,26040196.52,2464,none
omp,2,96,2000,4,dynamic,close,0,13,0.251770,6597.966,105.567,nan,nan,10583177.5,2472,none
omp,2,96,2000,16,dynamic,spread,1,9,0.748419,2219.568,35.513,nan,nan,10583177.5,2894,none
omp,2,256,100,8,dynamic,close,0,4,0.641699,2553.698,40.859,nan,nan,26040196.52,2299,none
omp,1,256,100,16,static,spread,1,10,0.544769,3008.074,48.129,nan,nan,26040196.52,2505,none
omp,1,256,100,48,static,spread,1,11,0.599447,2733.695,43.739,nan,nan,26040196.52,3405,none
omp,1,1000,30,16,static,close,0,12,15.998081,1863.996,29.824,nan,nan,249276035.6,2520,none
omp,3,96,2000,6,static,false,1,15,0.180982,9178.627,146.858,nan,nan,10583177.5,2673,none
omp,1,256,100,8,static,close,1,5,0.693990,2361.283,37.781,nan,nan,26040196.52,2143,none
omp,3,256,100,12,static,close,0,10,0.575829,2845.823,45.533,nan,nan,26040196.52,2123,none
omp,2,256,100,1,dynamic,spread,0,15,1.505061,1088.797,17.421,nan,nan,26040196.52,2246,none
omp,1,256,100,1,dynamic,spread,0,15,1.206368,1358.381,21.734,nan,nan,26040196.52,1820,none
omp,1,1000,30,12,static,false,1,12,14.638217,2037.158,32.595,nan,nan,249276035.6,2234,none
omp,2,1000,30,16,dynamic,close,1,9,10.466085,2849.237,45.588,nan,nan,249276035.6,2426,none
omp,3,1000,30,12,static,false,0,14,14.244462,2093.470,33.496,nan,nan,249276035.6,1918,none
omp,2,96,2000,12,static,spread,1,9,0.086878,19120.693,305.931,nan,nan,10583177.5,2495,none
omp,3,96,2000,6,dynamic,false,0,14,1.759936,943.880,15.102,nan,nan,10583177.5,2401,none
omp,3,96,2000,2,dynamic,close,0,3,0.972785,1707.642,27.322,nan,nan,10583177.5,2042,none
omp,1,256,100,16,static,false,0,15,0.542421,3021.099,48.338,nan,nan,26040196.52,2230,none
omp,1,96,2000,2,dynamic,spread,0,11,1.186945,1399.533,22.393,nan,nan,10583177.5,2339,none
omp,3,256,100,48,dynamic,false,0,10,1.006717,1627.772,26.044,nan,nan,26040196.52,2676,none
omp,3,256,100,12,static,spread,0,10,0.512249,3199.042,51.185,nan,nan,26040196.52,2242,none
omp,3,256,100,2,dynamic,spread,0,5,2.262380,724.328,11.589,nan,nan,26040196.52,2140,none
omp,3,96,2000,48,static,close,0,13,0.065126,25506.959,408.111,nan,nan,10583177.5,3205,none
omp,3,256,100,12,static,close,0,6,0.598732,2736.962,43.791,nan,nan,26040196.52,2887,none
omp,3,96,2000,16,dynamic,close,0,4,0.874646,1899.247,30.388,nan,nan,10583177.5,2591,none
omp,3,1000,30,16,dynamic,spread,0,1,15.480155,1926.360,30.822,nan,nan,249276035.6,2070,none
omp,1,96,2000,24,dynamic,false,0,5,0.657913,2524.907,40.399,nan,nan,10583177.5,2657,none
omp,2,256,100,48,static,close,0,12,0.593011,2763.367,44.214,nan,nan,26040196.52,3274,none
omp,2,96,2000,24,static,spread,0,14,0.068408,24283.325,388.533,nan,nan,10583177.5,3849,none
omp,1,1000,30,12,static,spread,1,15,14.645525,2036.141,32.578,nan,nan,249276035.6,2080,none
omp,3,256,100,16,static,false,1,9,0.545692,3002.989,48.048,nan,nan,26040196.52,2258,none
omp,2,1000,30,1,static,spread,1,13,25.717935,1159.516,18.552,nan,nan,249276035.6,1814,none
omp,1,256,100,12,static,false,0,9,0.532927,3074.915,49.199,nan,nan,26040196.52,2145,none
omp,1,1000,30,16,dynamic,false,1,8,10.771404,2768.475,44.296,nan,nan,249276035.6,1853,none
omp,2,256,100,8,dynamic,spread,0,10,0.945415,1733.319,27.733,nan,nan,26040196.52,2428,none
omp,3,1000,30,8,static,spread,1,9,14.454691,2063.023,33.008,nan,nan,249276035.6,1951,none
omp,3,256,100,48,static,spread,1,7,0.574295,2853.421,45.655,nan,nan,26040196.52,3659,none
omp,2,256,100,8,dynamic,close,0,8,0.639794,2561.304,40.981,nan,nan,26040196.52,3090,none
omp,1,96,2000,2,static,close,0,6,0.349090,4758.573,76.137,nan,nan,10583177.5,2917,none
omp,1,96,2000,2,dynamic,close,1,8,0.433926,3828.227,61.252,nan,nan,10583177.5,2511,none
omp,2,96,2000,1,static,false,0,12,0.709915,2339.955,37.439,nan,nan,10583177.5,2302,none
omp,3,96,2000,2,static,close,0,8,0.369368,4497.327,71.957,nan,nan,10583177.5,2434,none
omp,1,1000,30,4,dynamic,false,1,7,15.418860,1934.018,30.944,nan,nan,249276035.6,1912,none
omp,1,96,2000,48,dynamic,false,1,13,0.601902,2759.865,44.158,nan,nan,10583177.5,3698,none
omp,2,1000,30,12,dynamic,spread,1,12,11.218025,2658.254,42.532,nan,nan,249276035.6,2035,none
omp,1,256,100,6,dynamic,spread,1,12,0.967500,1693.753,27.100,nan,nan,26040196.52,2114,none
omp,3,256,100,6,dynamic,false,1,11,1.450638,1129.646,18.074,nan,nan,26040196.52,2171,none
omp,1,96,2000,8,static,close,1,4,0.114214,14544.401,232.710,nan,nan,10583177.5,2547,none
omp,2,256,100,8,static,false,1,5,0.530617,3088.301,49.413,nan,nan,26040196.52,2320,none
omp,1,1000,30,8,static,spread,1,8,14.447885,2063.995,33.024,nan,nan,249276035.6,2078,none
omp,2,1000,30,4,static,spread,1,3,13.505175,2208.069,35.329,nan,nan,249276035.6,1931,none
omp,1,1000,30,48,static,spread,0,7,15.395247,1936.985,30.992,nan,nan,249276035.6,3378,none
omp,1,256,100,8,dynamic,spread,1,6,0.933938,1754.621,28.074,nan,nan,26040196.52,2416,none
omp,2,1000,30,12,static,spread,0,10,14.247728,2092.990,33.488,nan,nan,249276035.6,1994,none
omp,2,256,100,6,static,false,1,9,0.472678,3466.856,55.470,nan,nan,26040196.52,2169,none
omp,3,256,100,1,dynamic,false,0,15,1.403508,1167.579,18.681,nan,nan,26040196.52,1917,none
omp,2,1000,30,16,dynamic,spread,1,4,10.848173,2748.883,43.982,nan,nan,249276035.6,2107,none
omp,1,96,2000,2,dynamic,spread,1,7,1.231405,1349.002,21.584,nan,nan,10583177.5,1964,none
omp,1,96,2000,4,static,close,1,14,0.180524,9201.933,147.231,nan,nan,10583177.5,2082,none
omp,3,1000,30,24,dynamic,close,0,11,15.160730,1966.947,31.471,nan,nan,249276035.6,2610,none
omp,3,96,2000,48,dynamic,spread,0,6,0.854677,1943.621,31.098,nan,nan,10583177.5,3575,none
omp,1,96,2000,24,dynamic,close,0,2,0.652925,2544.196,40.707,nan,nan,10583177.5,3139,none
omp,1,96,2000,24,dynamic,close,1,14,0.666617,2491.938,39.871,nan,nan,10583177.5,3021,none
omp,2,96,2000,16,static,close,1,11,0.072712,22845.997,365.536,118.650,nan,10583177.5,2589,perf-pkg
omp,1,96,2000,8,dynamic,close,0,10,0.634315,2618.836,41.901,nan,nan,10583177.5,2582,none
omp,3,1000,30,24,static,close,1,1,15.148299,1968.562,31.497,nan,nan,249276035.6,2124,none
omp,1,96,2000,24,dynamic,spread,0,13,0.718903,2310.699,36.971,nan,nan,10583177.5,3259,none
omp,3,1000,30,6,dynamic,spread,1,13,18.234948,1635.341,26.165,nan,nan,249276035.6,2010,none
omp,3,256,100,12,dynamic,spread,0,2,0.985579,1662.684,26.603,nan,nan,26040196.52,2261,none
omp,1,256,100,48,static,false,1,5,0.593093,2762.984,44.208,nan,nan,26040196.52,2416,none
omp,2,96,2000,4,static,close,0,10,0.186216,8920.632,142.730,nan,nan,10583177.5,3304,none
omp,1,256,100,2,dynamic,false,0,13,0.923323,1774.791,28.397,nan,nan,26040196.52,2919,none
omp,3,96,2000,2,dynamic,spread,1,10,2.793898,594.570,9.513,nan,nan,10583177.5,2040,none
omp,1,96,2000,2,static,false,1,2,0.364106,4562.326,72.997,nan,nan,10583177.5,2000,none
omp,3,96,2000,8,dynamic,spread,0,12,1.442762,1151.380,18.422,nan,nan,10583177.5,1963,none
omp,2,1000,30,24,dynamic,close,0,3,10.363862,2877.341,46.037,nan,nan,249276035.6,2109,none
omp,2,256,100,4,dynamic,close,0,14,0.769373,2129.925,34.079,nan,nan,26040196.52,2413,none
omp,2,256,100,48,dynamic,false,1,1,0.619906,2643.475,42.296,nan,nan,26040196.52,2379,none
omp,3,1000,30,2,static,close,0,10,22.816956,1306.939,20.911,nan,nan,249276035.6,1967,none
omp,3,256,100,24,static,false,0,1,0.576897,2840.551,45.449,nan,nan,26040196.52,2350,none
omp,1,96,2000,16,static,false,1,5,0.220953,7518.181,120.291,nan,nan,10583177.5,2452,none
omp,2,1000,30,2,static,close,1,10,22.994279,1296.860,20.750,1740.380,nan,249276035.6,1968,perf-pkg
omp,2,256,100,24,dynamic,false,0,1,0.627910,2609.780,41.756,nan,nan,26040196.52,2914,none
omp,2,96,2000,1,static,spread,1,6,0.695937,2386.953,38.191,nan,nan,10583177.5,1857,none
omp,3,1000,30,12,static,spread,0,9,14.301527,2085.117,33.362,nan,nan,249276035.6,1919,none
omp,2,96,2000,48,static,close,0,4,0.065315,25433.004,406.928,nan,nan,10583177.5,4355,none
omp,2,96,2000,24,dynamic,close,0,15,0.764494,2172.899,34.766,nan,nan,10583177.5,3270,none
omp,1,256,100,1,static,spread,0,11,1.269482,1290.846,20.654,nan,nan,26040196.52,2636,none
omp,3,256,100,8,static,close,1,5,0.692099,2367.735,37.884,nan,nan,26040196.52,2828,none
omp,1,256,100,12,dynamic,spread,1,10,0.701085,2337.386,37.398,nan,nan,26040196.52,2076,none
omp,1,96,2000,2,dynamic,false,1,10,1.199518,1384.863,22.158,nan,nan,10583177.5,2191,none
omp,2,96,2000,16,static,false,1,7,0.214492,7744.675,123.915,nan,nan,10583177.5,2639,none
omp,1,1000,30,2,static,false,0,4,16.159497,1845.377,29.526,nan,nan,249276035.6,1965,none
omp,2,256,100,48,static,close,0,5,0.588923,2782.547,44.521,nan,nan,26040196.52,3517,none
omp,1,1000,30,16,dynamic,spread,1,8,10.853906,2747.431,43.959,nan,nan,249276035.6,2272,none
seq,2,96,2000,1,static,false,1,2,0.728636,2279.833,36.477,nan,nan,10583177.5,2114,none
omp,2,256,100,4,static,false,1,3,0.553435,2960.971,47.376,nan,nan,26040196.52,2005,none
omp,2,1000,30,16,dynamic,spread,0,2,10.687356,2790.247,44.644,nan,nan,249276035.6,2516,none
omp,3,1000,30,1,static,false,1,2,25.875818,1152.441,18.439,nan,nan,249276035.6,1966,none
omp,2,96,2000,48,dynamic,spread,0,15,0.633594,2621.817,41.949,nan,nan,10583177.5,3220,none
omp,3,96,2000,12,dynamic,spread,1,11,1.213029,1369.438,21.911,nan,nan,10583177.5,2773,none
omp,1,1000,30,6,static,false,1,11,14.280259,2088.223,33.412,nan,nan,249276035.6,1960,none
omp,3,1000,30,48,dynamic,spread,0,3,14.870097,2005.391,32.086,nan,nan,249276035.6,2685,none
omp,1,256,100,1,dynamic,close,0,5,1.303673,1256.992,20.112,nan,nan,26040196.52,2216,none
omp,2,256,100,4,static,false,0,14,0.562165,2914.992,46.640,nan,nan,26040196.52,2133,none
omp,1,1000,30,16,dynamic,spread,0,11,10.677675,2792.776,44.684,nan,nan,249276035.6,2159,none
omp,1,256,100,6,dynamic,false,0,10,0.913211,1794.444,28.711,nan,nan,26040196.52,2071,none
omp,1,256,100,6,static,close,0,4,0.823363,1990.260,31.844,nan,nan,26040196.52,2028,none
omp,1,96,2000,6,dynamic,close,1,2,0.189027,8787.989,140.608,nan,nan,10583177.5,2133,none
omp,3,256,100,8,dynamic,false,0,5,1.141898,1435.073,22.961,nan,nan,26040196.52,2336,none
omp,3,1000,30,8,dynamic,false,1,6,17.413316,1712.503,27.400,nan,nan,249276035.6,2024,none
omp,1,96,2000,24,dynamic,close,0,4,0.653192,2543.154,40.690,nan,nan,10583177.5,2771,none
omp,3,1000,30,12,static,false,1,4,14.632083,2038.012,32.608,nan,nan,249276035.6,2034,none
omp,1,96,2000,16,dynamic,false,0,1,0.694416,2392.178,38.275,nan,nan,10583177.5,2274,none
omp,2,256,100,2,static,spread,1,15,0.793360,2065.528,33.048,nan,nan,26040196.52,2218,none
omp,1,1000,30,1,static,spread,0,15,25.731088,1158.923,18.543,nan,nan,249276035.6,1955,none
omp,2,96,2000,24,dynamic,spread,1,5,0.686726,2418.969,38.703,nan,nan,10583177.5,3074,none
omp,3,256,100,1,static,false,0,2,1.348370,1215.324,19.445,nan,nan,26040196.52,2440,none
omp,1,256,100,2,static,spread,0,12,0.748042,2190.662,35.051,nan,nan,26040196.52,1936,none
omp,1,1000,30,12,dynamic,false,0,10,10.903639,2734.900,43.758,nan,nan,249276035.6,1957,none
omp,2,96,2000,12,static,spread,0,3,0.091114,18231.682,291.707,nan,nan,10583177.5,2229,none
omp,3,96,2000,4,static,spread,1,5,0.227197,7311.582,116.985,nan,nan,10583177.5,2549,none
omp,1,256,100,1,static,false,0,13,1.310008,1250.913,20.015,nan,nan,26040196.52,2269,none
omp,2,96,2000,48,dynamic,close,0,5,0.623862,2662.718,42.603,nan,nan,10583177.5,3597,none
omp,1,1000,30,6,dynamic,close,0,8,16.725456,1782.932,28.527,nan,nan,249276035.6,2335,none
omp,2,96,2000,24,static,spread,1,12,0.066140,25116.125,401.858,nan,nan,10583177.5,2985,none
omp,3,1000,30,1,dynamic,spread,1,8,26.050782,1144.701,18.315,nan,nan,249276035.6,1916,none
omp,1,96,2000,24,dynamic,spread,1,9,0.649199,2558.797,40.941,nan,nan,10583177.5,3158,none
omp,3,96,2000,4,static,false,0,7,0.223959,7417.279,118.676,nan,nan,10583177.5,2795,none
omp,3,1000,30,4,static,close,1,6,24.112944,1236.695,19.787,nan,nan,249276035.6,1881,none
omp,3,1000,30,6,dynamic,false,0,6,16.796199,1775.423,28.407,nan,nan,249276035.6,1941,none
omp,3,256,100,6,static,false,1,3,0.474544,3453.221,55.252,nan,nan,26040196.52,2111,none
omp,2,96,2000,12,static,false,0,9,0.182042,9125.188,146.003,nan,nan,10583177.5,2325,none
omp,1,1000,30,4,dynamic,false,1,5,15.429223,1932.719,30.924,nan,nan,249276035.6,1960,none
omp,1,256,100,12,dynamic,false,0,13,0.734268,2231.756,35.708,nan,nan,26040196.52,2422,none
omp,3,96,2000,12,static,spread,1,9,0.097711,17000.902,272.014,nan,nan,10583177.5,2615,none
omp,3,256,100,8,dynamic,false,1,13,1.127431,1453.487,23.256,nan,nan,26040196.52,2037,none
omp,1,1000,30,12,dynamic,false,1,13,11.191316,2664.598,42.634,nan,nan,249276035.6,2161,none
omp,3,256,100,6,static,spread,0,8,0.489193,3349.816,53.597,nan,nan,26040196.52,2163,none
omp,1,1000,30,24,static,spread,0,5,14.934214,1996.781,31.949,nan,nan,249276035.6,2904,none
omp,3,1000,30,2,static,spread,1,8,16.320923,1827.125,29.234,nan,nan,249276035.6,1987,none
omp,2,1000,30,2,dynamic,false,1,4,17.368909,1716.882,27.470,nan,nan,249276035.6,1960,none
omp,3,1000,30,4,dynamic,close,0,8,17.445073,1709.386,27.350,nan,nan,249276035.6,1976,none
omp,3,96,2000,24,static,false,1,14,0.315883,5258.808,84.141,nan,nan,10583177.5,2807,none
omp,3,256,100,8,dynamic,close,1,12,0.928624,1764.662,28.235,nan,nan,26040196.52,2232,none
omp,3,256,100,1,static,spread,0,14,1.307123,1253.675,20.059,nan,nan,26040196.52,2166,none
omp,1,96,2000,8,dynamic,spread,0,12,0.796201,2086.368,33.382,nan,nan,10583177.5,2226,none
omp,2,96,2000,1,static,false,0,8,0.695770,2387.526,38.200,nan,nan,10583177.5,2077,none
omp,2,1000,30,8,static,spread,0,1,13.940163,2139.169,34.227,nan,nan,249276035.6,1982,none
omp,1,256,100,48,dynamic,false,1,4,0.782930,2093.044,33.489,nan,nan,26040196.52,2571,none
omp,1,256,100,16,dynamic,close,1,8,0.594618,2755.899,44.094,nan,nan,26040196.52,2417,none
omp,2,1000,30,16,static,close,0,9,16.001223,1863.630,29.818,nan,nan,249276035.6,2208,none
omp,3,96,2000,2,static,false,0,14,0.383055,4336.636,69.386,nan,nan,10583177.5,2063,none
omp,3,256,100,48,static,spread,0,4,0.674018,2431.250,38.900,nan,nan,26040196.52,3035,none
omp,1,96,2000,16,dynamic,false,0,11,0.691822,2401.150,38.418,nan,nan,10583177.5,2267,none
omp,3,96,2000,1,static,close,1,7,0.728641,2279.816,36.477,nan,nan,10583177.5,2274,none
omp,1,256,100,16,dynamic,spread,1,3,0.631315,2595.702,41.531,nan,nan,26040196.52,2238,none
omp,1,1000,30,12,static,false,1,1,14.629561,2038.363,32.614,nan,nan,249276035.6,2298,none
omp,3,256,100,6,dynamic,spread,0,14,1.417862,1155.759,18.492,nan,nan,26040196.52,2148,none
omp,3,1000,30,12,dynamic,false,1,7,16.919481,1762.487,28.200,nan,nan,249276035.6,2070,none
omp,3,256,100,48,dynamic,close,1,4,1.027958,1594.138,25.506,nan,nan,26040196.52,3244,none
omp,3,1000,30,48,dynamic,spread,0,7,14.781529,2017.407,32.279,nan,nan,249276035.6,2484,none
omp,2,256,100,16,static,spread,0,10,0.533365,3072.389,49.158,nan,nan,26040196.52,2836,none
omp,3,1000,30,24,static,spread,0,12,14.885384,2003.332,32.053,nan,nan,249276035.6,2369,none
omp,3,1000,30,4,static,spread,1,12,13.489032,2210.712,35.371,nan,nan,249276035.6,1956,none
omp,3,256,100,24,static,spread,1,13,0.535444,3060.463,48.967,nan,nan,26040196.52,2499,none
omp,1,96,2000,48,dynamic,spread,1,14,0.717917,2313.873,37.022,nan,nan,10583177.5,3130,none
omp,3,96,2000,2,dynamic,close,1,15,0.948698,1750.998,28.016,nan,nan,10583177.5,2749,none
omp,1,96,2000,16,dynamic,false,1,1,0.715598,2321.369,37.142,nan,nan,10583177.5,3193,none
omp,2,1000,30,4,static,false,0,9,12.892368,2313.024,37.008,nan,nan,249276035.6,1940,none
omp,2,256,100,24,static,close,0,1,0.535779,3058.546,48.937,nan,nan,26040196.52,2197,none
omp,1,96,2000,48,static,spread,0,6,0.185950,8933.415,142.935,nan,nan,10583177.5,3507,none
omp,2,256,100,4,dynamic,close,0,6,0.775088,2114.219,33.828,nan,nan,26040196.52,2082,none
omp,3,256,100,48,static,spread,1,9,0.571049,2869.644,45.914,nan,nan,26040196.52,3282,none
omp,2,256,100,24,dynamic,false,0,12,0.609582,2688.245,43.012,nan,nan,26040196.52,3492,none
omp,3,1000,30,48,static,close,0,7,15.351885,1942.456,31.079,nan,nan,249276035.6,2474,none
omp,3,256,100,48,static,false,0,10,0.661080,2478.834,39.661,nan,nan,26040196.52,2563,none
omp,1,1000,30,6,dynamic,false,1,15,13.290547,2243.727,35.900,nan,nan,249276035.6,2060,none
omp,3,1000,30,2,static,false,0,12,16.367056,1821.975,29.152,nan,nan,249276035.6,2015,none
omp,3,1000,30,4,static,false,1,7,13.553448,2200.205,35.203,nan,nan,249276035.6,1946,none
omp,1,1000,30,12,dynamic,false,1,9,11.199246,2662.711,42.603,nan,nan,249276035.6,1947,none
omp,3,1000,30,48,static,close,1,5,15.495114,1924.501,30.792,nan,nan,249276035.6,3280,none
omp,3,256,100,4,dynamic,spread,0,8,1.675877,977.820,15.645,nan,nan,26040196.52,2697,none
omp,1,1000,30,4,static,spread,1,6,13.516102,2206.284,35.301,nan,nan,249276035.6,2000,none
omp,3,256,100,2,dynamic,false,1,11,2.001926,818.565,13.097,nan,nan,26040196.52,2051,none
omp,1,1000,30,24,dynamic,spread,0,15,10.417020,2862.658,45.803,nan,nan,249276035.6,2325,none
omp,1,96,2000,6,dynamic,close,1,12,0.189584,8762.155,140.194,nan,nan,10583177.5,3001,none
omp,3,256,100,2,dynamic,false,0,10,2.082159,787.023,12.592,nan,nan,26040196.52,2081,none
omp,1,96,2000,2,static,spread,0,1,0.395056,4204.896,67.278,nan,nan,10583177.5,2113,none
omp,2,256,100,1,static,close,1,2,1.234409,1327.523,21.240,99.980,nan,26040196.52,2095,perf-pkg
omp,3,256,100,6,dynamic,spread,0,13,1.376400,1190.575,19.049,nan,nan,26040196.52,2051,none
omp,3,256,100,6,dynamic,false,0,5,1.370400,1195.787,19.133,nan,nan,26040196.52,1885,none
omp,3,1000,30,24,dynamic,spread,1,5,16.753858,1779.910,28.479,nan,nan,249276035.6,2360,none
omp,2,1000,30,16,static,false,1,13,14.789498,2016.320,32.261,nan,nan,249276035.6,2063,none
omp,1,256,100,4,static,close,0,5,0.784379,2089.177,33.427,nan,nan,26040196.52,2433,none
omp,1,1000,30,2,dynamic,spread,0,9,16.786882,1776.408,28.423,nan,nan,249276035.6,1878,none
seq,2,96,2000,1,static,false,0,13,0.701918,2366.613,37.866,nan,nan,10583177.5,1889,none
omp,3,256,100,12,dynamic,spread,0,4,0.968568,1691.886,27.070,nan,nan,26040196.52,2160,none
omp,3,1000,30,8,dynamic,false,0,15,15.954103,1869.134,29.906,nan,nan,249276035.6,1947,none
omp,2,1000,30,4,static,spread,1,12,13.453349,2216.575,35.465,nan,nan,249276035.6,2020,none
omp,3,1000,30,1,static,false,1,10,25.850716,1153.560,18.457,nan,nan,249276035.6,2069,none
omp,3,1000,30,24,dynamic,false,1,11,16.707305,1784.869,28.558,nan,nan,249276035.6,1958,none
omp,2,96,2000,12,static,close,1,11,0.082968,20021.750,320.348,110.400,nan,10583177.5,2716,perf-pkg
omp,3,96,2000,8,static,close,0,6,0.114796,14470.609,231.530,nan,nan,10583177.5,3144,none
omp,3,1000,30,6,static,false,0,1,13.993178,2131.064,34.097,nan,nan,249276035.6,1932,none
omp,2,256,100,4,static,spread,1,13,0.548498,2987.627,47.802,nan,nan,26040196.52,2112,none
omp,1,256,100,2,dynamic,close,1,6,0.841653,1947.009,31.152,nan,nan,26040196.52,2228,none
omp,1,256,100,4,dynamic,false,1,6,1.218459,1344.901,21.518,nan,nan,26040196.52,1889,none
omp,3,96,2000,2,dynamic,spread,0,12,2.876416,577.513,9.240,nan,nan,10583177.5,2043,none
omp,3,96,2000,6,static,close,1,1,0.126954,13084.774,209.356,nan,nan,10583177.5,2053,none
omp,1,96,2000,8,static,spread,1,12,0.117986,14079.380,225.270,nan,nan,10583177.5,2342,none
omp,3,96,2000,2,dynamic,false,1,2,2.828716,587.252,9.396,nan,nan,10583177.5,1989,none
omp,2,256,100,6,dynamic,close,1,2,0.791738,2069.758,33.116,nan,nan,26040196.52,2259,none
omp,2,1000,30,8,dynamic,false,1,9,12.151157,2454.117,39.266,nan,nan,249276035.6,2016,none
omp,1,1000,30,12,static,spread,1,13,14.632203,2037.995,32.608,nan,nan,249276035.6,1943,none
omp,2,1000,30,16,static,spread,1,14,16.292924,1830.264,29.284,nan,nan,249276035.6,2148,none
omp,3,1000,30,1,dynamic,spread,0,7,26.029075,1145.656,18.330,nan,nan,249276035.6,2082,none
omp,1,256,100,8,static,spread,0,1,0.508786,3220.820,51.533,nan,nan,26040196.52,2033,none
omp,1,1000,30,48,static,close,1,2,15.527835,1920.445,30.727,nan,nan,249276035.6,2795,none
omp,2,1000,30,16,dynamic,false,1,12,10.788993,2763.961,44.223,nan,nan,249276035.6,2174,none
omp,3,256,100,24,dynamic,close,0,8,1.017003,1611.310,25.781,nan,nan,26040196.52,2888,none
omp,3,96,2000,16,dynamic,spread,0,9,1.033624,1607.130,25.714,nan,nan,10583177.5,2316,none
omp,3,1000,30,48,static,close,0,14,15.359981,1941.432,31.063,nan,nan,249276035.6,2960,none
omp,1,256,100,2,static,close,0,9,0.847550,1933.462,30.935,nan,nan,26040196.52,2330,none
omp,1,256,100,6,dynamic,spread,0,13,0.913228,1794.411,28.711,nan,nan,26040196.52,2477,none
omp,1,1000,30,2,dynamic,false,0,6,17.015428,1752.548,28.041,nan,nan,249276035.6,1919,none
omp,2,256,100,12,static,false,0,12,0.522009,3139.230,50.228,nan,nan,26040196.52,1806,none
omp,1,96,2000,2,dynamic,false,0,2,1.202336,1381.618,22.106,nan,nan,10583177.5,1980,none
omp,1,256,100,24,dynamic,close,0,2,0.607893,2695.715,43.131,nan,nan,26040196.52,2281,none
omp,3,96,2000,12,dynamic,false,1,13,1.200305,1383.955,22.143,nan,nan,10583177.5,2309,none
omp,1,96,2000,48,static,spread,0,14,0.077813,21348.263,341.572,nan,nan,10583177.5,4081,none
omp,2,256,100,12,static,close,0,9,0.578369,2833.322,45.333,nan,nan,26040196.52,2601,none
omp,3,1000,30,48,dynamic,close,1,2,16.632283,1792.920,28.687,nan,nan,249276035.6,2645,none
omp,3,96,2000,6,static,false,1,2,0.175211,9480.948,151.695,nan,nan,10583177.5,3615,none
omp,2,96,2000,24,static,false,1,14,0.305102,5444.634,87.114,nan,nan,10583177.5,3052,none
omp,1,256,100,16,dynamic,false,1,2,0.647289,2531.646,40.506,nan,nan,26040196.52,2585,none
omp,2,256,100,4,dynamic,false,0,14,1.212950,1351.009,21.616,nan,nan,26040196.52,2327,none
omp,2,96,2000,24,static,false,0,6,0.300374,5530.333,88.485,nan,nan,10583177.5,3371,none
omp,3,256,100,6,dynamic,spread,1,7,1.368549,1197.404,19.158,nan,nan,26040196.52,2391,none
omp,3,256,100,24,dynamic,false,1,10,0.935227,1752.202,28.035,nan,nan,26040196.52,2327,none
omp,3,96,2000,8,static,close,1,3,0.113401,14648.596,234.378,nan,nan,10583177.5,2854,none
omp,2,256,100,6,dynamic,close,0,5,0.798488,2052.261,32.836,nan,nan,26040196.52,2489,none
omp,3,96,2000,24,static,false,0,15,0.310975,5341.807,85.469,nan,nan,10583177.5,3094,none
omp,2,1000,30,6,dynamic,close,1,4,16.771537,1778.034,28.449,nan,nan,249276035.6,2123,none
omp,2,96,2000,8,dynamic,close,1,9,0.644342,2578.085,41.249,nan,nan,10583177.5,2191,none
omp,3,1000,30,16,static,false,1,5,14.803670,2014.390,32.230,nan,nan,249276035.6,2426,none
omp,1,1000,30,1,dynamic,false,1,3,25.882695,1152.135,18.434,nan,nan,249276035.6,1959,none
omp,3,1000,30,24,static,close,1,11,15.167825,1966.027,31.456,nan,nan,249276035.6,2442,none
omp,2,96,2000,4,static,false,1,1,0.215828,7696.721,123.148,nan,nan,10583177.5,2597,none
omp,3,96,2000,1,dynamic,close,0,8,0.876362,1895.527,30.328,nan,nan,10583177.5,2497,none
omp,1,96,2000,2,static,spread,1,2,0.366278,4535.262,72.564,nan,nan,10583177.5,2527,none
omp,2,96,2000,16,static,close,0,5,0.073131,22715.078,363.441,nan,nan,10583177.5,2606,none
omp,3,1000,30,12,static,spread,0,7,14.237400,2094.509,33.512,nan,nan,249276035.6,1988,none
omp,3,256,100,4,static,false,0,9,0.576818,2840.943,45.455,nan,nan,26040196.52,2229,none
omp,1,1000,30,6,static,false,1,10,14.316472,2082.940,33.327,nan,nan,249276035.6,1969,none
omp,3,96,2000,16,static,false,1,10,0.224323,7405.236,118.484,nan,nan,10583177.5,2779,none
omp,2,96,2000,24,dynamic,false,1,10,0.674253,2463.717,39.419,nan,nan,10583177.5,2699,none
omp,1,96,2000,8,dynamic,close,0,5,0.634800,2616.835,41.869,nan,nan,10583177.5,2707,none
omp,2,1000,30,1,static,close,1,6,25.858205,1153.226,18.452,2132.570,nan,249276035.6,1912,perf-pkg
omp,3,1000,30,12,static,close,1,5,16.822613,1772.635,28.362,nan,nan,249276035.6,2170,none
omp,3,256,100,4,dynamic,close,0,9,0.973724,1682.927,26.927,nan,nan,26040196.52,2285,none
omp,1,96,2000,24,static,spread,0,4,0.067898,24465.723,391.452,nan,nan,10583177.5,3088,none
omp,3,96,2000,6,dynamic,close,1,2,0.506212,3281.569,52.505,nan,nan,10583177.5,2932,none
omp,3,256,100,24,dynamic,false,1,9,1.047799,1563.951,25.023,nan,nan,26040196.52,2547,none
omp,3,96,2000,16,dynamic,close,1,6,1.033396,1607.485,25.720,nan,nan,10583177.5,2981,none
omp,2,256,100,24,static,spread,1,2,0.545637,3003.292,48.053,nan,nan,26040196.52,2572,none
omp,2,96,2000,16,dynamic,close,1,14,0.677312,2452.591,39.241,nan,nan,10583177.5,2673,none
omp,1,96,2000,12,dynamic,spread,0,6,0.762669,2178.099,34.850,nan,nan,10583177.5,2427,none
omp,2,1000,30,2,static,false,0,14,15.844602,1882.052,30.113,nan,nan,249276035.6,1987,none
omp,1,1000,30,4,dynamic,spread,1,10,15.388745,1937.803,31.005,nan,nan,249276035.6,1866,none
omp,3,1000,30,48,dynamic,false,1,6,16.661743,1789.750,28.636,nan,nan,249276035.6,2954,none
omp,3,96,2000,8,dynamic,spread,1,12,1.402380,1184.535,18.953,nan,nan,10583177.5,2194,none
omp,1,96,2000,12,static,close,0,6,0.083172,19972.668,319.563,nan,nan,10583177.5,2333,none
omp,1,96,2000,8,static,spread,0,8,0.117740,14108.798,225.741,nan,nan,10583177.5,2469,none
omp,3,1000,30,48,dynamic,spread,0,15,14.801254,2014.718,32.235,nan,nan,249276035.6,2813,none
omp,2,256,100,2,dynamic,spread,1,1,0.886922,1847.633,29.562,nan,nan,26040196.52,2023,none
omp,1,96,2000,24,static,spread,1,2,0.067799,24501.544,392.025,nan,nan,10583177.5,3041,none
omp,2,256,100,12,static,close,0,1,0.578473,2832.816,45.325,nan,nan,26040196.52,2747,none
omp,3,256,100,1,dynamic,close,1,12,1.240949,1320.527,21.128,nan,nan,26040196.52,2009,none
omp,3,96,2000,8,dynamic,spread,1,2,1.423369,1167.067,18.673,nan,nan,10583177.5,2357,none
omp,2,256,100,4,dynamic,false,0,1,1.294845,1265.562,20.249,nan,nan,26040196.52,2071,none
omp,1,1000,30,8,static,false,1,10,14.464350,2061.645,32.986,nan,nan,249276035.6,2077,none
omp,1,256,100,1,static,spread,1,4,1.267172,1293.200,20.691,nan,nan,26040196.52,1853,none
omp,1,1000,30,1,static,spread,1,12,25.778147,1156.808,18.509,nan,nan,249276035.6,1974,none
omp,1,1000,30,24,dynamic,false,0,5,10.455640,2852.084,45.633,nan,nan,249276035.6,2343,none
omp,3,1000,30,48,dynamic,false,0,7,14.831908,2010.555,32.169,nan,nan,249276035.6,3196,none
omp,3,256,100,16,static,close,1,8,0.551942,2968.982,47.504,nan,nan,26040196.52,3032,none
omp,1,256,100,8,dynamic,false,0,9,0.924788,1771.980,28.352,nan,nan,26040196.52,2182,none
omp,1,1000,30,1,dynamic,spread,0,4,25.676431,1161.390,18.582,nan,nan,249276035.6,1883,none
omp,2,256,100,16,static,false,1,9,0.537028,3051.436,48.823,nan,nan,26040196.52,2135,none
omp,3,1000,30,24,static,spread,1,8,15.162821,1966.676,31.467,nan,nan,249276035.6,2286,none
omp,2,1000,30,6,dynamic,spread,0,12,12.705413,2347.059,37.553,nan,nan,249276035.6,2012,none
omp,3,96,2000,24,dynamic,spread,0,7,0.932132,1782.117,28.514,nan,nan,10583177.5,2673,none
omp,3,1000,30,8,dynamic,false,0,1,15.900126,1875.480,30.008,nan,nan,249276035.6,1989,none
omp,3,256,100,16,dynamic,close,1,3,0.838208,1955.012,31.280,nan,nan,26040196.52,2522,none
omp,2,96,2000,4,dynamic,spread,1,11,1.004307,1654.044,26.465,nan,nan,10583177.5,2281,none
omp,2,96,2000,48,static,spread,1,4,0.061053,27208.826,435.341,nan,nan,10583177.5,3392,none
omp,2,256,100,16,dynamic,false,0,6,0.630243,2600.117,41.602,nan,nan,26040196.52,2206,none
omp,3,1000,30,24,static,false,0,8,14.860266,2006.718,32.107,nan,nan,249276035.6,2086,none
omp,3,1000,30,1,static,close,1,14,25.836497,1154.195,18.467,nan,nan,249276035.6,2067,none
omp,1,256,100,1,static,false,0,9,1.435832,1141.294,18.261,nan,nan,26040196.52,1912,none
omp,1,256,100,4,dynamic,close,1,11,0.772675,2120.823,33.933,nan,nan,26040196.52,1997,none
omp,3,256,100,8,dynamic,spread,0,3,1.169689,1400.977,22.416,nan,nan,26040196.52,2357,none
omp,2,1000,30,16,static,false,0,5,14.410983,2069.280,33.108,nan,nan,249276035.6,2214,none
omp,1,1000,30,4,static,spread,1,13,13.472130,2213.485,35.416,nan,nan,249276035.6,1869,none
omp,2,1000,30,24,static,spread,1,1,15.171456,1965.557,31.449,nan,nan,249276035.6,2362,none
omp,1,1000,30,16,dynamic,spread,1,7,10.858092,2746.372,43.942,nan,nan,249276035.6,2300,none
omp,3,256,100,12,static,close,0,14,0.576139,2844.290,45.509,nan,nan,26040196.52,2577,none
omp,2,96,2000,16,dynamic,false,1,15,0.691930,2400.774,38.412,nan,nan,10583177.5,2759,none
omp,3,1000,30,6,static,spread,1,3,14.305926,2084.476,33.352,nan,nan,249276035.6,2149,none
omp,1,256,100,1,static,spread,1,13,1.200185,1365.378,21.846,nan,nan,26040196.52,2018,none
omp,3,96,2000,16,dynamic,false,1,1,1.069935,1552.588,24.841,nan,nan,10583177.5,2146,none
omp,2,256,100,1,static,close,0,5,1.208901,1355.534,21.689,nan,nan,26040196.52,2350,none
omp,1,96,2000,6,static,close,0,7,0.128450,12932.395,206.918,nan,nan,10583177.5,2073,none
omp,3,1000,30,48,dynamic,false,1,13,16.659404,1790.002,28.640,nan,nan,249276035.6,2614,none
omp,1,1000,30,2,dynamic,false,0,12,16.812247,1773.728,28.380,nan,nan,249276035.6,2057,none
omp,1,256,100,4,dynamic,false,0,10,1.210645,1353.581,21.657,nan,nan,26040196.52,2166,none
omp,2,1000,30,8,dynamic,close,0,5,12.030092,2478.814,39.661,nan,nan,249276035.6,2183,none
omp,1,96,2000,4,dynamic,spread,1,13,0.961389,1727.884,27.646,nan,nan,10583177.5,2028,none
omp,2,256,100,12,static,false,0,7,0.520952,3145.601,50.330,nan,nan,26040196.52,2080,none
omp,2,1000,30,16,dynamic,close,1,12,10.488540,2843.137,45.490,nan,nan,249276035.6,2278,none
omp,2,256,100,16,static,close,0,6,0.552017,2968.579,47.497,nan,nan,26040196.52,2366,none
omp,3,256,100,1,static,spread,1,11,1.180584,1388.048,22.209,nan,nan,26040196.52,1966,none
omp,1,1000,30,24,static,close,1,5,15.213399,1960.138,31.362,nan,nan,249276035.6,2233,none
omp,3,256,100,2,dynamic,spread,0,12,2.050842,799.041,12.785,nan,nan,26040196.52,2022,none
omp,1,1000,30,6,static,false,1,3,14.305459,2084.544,33.353,nan,nan,249276035.6,1907,none
omp,3,1000,30,12,static,spread,1,12,14.622794,2039.307,32.629,nan,nan,249276035.6,2154,none
omp,3,256,100,4,dynamic,false,1,15,1.674179,978.812,15.661,nan,nan,26040196.52,1974,none
omp,3,96,2000,1,static,false,1,8,0.725582,2289.428,36.631,nan,nan,10583177.5,2058,none
omp,2,96,2000,6,static,close,1,7,0.125275,13260.219,212.164,112.680,nan,10583177.5,2616,perf-pkg
omp,1,96,2000,1,static,close,1,1,0.699038,2376.362,38.022,nan,nan,10583177.5,2316,none
omp,2,256,100,48,static,spread,0,15,0.602749,2718.723,43.500,nan,nan,26040196.52,3037,none
omp,3,256,100,2,dynamic,close,1,2,1.433490,1143.158,18.291,nan,nan,26040196.52,2970,none
omp,3,1000,30,48,dynamic,close,1,1,16.628530,1793.325,28.693,nan,nan,249276035.6,2728,none
omp,2,96,2000,12,dynamic,spread,1,6,0.702224,2365.580,37.849,nan,nan,10583177.5,2683,none
omp,3,1000,30,12,dynamic,false,0,3,15.372075,1939.905,31.038,nan,nan,249276035.6,2366,none
omp,2,1000,30,8,static,spread,0,7,13.925815,2141.373,34.262,nan,nan,249276035.6,2094,none
omp,1,1000,30,4,dynamic,false,0,5,14.559066,2048.233,32.772,nan,nan,249276035.6,1946,none
omp,2,256,100,16,static,false,1,6,0.536057,3056.960,48.911,nan,nan,26040196.52,2264,none
omp,3,96,2000,1,dynamic,close,0,12,0.880530,1886.554,30.185,nan,nan,10583177.5,2084,none
omp,3,1000,30,1,static,close,1,2,25.825003,1154.709,18.475,nan,nan,249276035.6,1991,none
omp,3,96,2000,8,dynamic,close,1,9,1.130073,1469.966,23.519,nan,nan,10583177.5,2401,none
omp,2,96,2000,48,dynamic,close,1,1,0.607667,2733.682,43.739,nan,nan,10583177.5,3251,none
omp,2,256,100,1,dynamic,close,1,13,1.240955,1320.520,21.128,nan,nan,26040196.52,2436,none
omp,2,256,100,1,static,spread,0,13,1.245915,1315.264,21.044,nan,nan,26040196.52,2186,none
omp,2,1000,30,2,static,close,0,8,22.768916,1309.696,20.955,nan,nan,249276035.6,2003,none
omp,1,1000,30,4,static,close,1,4,23.959928,1244.593,19.913,nan,nan,249276035.6,2004,none
omp,1,96,2000,2,dynamic,close,1,5,0.430336,3860.166,61.763,nan,nan,10583177.5,2084,none
omp,3,256,100,12,static,close,1,1,0.576617,2841.934,45.471,nan,nan,26040196.52,2099,none
omp,3,256,100,8,dynamic,spread,0,2,1.172989,1397.035,22.353,nan,nan,26040196.52,2038,none
omp,2,96,2000,8,dynamic,false,0,3,0.838286,1981.624,31.706,nan,nan,10583177.5,2038,none
omp,1,96,2000,4,static,false,0,6,0.217250,7646.327,122.341,nan,nan,10583177.5,2461,none
omp,1,96,2000,6,dynamic,close,0,12,0.188183,8827.387,141.238,nan,nan,10583177.5,2117,none
omp,1,1000,30,6,static,close,0,4,25.200398,1183.329,18.933,nan,nan,249276035.6,2241,none
omp,2,96,2000,24,dynamic,spread,1,15,0.673441,2466.687,39.467,nan,nan,10583177.5,2882,none
omp,3,256,100,1,static,close,0,3,1.304168,1256.515,20.104,nan,nan,26040196.52,2460,none
omp,3,1000,30,8,dynamic,close,0,4,14.834761,2010.168,32.163,nan,nan,249276035.6,2115,none
omp,2,256,100,2,static,spread,0,15,0.758436,2160.640,34.570,nan,nan,26040196.52,1977,none
omp,1,256,100,6,static,spread,1,12,0.473584,3460.224,55.364,nan,nan,26040196.52,2146,none
omp,2,256,100,1,dynamic,spread,1,11,1.220373,1342.791,21.485,nan,nan,26040196.52,2025,none
omp,1,256,100,4,dynamic,close,0,6,0.775312,2113.608,33.818,nan,nan,26040196.52,2056,none
omp,3,96,2000,8,dynamic,close,0,1,1.139323,1458.031,23.329,nan,nan,10583177.5,2364,none
omp,1,96,2000,1,static,close,1,12,0.695499,2388.454,38.215,nan,nan,10583177.5,2151,none
omp,1,1000,30,6,dynamic,false,1,4,13.309541,2240.525,35.848,nan,nan,249276035.6,1938,none
omp,2,1000,30,16,dynamic,spread,1,15,10.839103,2751.183,44.019,nan,nan,249276035.6,2176,none
omp,1,96,2000,6,dynamic,spread,1,11,0.844518,1967.002,31.472,nan,nan,10583177.5,2339,none
omp,2,1000,30,24,dynamic,close,0,14,10.498494,2840.442,45.447,nan,nan,249276035.6,2220,none
omp,3,256,100,12,dynamic,spread,0,5,0.969952,1689.472,27.032,nan,nan,26040196.52,2247,none
omp,1,256,100,16,static,close,1,5,0.549156,2984.047,47.745,nan,nan,26040196.52,2713,none
omp,3,256,100,8,static,false,1,13,0.515706,3177.596,50.842,nan,nan,26040196.52,2581,none
omp,3,256,100,16,static,false,0,10,0.532540,3077.152,49.234,nan,nan,26040196.52,2717,none
omp,2,96,2000,4,static,spread,0,8,0.217613,7633.582,122.137,nan,nan,10583177.5,2756,none
omp,1,96,2000,2,static,close,1,15,0.348564,4765.754,76.252,nan,nan,10583177.5,2583,none
omp,3,256,100,6,dynamic,spread,0,12,1.383622,1184.360,18.950,nan,nan,26040196.52,2037,none
omp,3,96,2000,24,static,false,0,7,0.311484,5333.081,85.329,nan,nan,10583177.5,2776,none
omp,3,256,100,8,static,false,1,6,0.520914,3145.831,50.333,nan,nan,26040196.52,2491,none
omp,3,1000,30,12,dynamic,close,0,9,13.518104,2205.957,35.295,nan,nan,249276035.6,1978,none
omp,2,1000,30,8,dynamic,close,0,3,11.991659,2486.759,39.788,nan,nan,249276035.6,1994,none
omp,2,1000,30,48,static,spread,1,13,15.566530,1915.672,30.651,nan,nan,249276035.6,2984,none
omp,1,1000,30,24,dynamic,spread,1,3,10.414196,2863.434,45.815,nan,nan,249276035.6,2218,none
omp,3,1000,30,1,dynamic,false,0,9,27.008066,1104.128,17.666,nan,nan,249276035.6,1808,none
omp,1,96,2000,12,static,false,0,13,0.181956,9129.480,146.072,nan,nan,10583177.5,2208,none
omp,1,256,100,24,dynamic,spread,0,6,0.614182,2668.114,42.690,nan,nan,26040196.52,2433,none
omp,2,1000,30,6,dynamic,close,0,9,16.656179,1790.348,28.646,nan,nan,249276035.6,2140,none
omp,3,1000,30,2,static,close,0,3,22.794881,1308.204,20.931,nan,nan,249276035.6,1840,none
omp,3,256,100,2,static,false,1,8,0.740299,2213.575,35.417,nan,nan,26040196.52,2195,none
omp,1,1000,30,6,static,spread,1,12,14.310691,2083.782,33.341,nan,nan,249276035.6,1976,none
omp,1,96,2000,12,dynamic,spread,0,8,0.748501,2219.328,35.509,nan,nan,10583177.5,2479,none
omp,1,96,2000,2,static,spread,1,6,0.366529,4532.161,72.515,nan,nan,10583177.5,2209,none
omp,3,96,2000,12,static,false,1,5,0.181948,9129.897,146.078,nan,nan,10583177.5,2837,none
omp,1,256,100,6,static,spread,0,5,0.485346,3376.367,54.022,nan,nan,26040196.52,2344,none
omp,3,1000,30,6,static,close,0,2,25.214825,1182.652,18.922,nan,nan,249276035.6,2011,none
omp,3,256,100,4,static,spread,1,2,0.549137,2984.146,47.746,nan,nan,26040196.52,2199,none
omp,3,96,2000,8,static,spread,0,1,0.119395,13913.237,222.612,nan,nan,10583177.5,2372,none
omp,1,96,2000,1,dynamic,false,0,9,0.699178,2375.885,38.014,nan,nan,10583177.5,2276,none
omp,1,96,2000,8,dynamic,false,1,15,0.776548,2139.169,34.227,nan,nan,10583177.5,2106,none
omp,1,96,2000,4,dynamic,spread,1,14,0.969965,1712.607,27.402,nan,nan,10583177.5,1987,none
omp,3,256,100,2,static,close,1,3,0.835535,1961.265,31.380,nan,nan,26040196.52,2116,none
omp,2,1000,30,16,dynamic,false,0,15,10.689996,2789.558,44.633,nan,nan,249276035.6,2065,none
omp,3,1000,30,24,dynamic,spread,1,4,16.702830,1785.348,28.566,nan,nan,249276035.6,2327,none
omp,1,256,100,12,static,close,1,6,0.575220,2848.835,45.581,nan,nan,26040196.52,2711,none
omp,2,1000,30,12,static,spread,0,7,14.232557,2095.221,33.524,nan,nan,249276035.6,2196,none
omp,2,96,2000,4,dynamic,close,0,8,0.250538,6630.393,106.086,nan,nan,10583177.5,2498,none
omp,1,256,100,16,static,false,1,6,0.538603,3042.511,48.680,nan,nan,26040196.52,2272,none
seq,2,96,2000,1,static,false,0,10,0.699872,2373.532,37.977,nan,nan,10583177.5,2309,none
omp,2,256,100,4,dynamic,close,0,7,0.773805,2117.725,33.884,nan,nan,26040196.52,2215,none
omp,1,256,100,1,static,close,0,14,1.295498,1264.924,20.239,nan,nan,26040196.52,2228,none
omp,3,256,100,12,dynamic,spread,0,3,0.968677,1691.696,27.067,nan,nan,26040196.52,2088,none
omp,1,1000,30,1,static,spread,1,6,25.800780,1155.793,18.493,nan,nan,249276035.6,1932,none
omp,3,1000,30,24,dynamic,close,1,14,16.742483,1781.119,28.498,nan,nan,249276035.6,2388,none
omp,2,1000,30,4,static,spread,1,8,13.476035,2212.844,35.405,nan,nan,249276035.6,1924,none
seq,2,1000,30,1,static,false,0,2,25.701818,1160.243,18.564,nan,nan,249276035.6,1955,none
omp,3,96,2000,48,dynamic,close,0,4,0.815430,2037.169,32.595,nan,nan,10583177.5,3659,none
omp,1,1000,30,16,dynamic,spread,0,2,10.681421,2791.797,44.669,nan,nan,249276035.6,2054,none
omp,1,256,100,1,dynamic,spread,1,12,1.243182,1318.155,21.090,nan,nan,26040196.52,1940,none
omp,2,256,100,4,static,spread,1,11,0.556239,2946.047,47.137,nan,nan,26040196.52,2209,none
omp,2,256,100,4,dynamic,false,0,3,1.211593,1352.522,21.640,nan,nan,26040196.52,2045,none
omp,3,96,2000,1,static,spread,0,1,0.733693,2264.119,36.226,nan,nan,10583177.5,2229,none
omp,1,256,100,6,static,close,1,15,0.824225,1988.178,31.811,nan,nan,26040196.52,2125,none
omp,3,96,2000,12,dynamic,spread,1,13,1.104715,1503.707,24.059,nan,nan,10583177.5,2507,none
omp,1,96,2000,8,dynamic,false,1,10,0.779179,2131.946,34.111,nan,nan,10583177.5,2541,none
omp,3,256,100,2,dynamic,spread,0,15,2.088470,784.645,12.554,nan,nan,26040196.52,2090,none
omp,2,1000,30,12,static,false,0,1,14.157681,2106.303,33.701,nan,nan,249276035.6,2206,none
omp,3,256,100,6,static,close,0,4,0.822327,1992.768,31.884,nan,nan,26040196.52,1964,none
omp,3,256,100,12,dynamic,false,1,5,0.971128,1687.426,26.999,nan,nan,26040196.52,2296,none
omp,3,1000,30,6,static,close,1,14,25.253007,1180.864,18.894,nan,nan,249276035.6,2014,none
omp,1,96,2000,4,dynamic,close,1,13,0.249906,6647.182,106.355,nan,nan,10583177.5,2040,none
omp,1,256,100,1,static,spread,1,3,1.339091,1223.745,19.580,nan,nan,26040196.52,2221,none
omp,2,96,2000,24,static,spread,0,2,0.066566,24955.040,399.281,nan,nan,10583177.5,3282,none
omp,2,96,2000,6,dynamic,close,1,3,0.187518,8858.726,141.740,nan,nan,10583177.5,2977,none
omp,1,96,2000,4,static,close,0,7,0.181322,9161.418,146.583,nan,nan,10583177.5,2853,none
omp,2,256,100,12,dynamic,close,1,15,0.620370,2641.500,42.264,nan,nan,26040196.52,2600,none
omp,3,96,2000,1,static,spread,1,10,0.729820,2276.133,36.418,nan,nan,10583177.5,2499,none
omp,3,96,2000,4,dynamic,spread,0,5,2.290754,725.162,11.603,nan,nan,10583177.5,2446,none
omp,3,96,2000,24,static,false,1,5,0.317834,5226.528,83.624,nan,nan,10583177.5,2657,none
omp,2,1000,30,12,dynamic,spread,0,8,10.875551,2741.963,43.871,nan,nan,249276035.6,1961,none
omp,2,96,2000,12,static,close,0,4,0.083013,20010.857,320.174,nan,nan,10583177.5,2714,none
omp,3,256,100,16,dynamic,close,0,8,0.860728,1903.861,30.462,nan,nan,26040196.52,2347,none
omp,3,256,100,2,static,false,1,11,0.708604,2312.584,37.001,nan,nan,26040196.52,1856,none
omp,3,256,100,8,static,false,0,9,0.516639,3171.862,50.750,nan,nan,26040196.52,2073,none
omp,2,1000,30,1,dynamic,spread,0,9,25.725117,1159.192,18.547,nan,nan,249276035.6,2130,none
omp,2,1000,30,4,static,spread,1,4,13.466540,2214.404,35.430,nan,nan,249276035.6,1929,none
omp,2,96,2000,48,static,false,0,14,0.646643,2568.909,41.103,nan,nan,10583177.5,3353,none
omp,2,1000,30,4,dynamic,spread,1,15,15.397217,1936.737,30.988,nan,nan,249276035.6,1924,none
omp,2,1000,30,12,dynamic,spread,0,6,10.908730,2733.623,43.738,nan,nan,249276035.6,2156,none
omp,3,256,100,12,static,spread,1,3,0.516873,3170.425,50.727,nan,nan,26040196.52,2283,none
omp,2,96,2000,12,dynamic,false,0,14,0.737188,2253.385,36.054,nan,nan,10583177.5,2502,none
omp,2,256,100,6,static,false,0,6,0.477016,3435.329,54.965,nan,nan,26040196.52,2395,none
omp,1,1000,30,2,static,false,1,8,16.282032,1831.489,29.304,nan,nan,249276035.6,1977,none
omp,2,256,100,8,dynamic,spread,0,7,0.935959,1750.831,28.013,nan,nan,26040196.52,2098,none
omp,2,1000,30,2,dynamic,spread,0,15,16.882301,1766.368,28.262,nan,nan,249276035.6,1940,none
omp,1,1000,30,2,dynamic,close,1,1,16.740738,1781.305,28.501,nan,nan,249276035.6,1955,none
omp,3,256,100,4,static,close,0,8,0.783437,2091.689,33.467,nan,nan,26040196.52,2061,none
omp,1,256,100,8,dynamic,spread,1,12,0.929733,1762.556,28.201,nan,nan,26040196.52,2160,none
omp,2,256,100,6,static,close,1,11,0.823782,1989.248,31.828,118.830,nan,26040196.52,2262,perf-pkg
omp,3,96,2000,16,static,false,0,4,0.223710,7425.530,118.808,nan,nan,10583177.5,3103,none
omp,3,1000,30,6,dynamic,close,1,4,17.635696,1690.909,27.055,nan,nan,249276035.6,2027,none
omp,3,96,2000,48,static,close,1,10,0.063733,26064.615,417.034,nan,nan,10583177.5,2881,none
omp,2,1000,30,8,dynamic,spread,0,13,11.694345,2549.981,40.800,nan,nan,249276035.6,2135,none
omp,3,96,2000,24,static,false,1,8,0.314949,5274.404,84.390,nan,nan,10583177.5,2507,none
omp,3,1000,30,8,static,close,0,10,20.838022,1431.055,22.897,nan,nan,249276035.6,2218,none
omp,1,256,100,12,static,spread,1,7,0.515126,3181.178,50.899,nan,nan,26040196.52,2316,none
omp,3,96,2000,1,dynamic,spread,0,10,0.892805,1860.617,29.770,nan,nan,10583177.5,2008,none
omp,3,1000,30,6,dynamic,spread,1,3,18.200902,1638.400,26.214,nan,nan,249276035.6,2025,none
omp,3,1000,30,4,static,spread,1,9,13.446982,2217.625,35.482,nan,nan,249276035.6,2066,none
omp,2,96,2000,48,dynamic,false,1,13,0.757267,2193.635,35.098,nan,nan,10583177.5,3512,none
omp,1,1000,30,6,static,close,0,15,25.219852,1182.416,18.919,nan,nan,249276035.6,2130,none
omp,3,1000,30,16,static,close,0,2,15.945726,1870.116,29.922,nan,nan,249276035.6,2238,none
omp,3,1000,30,24,static,spread,1,13,15.173858,1965.246,31.444,nan,nan,249276035.6,2304,none
omp,1,1000,30,48,static,false,0,5,15.364183,1940.901,31.054,nan,nan,249276035.6,3644,none
omp,1,1000,30,1,dynamic,false,0,1,25.808183,1155.461,18.487,nan,nan,249276035.6,1942,none
omp,2,1000,30,6,dynamic,false,0,5,12.707653,2346.646,37.546,nan,nan,249276035.6,2007,none
omp,2,1000,30,12,static,false,1,10,14.649787,2035.549,32.569,nan,nan,249276035.6,2037,none
omp,3,1000,30,6,dynamic,spread,1,10,18.221222,1636.573,26.185,nan,nan,249276035.6,1996,none
omp,3,96,2000,12,static,close,1,9,0.083785,19826.472,317.224,nan,nan,10583177.5,2514,none
omp,1,1000,30,48,static,close,0,7,15.357992,1941.683,31.067,nan,nan,249276035.6,3253,none
omp,3,96,2000,4,dynamic,close,0,14,0.664363,2500.392,40.006,nan,nan,10583177.5,2455,none
omp,1,96,2000,6,static,false,1,11,0.181354,9159.827,146.557,nan,nan,10583177.5,2389,none
omp,1,1000,30,6,dynamic,false,0,15,12.739233,2340.829,37.453,nan,nan,249276035.6,2008,none
omp,3,96,2000,2,static,close,1,2,0.365740,4541.937,72.671,nan,nan,10583177.5,1821,none
omp,1,1000,30,8,static,spread,0,14,13.898211,2145.626,34.330,nan,nan,249276035.6,2316,none
omp,3,1000,30,4,dynamic,close,0,2,17.446504,1709.246,27.348,nan,nan,249276035.6,2285,none
omp,2,96,2000,16,static,spread,1,8,0.082258,20194.494,323.112,nan,nan,10583177.5,2554,none
omp,3,1000,30,8,dynamic,close,1,7,15.615940,1909.610,30.554,nan,nan,249276035.6,2165,none
omp,1,1000,30,4,static,close,1,11,23.924231,1246.450,19.943,nan,nan,249276035.6,2177,none
omp,3,96,2000,1,dynamic,spread,0,5,0.882958,1881.367,30.102,nan,nan,10583177.5,2062,none
omp,2,96,2000,8,static,false,0,9,0.171495,9686.412,154.983,nan,nan,10583177.5,2077,none
omp,1,256,100,2,static,false,0,7,0.772700,2120.755,33.932,nan,nan,26040196.52,2261,none
omp,3,96,2000,2,static,false,0,6,0.383428,4332.417,69.319,nan,nan,10583177.5,2254,none
omp,1,96,2000,48,static,false,0,13,0.548865,3026.553,48.425,nan,nan,10583177.5,4217,none
omp,2,1000,30,16,static,close,1,14,15.991785,1864.730,29.836,1763.800,nan,249276035.6,2392,perf-pkg
omp,3,96,2000,6,static,spread,1,10,0.165336,10047.211,160.755,nan,nan,10583177.5,2630,none
omp,2,96,2000,6,dynamic,false,1,4,0.875321,1897.781,30.364,nan,nan,10583177.5,2582,none
omp,2,1000,30,4,static,close,0,10,23.783577,1253.821,20.061,nan,nan,249276035.6,1995,none
omp,1,1000,30,12,static,false,1,13,14.628205,2038.552,32.617,nan,nan,249276035.6,2184,none
omp,1,96,2000,1,dynamic,close,1,10,0.697323,2382.206,38.115,nan,nan,10583177.5,2371,none
omp,1,96,2000,8,dynamic,close,0,9,0.653316,2542.672,40.683,nan,nan,10583177.5,2279,none
omp,2,96,2000,2,static,close,1,15,0.348437,4767.491,76.280,107.820,nan,10583177.5,2613,perf-pkg
omp,2,256,100,48,dynamic,spread,0,9,0.734479,2231.115,35.698,nan,nan,26040196.52,2871,none
omp,1,96,2000,16,static,false,0,10,0.213826,7768.788,124.301,nan,nan,10583177.5,3079,none
omp,3,256,100,8,dynamic,spread,1,1,1.210992,1353.193,21.651,nan,nan,26040196.52,2204,none
omp,3,96,2000,4,dynamic,false,0,7,2.284580,727.122,11.634,nan,nan,10583177.5,2264,none
omp,2,256,100,6,dynamic,spread,1,2,0.950445,1724.147,27.586,nan,nan,26040196.52,2218,none
omp,1,1000,30,48,static,close,1,1,15.561560,1916.283,30.661,nan,nan,249276035.6,3191,none
omp,3,96,2000,8,static,false,0,5,0.168201,9876.079,158.017,nan,nan,10583177.5,3177,none
omp,2,1000,30,16,dynamic,false,0,3,10.672872,2794.033,44.705,nan,nan,249276035.6,2088,none
omp,3,256,100,1,static,spread,1,8,1.251195,1309.714,20.955,nan,nan,26040196.52,2276,none
omp,2,256,100,24,static,close,0,8,0.533876,3069.454,49.111,nan,nan,26040196.52,2399,none
omp,1,1000,30,6,dynamic,false,0,8,12.670779,2353.475,37.656,nan,nan,249276035.6,2241,none
omp,3,256,100,12,static,close,0,5,0.575132,2849.271,45.588,nan,nan,26040196.52,2260,none
omp,3,256,100,1,dynamic,spread,0,9,1.388653,1180.069,18.881,nan,nan,26040196.52,2233,none
omp,3,96,2000,8,dynamic,false,1,13,1.403757,1183.373,18.934,nan,nan,10583177.5,2260,none
omp,3,96,2000,6,dynamic,close,0,9,0.520538,3191.255,51.060,nan,nan,10583177.5,2276,none
omp,1,256,100,8,dynamic,spread,1,14,0.927465,1766.867,28.270,nan,nan,26040196.52,2050,none
omp,2,1000,30,1,dynamic,false,1,13,25.766775,1157.318,18.517,nan,nan,249276035.6,2027,none
omp,3,96,2000,4,dynamic,spread,0,6,2.285401,726.860,11.630,nan,nan,10583177.5,2062,none
omp,2,96,2000,16,dynamic,spread,0,4,0.700329,2371.983,37.952,nan,nan,10583177.5,2505,none
omp,3,1000,30,48,static,spread,1,6,15.520735,1921.324,30.741,nan,nan,249276035.6,2637,none
omp,1,1000,30,6,dynamic,close,1,14,16.903328,1764.171,28.227,nan,nan,249276035.6,2161,none
omp,2,256,100,4,static,close,1,6,0.787616,2080.591,33.289,138.770,nan,26040196.52,2413,perf-pkg
omp,2,1000,30,24,dynamic,false,0,4,10.456427,2851.869,45.630,nan,nan,249276035.6,2345,none
omp,2,256,100,6,dynamic,false,1,13,0.919314,1782.532,28.521,nan,nan,26040196.52,2454,none
omp,3,256,100,1,dynamic,close,1,1,1.420517,1153.599,18.458,nan,nan,26040196.52,1816,none
omp,3,96,2000,8,dynamic,close,1,5,1.125392,1476.080,23.617,nan,nan,10583177.5,2232,none
omp,3,1000,30,6,dynamic,close,0,13,17.367206,1717.050,27.473,nan,nan,249276035.6,2040,none
omp,2,256,100,12,static,spread,1,11,0.518213,3162.228,50.596,nan,nan,26040196.52,2249,none
omp,1,256,100,2,static,close,1,8,0.892567,1835.948,29.375,nan,nan,26040196.52,2270,none
omp,3,96,2000,16,static,spread,1,14,0.075475,22009.405,352.150,nan,nan,10583177.5,2620,none
omp,2,96,2000,4,static,close,0,14,0.180833,9186.193,146.979,nan,nan,10583177.5,2660,none
omp,2,1000,30,12,static,spread,1,9,14.629726,2038.340,32.613,nan,nan,249276035.6,2136,none
omp,2,96,2000,8,static,false,0,4,0.166210,9994.413,159.911,nan,nan,10583177.5,2472,none
seq,2,256,100,1,static,false,1,6,1.282514,1277.730,20.444,nan,nan,26040196.52,2082,none
omp,1,1000,30,8,static,close,1,5,20.898401,1426.921,22.831,nan,nan,249276035.6,2118,none
omp,1,1000,30,12,dynamic,close,1,8,11.513445,2590.047,41.441,nan,nan,249276035.6,2321,none
omp,2,96,2000,8,static,close,0,14,0.115271,14410.969,230.576,nan,nan,10583177.5,2118,none
omp,2,96,2000,24,dynamic,spread,1,4,0.662089,2508.981,40.144,nan,nan,10583177.5,3259,none
omp,1,96,2000,24,static,spread,0,5,0.070544,23547.839,376.765,nan,nan,10583177.5,3425,none
omp,3,96,2000,48,dynamic,false,0,6,0.938456,1770.108,28.322,nan,nan,10583177.5,3465,none
omp,2,96,2000,1,dynamic,close,0,13,0.699502,2374.788,37.997,nan,nan,10583177.5,2780,none
omp,2,1000,30,8,dynamic,false,1,7,12.146582,2455.041,39.281,nan,nan,249276035.6,2137,none
omp,3,96,2000,12,dynamic,close,0,8,0.954715,1739.961,27.839,nan,nan,10583177.5,2358,none
omp,3,1000,30,48,dynamic,false,0,8,14.840261,2009.423,32.151,nan,nan,249276035.6,2966,none
omp,3,1000,30,24,static,spread,0,10,14.895928,2001.913,32.031,nan,nan,249276035.6,2407,none
omp,2,1000,30,24,static,false,0,3,14.881470,2003.859,32.062,nan,nan,249276035.6,2341,none
omp,2,1000,30,24,static,false,1,15,15.175864,1964.986,31.440,nan,nan,249276035.6,2102,none
omp,3,256,100,8,dynamic,false,0,2,1.164688,1406.992,22.512,nan,nan,26040196.52,2094,none
omp,3,256,100,2,static,close,0,8,0.844746,1939.880,31.038,nan,nan,26040196.52,2389,none
omp,1,256,100,24,dynamic,close,0,7,0.606076,2703.795,43.261,nan,nan,26040196.52,2414,none
omp,2,96,2000,8,static,spread,1,7,0.115859,14337.827,229.405,nan,nan,10583177.5,2528,none
omp,1,96,2000,1,dynamic,spread,1,5,0.703958,2359.756,37.756,nan,nan,10583177.5,2293,none
omp,2,256,100,48,dynamic,false,1,8,0.631918,2593.228,41.492,nan,nan,26040196.52,2905,none
omp,1,256,100,24,static,false,1,2,0.555122,2951.975,47.232,nan,nan,26040196.52,3348,none
omp,2,96,2000,16,dynamic,false,1,7,0.687946,2414.680,38.635,nan,nan,10583177.5,3234,none
omp,3,1000,30,8,static,close,0,9,20.796827,1433.890,22.942,nan,nan,249276035.6,1977,none
omp,2,256,100,16,dynamic,false,0,14,0.638555,2566.271,41.060,nan,nan,26040196.52,2193,none
omp,2,96,2000,12,static,spread,1,1,0.086214,19268.049,308.289,nan,nan,10583177.5,2597,none
omp,1,256,100,2,static,false,0,13,1.266228,1294.164,20.707,nan,nan,26040196.52,1957,none
omp,3,256,100,4,dynamic,spread,0,4,1.670991,980.679,15.691,nan,nan,26040196.52,1973,none
omp,2,96,2000,2,dynamic,spread,0,10,1.169820,1420.020,22.720,nan,nan,10583177.5,2112,none
omp,3,96,2000,24,dynamic,false,0,2,0.818144,2030.411,32.487,nan,nan,10583177.5,2741,none
omp,1,1000,30,24,static,close,0,4,14.900859,2001.251,32.020,nan,nan,249276035.6,2344,none
omp,2,1000,30,6,static,false,0,4,13.938931,2139.358,34.230,nan,nan,249276035.6,1990,none
omp,1,1000,30,8,dynamic,close,1,14,11.896298,2506.692,40.107,nan,nan,249276035.6,2075,none
omp,1,96,2000,6,dynamic,spread,1,14,0.840138,1977.255,31.636,nan,nan,10583177.5,2408,none
omp,1,256,100,4,dynamic,close,1,13,0.771854,2123.077,33.969,nan,nan,26040196.52,2219,none
omp,1,1000,30,48,dynamic,false,1,4,10.574757,2819.957,45.119,nan,nan,249276035.6,2660,none
omp,1,256,100,48,static,false,1,11,0.591147,2772.081,44.353,nan,nan,26040196.52,3051,none
omp,3,256,100,4,static,false,0,5,0.572974,2860.002,45.760,nan,nan,26040196.52,2887,none
omp,3,96,2000,24,dynamic,close,0,9,0.828786,2004.338,32.069,nan,nan,10583177.5,2659,none
omp,2,256,100,2,static,spread,0,8,0.801573,2044.363,32.710,nan,nan,26040196.52,1866,none
omp,3,256,100,16,static,spread,0,2,0.537672,3047.782,48.765,nan,nan,26040196.52,2245,none
omp,3,1000,30,1,dynamic,false,0,8,26.187736,1138.715,18.219,nan,nan,249276035.6,2024,none
omp,2,256,100,48,dynamic,false,1,3,0.619314,2646.002,42.336,nan,nan,26040196.52,3175,none
omp,1,96,2000,24,static,spread,1,14,0.069479,23909.031,382.544,nan,nan,10583177.5,3544,none
omp,1,96,2000,8,static,false,1,5,0.163161,10181.188,162.899,nan,nan,10583177.5,3380,none
omp,1,1000,30,48,dynamic,spread,1,12,10.530705,2831.753,45.308,nan,nan,249276035.6,3198,none
omp,3,256,100,12,static,false,1,8,0.531374,3083.905,49.342,nan,nan,26040196.52,3041,none
omp,3,1000,30,4,static,close,1,4,24.109200,1236.887,19.790,nan,nan,249276035.6,1958,none
omp,1,1000,30,2,static,false,1,14,16.244047,1835.772,29.372,nan,nan,249276035.6,1960,none
omp,3,96,2000,2,dynamic,spread,1,8,2.779336,597.685,9.563,nan,nan,10583177.5,1841,none
omp,3,96,2000,24,static,false,1,1,0.321946,5159.777,82.556,nan,nan,10583177.5,2473,none
omp,1,96,2000,24,static,spread,0,14,0.072539,22900.418,366.407,nan,nan,10583177.5,3172,none
omp,1,256,100,16,dynamic,false,0,7,0.640782,2557.356,40.918,nan,nan,26040196.52,2361,none
omp,2,1000,30,48,dynamic,false,1,11,10.546921,2827.399,45.238,nan,nan,249276035.6,2785,none
omp,2,1000,30,16,static,close,1,10,15.982825,1865.775,29.852,1782.220,nan,249276035.6,2175,perf-pkg
omp,2,256,100,48,static,close,0,11,0.681536,2404.430,38.471,nan,nan,26040196.52,2677,none
omp,2,256,100,4,dynamic,close,0,2,0.886340,1848.847,29.582,nan,nan,26040196.52,1917,none
omp,2,256,100,16,dynamic,spread,0,13,0.762021,2150.475,34.408,nan,nan,26040196.52,2399,none
omp,2,96,2000,24,static,false,1,12,0.307387,5404.160,86.467,nan,nan,10583177.5,3136,none
omp,1,96,2000,6,static,false,1,7,0.173542,9572.148,153.154,nan,nan,10583177.5,2658,none
omp,2,1000,30,24,dynamic,close,0,10,10.415555,2863.060,45.809,nan,nan,249276035.6,2379,none
omp,1,96,2000,16,dynamic,close,0,2,0.640722,2592.650,41.482,nan,nan,10583177.5,2840,none
omp,2,96,2000,1,static,close,1,2,0.690412,2406.052,38.497,59.460,nan,10583177.5,2449,perf-pkg
omp,1,256,100,48,dynamic,false,0,13,0.620362,2641.534,42.265,nan,nan,26040196.52,3686,none
omp,2,1000,30,6,static,false,0,3,14.013428,2127.985,34.048,nan,nan,249276035.6,1933,none
omp,2,96,2000,2,static,false,0,6,0.374230,4438.890,71.022,nan,nan,10583177.5,2182,none
omp,1,256,100,8,dynamic,close,1,15,0.641033,2556.354,40.902,nan,nan,26040196.52,2314,none
omp,1,96,2000,16,static,close,1,15,0.074650,22252.764,356.044,nan,nan,10583177.5,2185,none
omp,1,256,100,8,static,close,1,13,0.698827,2344.939,37.519,nan,nan,26040196.52,2362,none
omp,1,1000,30,24,static,spread,1,8,15.174107,1965.213,31.443,nan,nan,249276035.6,2175,none
omp,1,96,2000,24,dynamic,close,1,13,0.635476,2614.051,41.825,nan,nan,10583177.5,3188,none
omp,3,256,100,1,static,false,1,14,1.511791,1083.950,17.343,nan,nan,26040196.52,2590,none
omp,3,1000,30,16,static,spread,1,13,16.292953,1830.261,29.284,nan,nan,249276035.6,2134,none
omp,2,256,100,6,static,spread,1,14,0.475169,3448.680,55.179,nan,nan,26040196.52,2490,none
omp,3,96,2000,2,static,close,0,10,0.376959,4406.761,70.508,nan,nan,10583177.5,2348,none
omp,3,256,100,16,dynamic,false,1,13,0.998161,1641.725,26.268,nan,nan,26040196.52,2399,none
omp,2,1000,30,6,static,spread,0,10,13.928263,2140.996,34.256,nan,nan,249276035.6,2040,none
omp,3,1000,30,12,static,false,1,5,14.628433,2038.521,32.616,nan,nan,249276035.6,2100,none
omp,3,96,2000,8,dynamic,close,0,11,1.147350,1447.831,23.165,nan,nan,10583177.5,2578,none
omp,1,256,100,4,static,spread,1,9,0.565579,2897.394,46.358,nan,nan,26040196.52,2394,none
omp,2,1000,30,1,static,spread,1,1,25.835889,1154.222,18.468,nan,nan,249276035.6,1942,none
omp,2,256,100,4,static,false,0,6,0.550137,2978.725,47.660,nan,nan,26040196.52,2001,none
omp,1,256,100,48,static,false,1,2,0.699068,2344.130,37.506,nan,nan,26040196.52,3181,none
omp,1,256,100,2,static,false,1,14,0.728644,2248.981,35.984,nan,nan,26040196.52,2455,none
omp,3,256,100,24,dynamic,spread,1,8,0.925251,1771.094,28.338,nan,nan,26040196.52,3006,none
omp,2,1000,30,4,dynamic,close,1,8,16.146124,1846.905,29.550,nan,nan,249276035.6,2065,none
omp,1,96,2000,48,static,false,1,2,0.556087,2987.243,47.796,nan,nan,10583177.5,2755,none
omp,2,256,100,16,static,close,1,9,0.550868,2974.770,47.596,106.330,nan,26040196.52,2896,perf-pkg
omp,1,96,2000,4,dynamic,false,1,2,0.964801,1721.773,27.548,nan,nan,10583177.5,2073,none
omp,1,256,100,12,dynamic,spread,0,12,0.695018,2357.790,37.725,nan,nan,26040196.52,2126,none
omp,1,256,100,12,dynamic,close,0,4,0.625848,2618.377,41.894,nan,nan,26040196.52,2604,none
omp,2,1000,30,24,static,false,0,9,14.866207,2005.916,32.095,nan,nan,249276035.6,2200,none
omp,3,256,100,24,static,false,0,5,0.554469,2955.454,47.287,nan,nan,26040196.52,2403,none
omp,2,96,2000,48,dynamic,close,1,11,0.721988,2300.824,36.813,nan,nan,10583177.5,3301,none
omp,1,96,2000,2,static,close,1,1,0.348556,4765.857,76.254,nan,nan,10583177.5,2977,none
omp,3,256,100,48,dynamic,false,1,14,0.915773,1789.425,28.631,nan,nan,26040196.52,3028,none
omp,2,256,100,24,dynamic,false,0,15,0.615317,2663.192,42.611,nan,nan,26040196.52,3093,none
omp,2,1000,30,48,static,close,0,10,15.377994,1939.158,31.027,nan,nan,249276035.6,2819,none
omp,2,1000,30,4,dynamic,false,0,2,14.543145,2050.475,32.808,nan,nan,249276035.6,2086,none
omp,3,1000,30,6,dynamic,close,1,5,17.621277,1692.293,27.077,nan,nan,249276035.6,2211,none
omp,2,96,2000,24,static,close,0,10,0.064670,25686.648,410.986,nan,nan,10583177.5,2882,none
omp,3,96,2000,2,dynamic,false,0,1,2.848527,583.167,9.331,nan,nan,10583177.5,2058,none
omp,1,1000,30,48,static,close,0,6,15.368610,1940.342,31.045,nan,nan,249276035.6,3254,none
omp,3,1000,30,4,static,spread,1,8,13.496221,2209.534,35.353,nan,nan,249276035.6,1938,none
omp,1,256,100,48,static,close,0,7,0.611750,2678.719,42.860,nan,nan,26040196.52,2927,none
omp,2,1000,30,12,dynamic,false,0,10,10.911339,2732.970,43.728,nan,nan,249276035.6,2130,none
omp,1,256,100,2,static,spread,0,5,0.766053,2139.155,34.226,nan,nan,26040196.52,1929,none
omp,2,96,2000,16,dynamic,close,0,8,0.701843,2366.866,37.870,nan,nan,10583177.5,2461,none
omp,3,1000,30,4,dynamic,close,0,12,17.368853,1716.887,27.470,nan,nan,249276035.6,2171,none
omp,2,96,2000,8,static,close,1,2,0.110658,15011.711,240.187,110.220,nan,10583177.5,2265,perf-pkg
omp,1,256,100,2,static,false,1,6,0.741145,2211.048,35.377,nan,nan,26040196.52,1845,none
omp,1,256,100,24,static,false,0,14,0.555826,2948.236,47.172,nan,nan,26040196.52,2532,none
omp,3,1000,30,12,static,spread,0,6,14.190305,2101.460,33.623,nan,nan,249276035.6,2117,none
omp,3,256,100,2,dynamic,close,1,12,1.445716,1133.491,18.136,nan,nan,26040196.52,2148,none
omp,2,96,2000,6,static,false,0,8,0.174640,9511.961,152.191,nan,nan,10583177.5,2260,none
omp,1,256,100,1,static,spread,0,3,1.248164,1312.894,21.006,nan,nan,26040196.52,1917,none
omp,2,256,100,4,static,close,0,6,0.785314,2086.688,33.387,nan,nan,26040196.52,2248,none
omp,3,1000,30,2,dynamic,close,1,11,20.391384,1462.400,23.398,nan,nan,249276035.6,1960,none
omp,1,256,100,24,dynamic,spread,1,5,0.608672,2692.264,43.076,nan,nan,26040196.52,2309,none
omp,1,96,2000,12,static,spread,0,8,0.089288,18604.642,297.674,nan,nan,10583177.5,3219,none
omp,3,1000,30,2,dynamic,close,1,7,20.393349,1462.259,23.396,nan,nan,249276035.6,1924,none
omp,2,96,2000,2,static,close,0,11,0.351050,4732.000,75.712,nan,nan,10583177.5,2009,none
omp,1,256,100,16,dynamic,close,0,1,0.597603,2742.134,43.874,nan,nan,26040196.52,2449,none
omp,2,96,2000,4,dynamic,spread,1,10,0.985255,1686.029,26.976,nan,nan,10583177.5,2438,none
omp,3,256,100,2,static,spread,1,13,0.734109,2232.238,35.716,nan,nan,26040196.52,2278,none
omp,1,256,100,16,dynamic,close,1,3,0.595881,2750.058,44.001,nan,nan,26040196.52,2538,none
omp,1,256,100,1,dynamic,false,1,5,1.280665,1279.574,20.473,nan,nan,26040196.52,1941,none
omp,2,96,2000,6,dynamic,spread,0,15,0.877782,1892.460,30.279,nan,nan,10583177.5,2197,none
omp,1,96,2000,24,dynamic,close,0,13,0.657237,2527.503,40.440,nan,nan,10583177.5,2681,none
omp,1,1000,30,6,dynamic,false,1,3,13.289065,2243.977,35.904,nan,nan,249276035.6,2028,none
omp,2,96,2000,2,static,spread,0,2,0.366920,4527.329,72.437,nan,nan,10583177.5,2229,none
omp,3,1000,30,12,dynamic,close,0,2,13.569103,2197.666,35.163,nan,nan,249276035.6,2143,none
omp,1,96,2000,48,static,spread,0,2,0.075107,22117.270,353.876,nan,nan,10583177.5,4006,none
omp,3,256,100,8,dynamic,spread,0,14,1.160135,1412.514,22.600,nan,nan,26040196.52,2110,none
omp,3,256,100,6,dynamic,close,1,4,0.827711,1979.805,31.677,nan,nan,26040196.52,2263,none
omp,1,96,2000,6,static,false,0,10,0.174355,9527.529,152.440,nan,nan,10583177.5,2238,none
omp,1,1000,30,12,static,false,1,15,14.618032,2039.971,32.640,nan,nan,249276035.6,1881,none
omp,3,256,100,12,dynamic,spread,1,6,1.012138,1619.055,25.905,nan,nan,26040196.52,2243,none
seq,2,256,100,1,static,false,1,10,1.330076,1232.040,19.713,nan,nan,26040196.52,2260,none
omp,2,1000,30,1,static,close,0,11,25.722242,1159.322,18.549,nan,nan,249276035.6,2032,none
omp,3,256,100,1,static,spread,1,7,1.372663,1193.815,19.101,nan,nan,26040196.52,1973,none
omp,3,256,100,6,dynamic,close,1,7,0.832986,1967.269,31.476,nan,nan,26040196.52,2225,none
omp,1,96,2000,8,static,false,0,8,0.166497,9977.165,159.635,nan,nan,10583177.5,2206,none
omp,1,256,100,4,dynamic,spread,1,11,1.205961,1358.839,21.741,nan,nan,26040196.52,2264,none
omp,3,256,100,12,dynamic,close,1,5,0.801408,2044.785,32.717,nan,nan,26040196.52,2047,none
omp,3,1000,30,24,dynamic,spread,1,8,16.702088,1785.427,28.567,nan,nan,249276035.6,2326,none
omp,2,256,100,6,dynamic,spread,1,7,0.944299,1735.368,27.766,nan,nan,26040196.52,2521,none
omp,3,256,100,8,static,spread,0,7,0.509039,3219.214,51.507,nan,nan,26040196.52,2665,none
omp,3,1000,30,8,dynamic,close,1,8,15.645965,1905.946,30.495,nan,nan,249276035.6,2251,none
omp,3,96,2000,16,dynamic,close,1,8,0.889378,1867.787,29.885,nan,nan,10583177.5,2202,none
omp,3,256,100,12,static,spread,1,6,0.519946,3151.684,50.427,nan,nan,26040196.52,2583,none
omp,1,96,2000,6,static,spread,0,6,0.164986,10068.520,161.096,nan,nan,10583177.5,2434,none
omp,1,256,100,48,static,close,1,2,0.694461,2359.680,37.755,nan,nan,26040196.52,2594,none
omp,2,96,2000,4,dynamic,false,0,8,0.998097,1664.336,26.629,nan,nan,10583177.5,3025,none
omp,1,256,100,4,static,spread,0,3,0.556614,2944.065,47.105,nan,nan,26040196.52,2825,none
omp,1,1000,30,2,dynamic,spread,0,11,16.898081,1764.719,28.235,nan,nan,249276035.6,1847,none
omp,1,1000,30,24,dynamic,spread,1,4,10.450438,2853.503,45.656,nan,nan,249276035.6,2582,none
omp,2,1000,30,12,dynamic,spread,0,11,10.944177,2724.770,43.596,nan,nan,249276035.6,2207,none
omp,2,256,100,24,dynamic,close,1,6,0.610884,2682.516,42.920,nan,nan,26040196.52,2539,none
omp,2,96,2000,4,static,spread,0,6,0.221048,7514.977,120.240,nan,nan,10583177.5,2763,none
omp,1,96,2000,24,static,spread,1,13,0.071539,23220.502,371.528,nan,nan,10583177.5,3135,none
omp,3,96,2000,4,static,false,1,7,0.222654,7460.776,119.372,nan,nan,10583177.5,3142,none
omp,1,1000,30,6,static,spread,0,12,13.885667,2147.564,34.361,nan,nan,249276035.6,2034,none
omp,1,1000,30,6,dynamic,close,0,7,16.606434,1795.711,28.731,nan,nan,249276035.6,2298,none
omp,2,1000,30,1,dynamic,false,1,3,25.801867,1155.744,18.492,nan,nan,249276035.6,2070,none
omp,1,256,100,16,static,false,1,11,0.539327,3038.426,48.615,nan,nan,26040196.52,2050,none
omp,1,96,2000,4,static,close,0,11,0.180871,9184.269,146.948,nan,nan,10583177.5,2342,none
omp,1,256,100,1,dynamic,close,1,10,1.244911,1316.324,21.061,nan,nan,26040196.52,2333,none
omp,1,256,100,2,dynamic,spread,0,15,1.052298,1557.265,24.916,nan,nan,26040196.52,2130,none
omp,3,96,2000,2,static,close,0,13,0.366810,4528.688,72.459,nan,nan,10583177.5,2181,none
omp,2,96,2000,16,dynamic,false,0,5,0.698325,2378.788,38.061,nan,nan,10583177.5,2595,none
omp,2,1000,30,4,dynamic,close,0,3,16.349409,1823.941,29.183,nan,nan,249276035.6,2039,none
omp,2,256,100,2,dynamic,close,1,7,0.819400,1999.886,31.998,nan,nan,26040196.52,2162,none
omp,1,96,2000,16,dynamic,false,1,7,0.682363,2434.434,38.951,nan,nan,10583177.5,2485,none
omp,1,256,100,1,static,close,0,13,1.389304,1179.516,18.872,nan,nan,26040196.52,2309,none
omp,2,1000,30,48,static,close,1,11,15.536071,1919.427,30.711,2115.510,nan,249276035.6,2593,perf-pkg
omp,2,96,2000,48,dynamic,spread,0,6,0.615848,2697.366,43.158,nan,nan,10583177.5,3491,none
omp,2,1000,30,6,static,close,1,13,25.263855,1180.357,18.886,1699.930,nan,249276035.6,2309,perf-pkg
omp,1,96,2000,1,static,close,0,10,0.700285,2372.132,37.954,nan,nan,10583177.5,1984,none
omp,2,1000,30,4,static,close,0,9,23.821234,1251.839,20.029,nan,nan,249276035.6,2075,none
omp,3,1000,30,2,dynamic,close,0,9,19.698578,1513.833,24.221,nan,nan,249276035.6,2106,none
omp,2,96,2000,24,dynamic,close,1,12,0.669638,2480.696,39.691,nan,nan,10583177.5,2846,none
omp,1,256,100,48,static,spread,1,8,0.611246,2680.930,42.895,nan,nan,26040196.52,3426,none
omp,1,96,2000,2,static,false,0,6,0.368562,4507.159,72.115,nan,nan,10583177.5,3298,none
omp,1,256,100,12,static,spread,0,12,0.522303,3137.462,50.199,nan,nan,26040196.52,2006,none
omp,2,96,2000,2,static,spread,1,6,0.367811,4516.364,72.262,nan,nan,10583177.5,2362,none
omp,3,256,100,48,dynamic,false,0,8,0.934405,1753.744,28.060,nan,nan,26040196.52,2422,none
omp,1,96,2000,12,dynamic,false,0,14,0.729196,2278.081,36.449,nan,nan,10583177.5,2961,none
omp,2,1000,30,4,dynamic,spread,1,12,15.388977,1937.774,31.004,nan,nan,249276035.6,1968,none
omp,3,1000,30,1,dynamic,close,0,9,26.038384,1145.246,18.324,nan,nan,249276035.6,1949,none
omp,1,256,100,4,static,false,0,13,0.557328,2940.293,47.045,nan,nan,26040196.52,1981,none
omp,1,1000,30,1,static,false,0,9,26.211115,1137.699,18.203,nan,nan,249276035.6,1939,none
omp,2,1000,30,16,static,false,0,7,14.445720,2064.304,33.029,nan,nan,249276035.6,2474,none
omp,2,1000,30,2,static,spread,1,15,16.272869,1832.520,29.320,nan,nan,249276035.6,2017,none
omp,2,256,100,6,dynamic,false,0,1,0.921590,1778.129,28.450,nan,nan,26040196.52,2161,none
omp,3,1000,30,48,static,false,1,14,15.530195,1920.154,30.722,nan,nan,249276035.6,2851,none
omp,2,256,100,12,static,close,1,15,0.576499,2842.514,45.480,113.440,nan,26040196.52,2805,perf-pkg
omp,3,256,100,12,dynamic,false,0,3,0.971502,1686.777,26.988,nan,nan,26040196.52,2499,none
omp,1,256,100,12,dynamic,spread,1,13,0.681061,2406.107,38.498,nan,nan,26040196.52,2418,none
omp,1,256,100,48,dynamic,spread,1,13,0.614725,2665.755,42.652,nan,nan,26040196.52,2918,none
omp,1,256,100,16,static,close,0,6,0.553737,2959.358,47.350,nan,nan,26040196.52,2538,none
omp,3,1000,30,24,dynamic,false,1,2,16.720486,1783.463,28.535,nan,nan,249276035.6,2130,none
omp,1,96,2000,2,dynamic,close,0,6,0.431852,3846.617,61.546,nan,nan,10583177.5,2650,none
omp,3,256,100,24,static,spread,0,3,0.550923,2974.474,47.592,nan,nan,26040196.52,3003,none
omp,3,1000,30,6,static,close,0,11,25.246569,1181.165,18.899,nan,nan,249276035.6,1906,none
omp,1,256,100,8,dynamic,spread,1,3,0.950892,1723.335,27.573,nan,nan,26040196.52,2503,none
omp,2,1000,30,8,static,close,1,13,20.899545,1426.843,22.829,1662.550,nan,249276035.6,2027,perf-pkg
omp,3,96,2000,1,static,false,1,10,0.730535,2273.905,36.382,nan,nan,10583177.5,1993,none
omp,3,96,2000,1,dynamic,close,1,13,0.886131,1874.630,29.994,nan,nan,10583177.5,2023,none
omp,3,1000,30,24,dynamic,close,0,3,15.269499,1952.936,31.247,nan,nan,249276035.6,2478,none
omp,1,1000,30,2,dynamic,false,0,7,16.883090,1766.286,28.261,nan,nan,249276035.6,1974,none
omp,2,256,100,16,static,close,0,12,0.563221,2909.529,46.552,nan,nan,26040196.52,1992,none
omp,3,256,100,4,dynamic,false,0,2,1.710297,958.141,15.330,nan,nan,26040196.52,2165,none
omp,2,1000,30,4,static,close,0,3,23.835425,1251.094,20.018,nan,nan,249276035.6,2083,none
omp,3,256,100,4,static,close,1,15,0.793320,2065.631,33.050,nan,nan,26040196.52,2035,none
omp,1,256,100,12,dynamic,false,0,7,0.760405,2155.044,34.481,nan,nan,26040196.52,2149,none
omp,2,256,100,6,dynamic,false,1,2,0.913166,1794.534,28.713,nan,nan,26040196.52,1998,none
omp,2,1000,30,2,dynamic,spread,1,15,17.519328,1702.141,27.234,nan,nan,249276035.6,1898,none
omp,3,1000,30,1,static,spread,0,8,26.311886,1133.342,18.133,nan,nan,249276035.6,1898,none
omp,1,256,100,4,static,spread,1,5,0.571926,2865.242,45.844,nan,nan,26040196.52,1999,none
omp,1,1000,30,16,static,close,1,12,15.984359,1865.596,29.850,nan,nan,249276035.6,2410,none
omp,1,256,100,48,static,close,0,15,0.609431,2688.914,43.023,nan,nan,26040196.52,3584,none
omp,2,256,100,2,dynamic,spread,0,2,0.928400,1765.087,28.241,nan,nan,26040196.52,2389,none
omp,3,256,100,4,static,spread,0,4,0.568317,2883.437,46.135,nan,nan,26040196.52,2217,none
omp,3,1000,30,2,static,spread,1,2,16.327591,1826.378,29.222,nan,nan,249276035.6,1997,none
omp,3,256,100,6,dynamic,false,1,2,1.481815,1105.878,17.694,nan,nan,26040196.52,2110,none
omp,1,1000,30,6,dynamic,false,0,6,12.692754,2349.400,37.590,nan,nan,249276035.6,2099,none
omp,1,96,2000,1,static,close,1,2,0.696323,2385.627,38.170,nan,nan,10583177.5,1955,none
omp,1,1000,30,4,dynamic,false,0,9,14.560493,2048.032,32.769,nan,nan,249276035.6,1961,none
omp,3,96,2000,1,dynamic,spread,1,14,0.880179,1887.308,30.197,nan,nan,10583177.5,2086,none
omp,3,96,2000,48,static,false,1,1,0.709736,2340.545,37.449,nan,nan,10583177.5,3234,none
omp,1,96,2000,6,static,spread,1,15,0.160956,10320.658,165.131,nan,nan,10583177.5,3443,none
omp,1,256,100,6,static,close,0,5,0.820349,1997.572,31.961,nan,nan,26040196.52,2909,none
omp,2,256,100,1,static,close,0,7,1.301340,1259.245,20.148,nan,nan,26040196.52,2523,none
omp,1,256,100,8,dynamic,false,1,1,0.934358,1753.832,28.061,nan,nan,26040196.52,2166,none
omp,1,256,100,48,dynamic,close,1,4,0.621944,2634.813,42.157,nan,nan,26040196.52,3084,none
omp,3,96,2000,12,static,false,1,13,0.188019,8835.112,141.362,nan,nan,10583177.5,3261,none
omp,3,1000,30,1,static,spread,0,15,25.805205,1155.595,18.490,nan,nan,249276035.6,1977,none
omp,2,256,100,12,static,spread,0,2,0.511942,3200.960,51.215,nan,nan,26040196.52,2265,none
omp,2,1000,30,6,dynamic,close,0,8,16.678825,1787.917,28.607,nan,nan,249276035.6,2156,none
omp,2,96,2000,4,dynamic,false,0,14,1.002249,1657.441,26.519,nan,nan,10583177.5,2082,none
omp,1,96,2000,8,dynamic,spread,1,14,0.779714,2130.484,34.088,nan,nan,10583177.5,2043,none
omp,1,256,100,1,static,spread,0,5,1.302446,1258.176,20.131,nan,nan,26040196.52,2132,none
omp,3,1000,30,24,static,spread,0,4,14.873047,2004.993,32.080,nan,nan,249276035.6,2270,none
omp,3,1000,30,4,static,close,1,7,23.905172,1247.444,19.959,nan,nan,249276035.6,2050,none
omp,3,1000,30,24,dynamic,false,1,14,16.725205,1782.959,28.527,nan,nan,249276035.6,2274,none
omp,2,256,100,1,static,spread,0,1,1.327256,1234.658,19.755,nan,nan,26040196.52,2360,none
omp,1,96,2000,12,static,close,0,15,0.084674,19618.462,313.895,nan,nan,10583177.5,2471,none
omp,1,1000,30,2,dynamic,spread,0,5,17.222649,1731.462,27.703,nan,nan,249276035.6,2028,none
omp,3,256,100,12,static,spread,0,2,0.521262,3143.731,50.300,nan,nan,26040196.52,2007,none
omp,1,1000,30,2,dynamic,spread,0,4,17.064304,1747.529,27.960,nan,nan,249276035.6,2008,none
omp,2,256,100,2,static,close,1,9,0.817751,2003.918,32.063,90.480,nan,26040196.52,2233,perf-pkg
omp,1,1000,30,12,static,close,1,10,16.802307,1774.778,28.396,nan,nan,249276035.6,2461,none
omp,2,96,2000,4,static,spread,1,1,0.221432,7501.935,120.031,nan,nan,10583177.5,2245,none
omp,2,256,100,1,static,close,0,6,1.317722,1243.590,19.897,nan,nan,26040196.52,2173,none
omp,2,1000,30,48,dynamic,spread,1,6,10.513775,2836.313,45.381,nan,nan,249276035.6,2524,none
omp,1,1000,30,8,static,close,1,9,20.906568,1426.363,22.822,nan,nan,249276035.6,1935,none
omp,3,1000,30,48,dynamic,spread,1,15,16.647096,1791.325,28.661,nan,nan,249276035.6,2616,none
omp,3,96,2000,6,dynamic,close,0,14,0.516683,3215.064,51.441,nan,nan,10583177.5,3169,none
omp,2,1000,30,48,static,false,0,5,15.358295,1941.645,31.066,nan,nan,249276035.6,2669,none
omp,2,256,100,1,dynamic,close,1,8,1.252186,1308.677,20.939,nan,nan,26040196.52,2126,none
omp,2,1000,30,4,static,false,1,15,13.496858,2209.430,35.351,nan,nan,249276035.6,1990,none
omp,1,1000,30,16,static,false,1,10,14.803967,2014.349,32.230,nan,nan,249276035.6,2008,none
omp,2,256,100,24,static,spread,1,15,0.547257,2994.398,47.910,nan,nan,26040196.52,2496,none
omp,2,96,2000,2,dynamic,false,1,1,1.170268,1419.477,22.712,nan,nan,10583177.5,2029,none
omp,2,1000,30,4,static,close,1,7,24.067641,1239.023,19.824,1724.500,nan,249276035.6,2183,perf-pkg
omp,2,96,2000,1,dynamic,false,1,13,0.699081,2376.216,38.019,nan,nan,10583177.5,2142,none
omp,3,1000,30,24,static,close,1,9,15.241307,1956.549,31.305,nan,nan,249276035.6,2065,none
omp,2,96,2000,48,dynamic,close,1,15,0.606118,2740.669,43.851,nan,nan,10583177.5,3398,none
omp,1,1000,30,48,dynamic,close,1,6,10.557422,2824.587,45.193,nan,nan,249276035.6,3236,none
omp,1,96,2000,8,dynamic,spread,0,3,1.004608,1653.549,26.457,nan,nan,10583177.5,2850,none
omp,2,256,100,4,dynamic,false,1,10,1.207253,1357.385,21.718,nan,nan,26040196.52,2126,none
omp,3,256,100,48,static,false,1,3,0.598881,2736.281,43.780,nan,nan,26040196.52,2833,none
omp,3,96,2000,4,dynamic,spread,1,13,2.380096,697.942,11.167,nan,nan,10583177.5,2714,none
omp,1,96,2000,48,static,close,1,12,0.072549,22897.073,366.353,nan,nan,10583177.5,3409,none
omp,2,96,2000,8,static,false,1,9,0.159648,10405.199,166.483,nan,nan,10583177.5,3446,none
omp,2,1000,30,8,dynamic,false,0,3,11.671022,2555.077,40.881,nan,nan,249276035.6,2101,none
omp,1,96,2000,6,static,close,0,11,0.124038,13392.416,214.279,nan,nan,10583177.5,2359,none
omp,1,96,2000,24,static,close,0,8,0.072067,23050.236,368.804,nan,nan,10583177.5,3206,none
omp,1,96,2000,2,static,false,0,15,0.366182,4536.451,72.583,nan,nan,10583177.5,2840,none
omp,2,96,2000,2,static,spread,1,9,0.365304,4547.361,72.758,nan,nan,10583177.5,2516,none
omp,1,256,100,6,dynamic,false,1,12,0.917814,1785.444,28.567,nan,nan,26040196.52,2460,none
omp,1,96,2000,16,dynamic,false,0,7,0.697474,2381.693,38.107,nan,nan,10583177.5,2875,none
omp,1,1000,30,48,static,close,0,4,15.364622,1940.846,31.054,nan,nan,249276035.6,2691,none
omp,2,1000,30,2,dynamic,false,0,8,17.005726,1753.548,28.057,nan,nan,249276035.6,2007,none
omp,1,96,2000,1,dynamic,close,1,3,0.705943,2353.118,37.650,nan,nan,10583177.5,1966,none
omp,3,96,2000,1,dynamic,spread,0,1,0.880285,1887.079,30.193,nan,nan,10583177.5,1999,none
omp,3,96,2000,12,dynamic,close,1,11,0.941989,1763.468,28.215,nan,nan,10583177.5,2628,none
omp,3,1000,30,6,dynamic,false,1,4,18.197146,1638.738,26.220,nan,nan,249276035.6,2189,none
omp,3,96,2000,48,dynamic,spread,1,9,0.953606,1741.985,27.872,nan,nan,10583177.5,3312,none
omp,2,256,100,8,static,close,0,6,0.696470,2352.876,37.646,nan,nan,26040196.52,2458,none
omp,3,96,2000,6,dynamic,close,0,1,0.517393,3210.653,51.370,nan,nan,10583177.5,2712,none
omp,2,96,2000,48,dynamic,spread,1,14,0.607923,2732.532,43.721,nan,nan,10583177.5,3573,none
omp,3,96,2000,48,static,close,1,2,0.064035,25941.626,415.066,nan,nan,10583177.5,3916,none
omp,1,96,2000,2,static,false,0,14,0.367882,4515.486,72.248,nan,nan,10583177.5,2998,none
omp,2,1000,30,8,static,close,1,5,20.905028,1426.468,22.823,1688.860,nan,249276035.6,2201,perf-pkg
omp,3,96,2000,2,static,spread,1,15,0.386115,4302.266,68.836,nan,nan,10583177.5,2168,none
omp,1,96,2000,2,dynamic,false,0,9,1.196987,1387.791,22.205,nan,nan,10583177.5,1982,none
omp,1,96,2000,2,dynamic,close,0,2,0.449803,3693.103,59.090,nan,nan,10583177.5,2023,none
omp,1,1000,30,48,static,false,1,8,15.566543,1915.670,30.651,nan,nan,249276035.6,2418,none
omp,2,256,100,6,dynamic,false,0,10,0.930767,1760.598,28.170,nan,nan,26040196.52,2779,none
omp,1,96,2000,8,static,close,0,9,0.111938,14840.045,237.441,nan,nan,10583177.5,3140,none
omp,2,1000,30,24,static,close,0,8,14.919051,1998.811,31.981,nan,nan,249276035.6,2141,none
omp,2,96,2000,2,static,close,0,6,0.349811,4748.762,75.980,nan,nan,10583177.5,2102,none
omp,2,256,100,6,static,false,1,13,0.481130,3405.951,54.495,nan,nan,26040196.52,2332,none
omp,2,1000,30,2,static,spread,1,14,16.263352,1833.592,29.337,nan,nan,249276035.6,1924,none
omp,2,256,100,4,static,spread,0,4,0.556961,2942.227,47.076,nan,nan,26040196.52,2066,none
omp,3,1000,30,1,dynamic,false,1,10,26.437803,1127.944,18.047,nan,nan,249276035.6,2080,none
omp,2,1000,30,48,static,false,0,4,15.350638,1942.614,31.082,nan,nan,249276035.6,3341,none
omp,2,256,100,16,static,close,0,14,0.551897,2969.224,47.508,nan,nan,26040196.52,2725,none
omp,1,256,100,1,static,close,1,14,1.161915,1410.350,22.566,nan,nan,26040196.52,1883,none
omp,1,1000,30,48,dynamic,close,0,8,10.519021,2834.899,45.358,nan,nan,249276035.6,3462,none
omp,2,1000,30,8,dynamic,spread,0,12,11.715110,2545.461,40.727,nan,nan,249276035.6,2108,none
omp,1,1000,30,4,dynamic,close,0,2,16.325074,1826.660,29.227,nan,nan,249276035.6,2070,none
omp,1,256,100,24,dynamic,spread,1,11,0.599044,2735.537,43.769,nan,nan,26040196.52,2242,none
omp,3,256,100,4,dynamic,spread,1,14,1.673894,978.979,15.664,nan,nan,26040196.52,2359,none
omp,2,256,100,12,dynamic,close,1,12,0.620574,2640.630,42.250,nan,nan,26040196.52,2702,none
omp,2,1000,30,8,dynamic,close,1,2,11.941119,2497.283,39.957,nan,nan,249276035.6,2541,none
omp,2,256,100,6,dynamic,spread,1,12,0.902676,1815.386,29.046,nan,nan,26040196.52,1965,none
omp,2,1000,30,2,static,false,0,3,16.130236,1848.724,29.580,nan,nan,249276035.6,1996,none
omp,2,96,2000,24,static,spread,0,12,0.069896,23766.330,380.261,nan,nan,10583177.5,2985,none
omp,3,1000,30,8,dynamic,false,0,3,15.920266,1873.107,29.970,nan,nan,249276035.6,2002,none
omp,1,256,100,8,dynamic,false,0,10,0.934424,1753.707,28.059,nan,nan,26040196.52,2384,none
omp,2,256,100,12,static,close,0,6,0.576768,2841.186,45.459,nan,nan,26040196.52,2501,none
omp,2,1000,30,1,dynamic,spread,0,14,26.170817,1139.451,18.231,nan,nan,249276035.6,2103,none
omp,2,1000,30,6,dynamic,spread,0,15,12.710068,2346.200,37.539,nan,nan,249276035.6,2019,none
omp,1,256,100,24,dynamic,spread,0,13,0.611334,2680.541,42.889,nan,nan,26040196.52,2356,none
omp,2,256,100,12,dynamic,false,0,11,0.679666,2411.046,38.577,nan,nan,26040196.52,2433,none
omp,2,256,100,1,dynamic,false,1,2,1.166306,1405.040,22.481,nan,nan,26040196.52,2345,none
omp,1,256,100,8,dynamic,spread,1,11,0.924721,1772.110,28.354,nan,nan,26040196.52,2139,none
omp,1,96,2000,6,static,spread,0,13,0.159360,10424.027,166.784,nan,nan,10583177.5,2175,none
omp,1,256,100,8,static,close,1,1,0.695823,2355.061,37.681,nan,nan,26040196.52,2426,none
omp,2,256,100,24,static,false,1,3,0.554374,2955.960,47.295,nan,nan,26040196.52,2761,none
omp,3,1000,30,6,static,close,0,1,25.200046,1183.345,18.934,nan,nan,249276035.6,2081,none
omp,3,96,2000,6,static,close,0,9,0.131958,12588.616,201.418,nan,nan,10583177.5,2217,none
omp,3,1000,30,24,dynamic,close,1,4,16.716155,1783.925,28.543,nan,nan,249276035.6,2407,none
omp,2,256,100,2,static,spread,1,11,0.751533,2180.485,34.888,nan,nan,26040196.52,2655,none
omp,1,1000,30,24,dynamic,close,1,5,10.409016,2864.859,45.838,nan,nan,249276035.6,2288,none
omp,1,256,100,8,static,close,0,5,0.696991,2351.115,37.618,nan,nan,26040196.52,2573,none
omp,2,96,2000,48,static,spread,0,5,0.066089,25135.292,402.165,nan,nan,10583177.5,2840,none
omp,2,1000,30,1,static,spread,1,9,25.780237,1156.714,18.507,nan,nan,249276035.6,2061,none
omp,1,96,2000,48,dynamic,spread,1,9,0.587348,2828.250,45.252,nan,nan,10583177.5,4025,none
omp,1,256,100,1,static,false,0,4,1.336511,1226.107,19.618,nan,nan,26040196.52,2763,none
omp,1,1000,30,6,dynamic,spread,1,5,13.303608,2241.524,35.864,nan,nan,249276035.6,2075,none
omp,2,96,2000,8,static,spread,0,14,0.128143,12963.417,207.415,nan,nan,10583177.5,2568,none
omp,3,96,2000,4,static,false,1,10,0.226149,7345.457,117.527,nan,nan,10583177.5,2167,none
omp,1,96,2000,16,dynamic,spread,1,2,0.685590,2422.978,38.768,nan,nan,10583177.5,2380,none
omp,1,1000,30,4,dynamic,false,0,6,14.585245,2044.557,32.713,nan,nan,249276035.6,2065,none
omp,3,256,100,6,dynamic,close,1,5,0.828719,1977.397,31.638,nan,nan,26040196.52,2059,none
omp,3,1000,30,12,dynamic,close,0,12,13.563163,2198.629,35.178,nan,nan,249276035.6,2131,none
omp,3,96,2000,48,dynamic,spread,0,10,0.856858,1938.673,31.019,nan,nan,10583177.5,2992,none
omp,2,96,2000,2,static,spread,1,1,0.366279,4535.249,72.564,nan,nan,10583177.5,3119,none
omp,3,96,2000,2,dynamic,close,0,10,0.958433,1733.212,27.731,nan,nan,10583177.5,2033,none
omp,2,1000,30,48,dynamic,spread,1,3,10.537681,2829.879,45.278,nan,nan,249276035.6,2440,none
omp,1,1000,30,2,static,close,1,14,22.977259,1297.821,20.765,nan,nan,249276035.6,2042,none
omp,1,256,100,6,static,spread,1,9,0.481266,3404.993,54.480,nan,nan,26040196.52,2100,none
omp,1,96,2000,48,dynamic,close,1,14,0.583560,2846.610,45.546,nan,nan,10583177.5,3626,none
omp,2,1000,30,6,dynamic,close,0,15,16.739117,1781.477,28.504,nan,nan,249276035.6,2349,none
omp,2,1000,30,6,dynamic,false,0,11,12.708077,2346.567,37.545,nan,nan,249276035.6,1921,none
omp,1,1000,30,6,dynamic,false,1,5,13.295576,2242.878,35.886,nan,nan,249276035.6,1992,none
omp,2,256,100,16,static,spread,0,2,0.534159,3067.822,49.085,nan,nan,26040196.52,2322,none
omp,3,96,2000,2,dynamic,close,0,7,0.958831,1732.493,27.720,nan,nan,10583177.5,2250,none
omp,2,1000,30,2,static,spread,0,12,16.465635,1811.067,28.977,nan,nan,249276035.6,2107,none
omp,1,96,2000,1,static,spread,0,11,0.703369,2361.731,37.788,nan,nan,10583177.5,1898,none
omp,1,1000,30,48,dynamic,spread,0,8,10.651161,2799.728,44.796,nan,nan,249276035.6,3389,none
omp,2,96,2000,12,static,close,0,11,0.083650,19858.661,317.739,nan,nan,10583177.5,3584,none
omp,3,96,2000,4,dynamic,close,0,13,0.687643,2415.742,38.652,nan,nan,10583177.5,1983,none
omp,2,96,2000,16,static,false,0,2,0.220214,7543.425,120.695,nan,nan,10583177.5,2674,none
omp,2,1000,30,12,dynamic,spread,1,10,11.210455,2660.049,42.561,nan,nan,249276035.6,2163,none
omp,2,256,100,4,static,close,1,11,0.790298,2073.529,33.176,141.120,nan,26040196.52,2402,perf-pkg
omp,1,256,100,48,static,false,0,8,0.645171,2539.958,40.639,nan,nan,26040196.52,3086,none
omp,1,256,100,6,dynamic,spread,1,5,0.939038,1745.090,27.921,nan,nan,26040196.52,2771,none
omp,3,1000,30,8,dynamic,spread,1,15,17.443292,1709.560,27.353,nan,nan,249276035.6,2044,none
omp,1,1000,30,24,static,close,1,3,15.198405,1962.072,31.393,nan,nan,249276035.6,2522,none
omp,2,96,2000,12,dynamic,false,0,13,0.733883,2263.534,36.217,nan,nan,10583177.5,2660,none
omp,1,1000,30,16,dynamic,close,0,2,10.401714,2866.870,45.870,nan,nan,249276035.6,2326,none
omp,1,256,100,24,dynamic,false,1,5,0.609425,2688.937,43.023,nan,nan,26040196.52,2354,none
omp,1,1000,30,8,static,close,1,13,20.890320,1427.473,22.840,nan,nan,249276035.6,2238,none
omp,3,1000,30,24,static,false,1,10,15.165910,1966.276,31.460,nan,nan,249276035.6,2337,none
omp,3,256,100,4,static,spread,1,3,0.549463,2982.378,47.718,nan,nan,26040196.52,2640,none
omp,2,96,2000,2,dynamic,close,0,11,0.431734,3847.668,61.563,nan,nan,10583177.5,2760,none
omp,2,96,2000,12,static,false,1,5,0.180082,9224.501,147.592,nan,nan,10583177.5,2660,none
omp,1,1000,30,2,dynamic,close,0,14,16.415487,1816.599,29.066,nan,nan,249276035.6,2067,none
omp,3,96,2000,16,static,close,1,15,0.073118,22718.956,363.503,nan,nan,10583177.5,2102,none
omp,2,96,2000,4,dynamic,false,1,3,1.050571,1581.205,25.299,nan,nan,10583177.5,2115,none
omp,1,1000,30,16,dynamic,false,1,13,10.798737,2761.467,44.183,nan,nan,249276035.6,2143,none
omp,3,96,2000,4,dynamic,false,0,14,2.264977,733.415,11.735,nan,nan,10583177.5,2201,none
omp,3,96,2000,8,static,spread,1,5,0.116475,14262.024,228.192,nan,nan,10583177.5,2441,none
omp,3,96,2000,12,dynamic,false,0,6,1.201808,1382.224,22.116,nan,nan,10583177.5,2703,none
omp,2,256,100,2,static,spread,1,8,0.744468,2201.178,35.219,nan,nan,26040196.52,2266,none
omp,1,256,100,12,static,false,0,3,0.519975,3151.509,50.424,nan,nan,26040196.52,2357,none
omp,3,1000,30,1,static,false,0,6,26.055951,1144.474,18.312,nan,nan,249276035.6,1940,none
omp,2,1000,30,6,static,close,1,7,25.271217,1180.013,18.880,1718.130,nan,249276035.6,2155,perf-pkg
omp,2,96,2000,16,static,spread,1,14,0.072769,22827.930,365.247,nan,nan,10583177.5,3088,none
omp,1,96,2000,24,dynamic,false,0,10,0.664127,2501.282,40.021,nan,nan,10583177.5,3236,none
omp,3,1000,30,16,static,spread,0,8,16.137298,1847.915,29.567,nan,nan,249276035.6,2147,none
omp,1,256,100,12,static,close,1,1,0.578581,2832.286,45.317,nan,nan,26040196.52,2740,none
omp,1,96,2000,2,dynamic,spread,0,9,1.162296,1429.213,22.867,nan,nan,10583177.5,2478,none
omp,1,256,100,4,dynamic,close,0,11,0.772799,2120.483,33.928,nan,nan,26040196.52,2523,none
omp,3,96,2000,16,dynamic,spread,1,3,1.094618,1517.578,24.281,nan,nan,10583177.5,2727,none
omp,2,96,2000,4,static,close,1,4,0.179776,9240.198,147.843,121.930,nan,10583177.5,2251,perf-pkg
omp,1,96,2000,16,static,false,0,3,0.228265,7277.357,116.438,nan,nan,10583177.5,2717,none
omp,2,256,100,24,dynamic,close,1,11,0.607964,2695.400,43.126,nan,nan,26040196.52,2970,none
omp,2,1000,30,1,dynamic,false,0,11,26.341269,1132.078,18.113,nan,nan,249276035.6,1948,none
omp,3,96,2000,16,dynamic,spread,1,7,1.035260,1604.590,25.673,nan,nan,10583177.5,2134,none
omp,3,1000,30,48,dynamic,false,1,11,16.651509,1790.850,28.654,nan,nan,249276035.6,2573,none
omp,2,96,2000,24,dynamic,spread,0,2,0.676861,2454.225,39.268,nan,nan,10583177.5,2803,none
omp,2,256,100,12,static,spread,1,8,0.516329,3173.762,50.780,nan,nan,26040196.52,2799,none
omp,3,96,2000,1,dynamic,spread,1,3,0.871846,1905.346,30.486,nan,nan,10583177.5,2647,none
omp,1,1000,30,8,dynamic,close,1,6,12.076115,2469.367,39.510,nan,nan,249276035.6,2452,none
omp,1,256,100,48,static,spread,1,5,0.599798,2732.097,43.714,nan,nan,26040196.52,2718,none
omp,2,256,100,2,dynamic,spread,0,12,0.913161,1794.543,28.713,nan,nan,26040196.52,3189,none
omp,1,256,100,6,dynamic,spread,0,1,0.924212,1773.085,28.369,nan,nan,26040196.52,2176,none
omp,1,1000,30,6,static,false,0,2,13.914966,2143.042,34.289,nan,nan,249276035.6,1972,none
omp,2,1000,30,4,static,close,1,15,23.929845,1246.158,19.939,1712.480,nan,249276035.6,2054,perf-pkg
omp,1,1000,30,1,dynamic,close,0,11,25.963359,1148.556,18.377,nan,nan,249276035.6,1980,none
omp,3,1000,30,1,dynamic,close,1,8,26.160083,1139.918,18.239,nan,nan,249276035.6,2069,none
omp,1,256,100,12,static,spread,1,6,0.528957,3097.993,49.568,nan,nan,26040196.52,2140,none
omp,2,96,2000,6,dynamic,false,0,11,0.910258,1824.942,29.199,nan,nan,10583177.5,2507,none
omp,1,256,100,6,static,false,1,6,0.483728,3387.664,54.203,nan,nan,26040196.52,2403,none
omp,2,96,2000,8,dynamic,close,1,1,0.677002,2453.711,39.259,nan,nan,10583177.5,2013,none
omp,3,1000,30,1,static,false,0,13,26.020842,1146.018,18.336,nan,nan,249276035.6,1857,none
omp,2,1000,30,16,dynamic,close,1,10,10.502469,2839.367,45.430,nan,nan,249276035.6,2065,none
omp,3,256,100,48,static,spread,0,3,0.571860,2865.570,45.849,nan,nan,26040196.52,2872,none
omp,3,1000,30,12,dynamic,false,1,1,16.955274,1758.766,28.140,nan,nan,249276035.6,2241,none
omp,2,1000,30,1,static,close,0,2,25.905497,1151.121,18.418,nan,nan,249276035.6,2029,none
omp,3,1000,30,48,static,close,1,4,15.509213,1922.751,30.764,nan,nan,249276035.6,2984,none
omp,2,256,100,48,dynamic,false,1,12,0.627947,2609.627,41.754,nan,nan,26040196.52,3138,none
omp,2,256,100,8,static,close,0,7,0.695328,2356.737,37.708,nan,nan,26040196.52,3033,none
omp,2,256,100,2,dynamic,false,0,7,0.980453,1671.378,26.742,nan,nan,26040196.52,2884,none
omp,2,96,2000,12,static,false,0,11,0.177628,9351.943,149.631,nan,nan,10583177.5,2717,none
omp,1,256,100,2,static,spread,1,12,0.712527,2299.850,36.798,nan,nan,26040196.52,2452,none
omp,2,1000,30,48,static,spread,1,14,15.529205,1920.276,30.724,nan,nan,249276035.6,3513,none
omp,1,256,100,2,static,spread,1,14,0.744671,2200.578,35.209,nan,nan,26040196.52,2878,none
omp,3,1000,30,12,dynamic,false,1,10,16.919230,1762.513,28.200,nan,nan,249276035.6,1875,none
omp,2,256,100,48,dynamic,spread,1,7,0.712527,2299.853,36.798,nan,nan,26040196.52,3602,none
omp,1,1000,30,8,dynamic,false,1,13,12.143471,2455.670,39.291,nan,nan,249276035.6,2262,none
omp,2,1000,30,4,static,false,0,5,12.973392,2298.578,36.777,nan,nan,249276035.6,2024,none
omp,2,256,100,2,dynamic,false,1,10,0.880484,1861.143,29.778,nan,nan,26040196.52,1910,none
omp,3,96,2000,2,dynamic,spread,0,15,2.798174,593.662,9.499,nan,nan,10583177.5,1950,none
omp,3,256,100,12,dynamic,close,1,3,0.791849,2069.468,33.111,nan,nan,26040196.52,2251,none
omp,1,96,2000,4,static,close,1,2,0.181777,9138.507,146.216,nan,nan,10583177.5,2532,none
omp,1,96,2000,2,dynamic,close,1,6,0.436638,3804.450,60.871,nan,nan,10583177.5,2520,none
omp,2,1000,30,48,dynamic,spread,1,10,10.602588,2812.555,45.001,nan,nan,249276035.6,2699,none
omp,1,256,100,4,dynamic,false,0,1,1.219020,1344.282,21.509,nan,nan,26040196.52,2901,none
omp,2,1000,30,24,static,close,0,11,14.903631,2000.879,32.014,nan,nan,249276035.6,2538,none
omp,1,1000,30,2,dynamic,false,1,1,17.501803,1703.845,27.262,nan,nan,249276035.6,1868,none
omp,2,256,100,6,dynamic,false,0,9,0.918102,1784.884,28.558,nan,nan,26040196.52,2022,none
omp,1,1000,30,16,static,spread,1,13,16.291678,1830.404,29.286,nan,nan,249276035.6,2056,none
omp,1,256,100,6,dynamic,spread,0,4,0.910798,1799.199,28.787,nan,nan,26040196.52,1976,none
omp,1,96,2000,6,dynamic,close,1,3,0.186340,8914.722,142.636,nan,nan,10583177.5,2279,none
omp,3,1000,30,48,static,close,0,9,15.340848,1943.853,31.102,nan,nan,249276035.6,3175,none
omp,3,256,100,48,dynamic,spread,0,8,0.927330,1767.124,28.274,nan,nan,26040196.52,2917,none
omp,2,96,2000,12,dynamic,spread,0,8,0.733803,2263.779,36.220,nan,nan,10583177.5,2409,none
omp,2,1000,30,1,dynamic,spread,0,8,26.733646,1115.462,17.847,nan,nan,249276035.6,1913,none
omp,1,1000,30,12,dynamic,spread,1,6,11.197717,2663.075,42.609,nan,nan,249276035.6,2099,none
omp,2,96,2000,6,dynamic,spread,0,2,0.858723,1934.463,30.951,nan,nan,10583177.5,2502,none
omp,3,1000,30,48,dynamic,false,1,14,16.643290,1791.735,28.668,nan,nan,249276035.6,2198,none
omp,1,1000,30,24,static,false,1,13,15.185004,1963.803,31.421,nan,nan,249276035.6,2167,none
omp,2,96,2000,4,dynamic,close,1,3,0.246954,6726.639,107.626,nan,nan,10583177.5,2693,none
omp,2,1000,30,1,static,close,0,15,25.930487,1150.012,18.400,nan,nan,249276035.6,2037,none
omp,3,1000,30,6,dynamic,false,0,15,16.737039,1781.699,28.507,nan,nan,249276035.6,1946,none
omp,2,1000,30,48,dynamic,false,0,11,10.694759,2788.315,44.613,nan,nan,249276035.6,3255,none
omp,1,1000,30,2,static,spread,1,8,16.229013,1837.472,29.400,nan,nan,249276035.6,2125,none
omp,2,96,2000,12,dynamic,close,1,3,0.618502,2685.793,42.973,nan,nan,10583177.5,2722,none
omp,2,1000,30,1,dynamic,close,0,6,25.583011,1165.631,18.650,nan,nan,249276035.6,2101,none
omp,2,96,2000,24,static,spread,1,14,0.065718,25277.387,404.438,nan,nan,10583177.5,2904,none
omp,3,1000,30,48,dynamic,false,0,1,14.853219,2007.670,32.123,nan,nan,249276035.6,3663,none
omp,3,96,2000,4,dynamic,spread,1,3,2.270724,731.559,11.705,nan,nan,10583177.5,2079,none
omp,3,96,2000,8,static,spread,0,10,0.119677,13880.402,222.086,nan,nan,10583177.5,2121,none
omp,3,256,100,24,dynamic,close,1,2,0.912673,1795.502,28.728,nan,nan,26040196.52,2579,none
omp,1,96,2000,6,dynamic,spread,0,15,0.857869,1936.389,30.982,nan,nan,10583177.5,2607,none
omp,3,96,2000,12,dynamic,false,1,2,1.131787,1467.739,23.484,nan,nan,10583177.5,2327,none
omp,2,1000,30,24,dynamic,false,0,3,10.515329,2835.894,45.374,nan,nan,249276035.6,2269,none
omp,3,96,2000,16,dynamic,false,0,1,1.039882,1597.459,25.559,nan,nan,10583177.5,2482,none
omp,3,1000,30,1,static,spread,0,10,25.964929,1148.486,18.376,nan,nan,249276035.6,1919,none
omp,2,1000,30,8,static,false,1,8,14.481294,2059.233,32.948,nan,nan,249276035.6,1998,none
omp,1,1000,30,4,dynamic,false,1,2,15.410607,1935.054,30.961,nan,nan,249276035.6,1990,none
omp,1,96,2000,12,dynamic,false,1,2,0.704203,2358.932,37.743,nan,nan,10583177.5,2252,none
omp,2,1000,30,48,static,spread,1,4,15.505775,1923.178,30.771,nan,nan,249276035.6,3184,none
omp,2,256,100,12,dynamic,false,1,12,0.717541,2283.781,36.540,nan,nan,26040196.52,3014,none
omp,3,256,100,4,dynamic,close,0,11,0.948350,1727.955,27.647,nan,nan,26040196.52,2675,none
omp,2,96,2000,16,static,spread,1,1,0.072848,22803.068,364.849,nan,nan,10583177.5,2978,none
omp,2,96,2000,2,dynamic,false,1,11,1.220374,1361.196,21.779,nan,nan,10583177.5,2529,none
omp,2,256,100,1,static,close,1,1,1.260837,1299.697,20.795,101.140,nan,26040196.52,2323,perf-pkg
omp,1,96,2000,6,static,false,1,1,0.171832,9667.400,154.678,nan,nan,10583177.5,2316,none
omp,3,1000,30,8,dynamic,false,1,8,17.444086,1709.482,27.352,nan,nan,249276035.6,2253,none
omp,3,1000,30,8,dynamic,false,0,7,15.919591,1873.186,29.971,nan,nan,249276035.6,1954,none
omp,1,256,100,24,dynamic,false,1,10,0.609732,2687.586,43.001,nan,nan,26040196.52,2817,none
omp,2,96,2000,6,dynamic,spread,0,4,0.860354,1930.795,30.893,nan,nan,10583177.5,1867,none
omp,1,96,2000,2,static,false,0,4,0.367822,4516.224,72.260,nan,nan,10583177.5,1980,none
omp,2,256,100,6,dynamic,spread,0,4,0.906547,1807.635,28.922,nan,nan,26040196.52,2222,none
omp,2,256,100,8,static,close,1,2,0.694512,2359.508,37.752,133.110,nan,26040196.52,2779,perf-pkg
omp,1,256,100,48,dynamic,false,1,8,0.631484,2595.008,41.520,nan,nan,26040196.52,2614,none
omp,2,256,100,1,static,false,1,9,1.349410,1214.387,19.430,nan,nan,26040196.52,2592,none
omp,2,256,100,48,dynamic,false,1,10,0.665983,2460.582,39.369,nan,nan,26040196.52,2749,none
omp,2,1000,30,6,static,false,0,9,13.918658,2142.474,34.280,nan,nan,249276035.6,2317,none
omp,2,256,100,48,dynamic,close,1,1,0.761118,2153.025,34.448,nan,nan,26040196.52,3420,none
omp,3,1000,30,12,dynamic,false,0,9,15.417589,1934.178,30.947,nan,nan,249276035.6,1982,none
omp,1,256,100,24,static,close,0,2,0.534884,3063.667,49.019,nan,nan,26040196.52,2770,none
omp,2,256,100,8,dynamic,close,0,7,0.639540,2562.322,40.997,nan,nan,26040196.52,2614,none
omp,1,1000,30,1,static,spread,1,13,25.789000,1156.321,18.501,nan,nan,249276035.6,1913,none
omp,1,96,2000,1,static,close,1,15,0.693683,2394.707,38.315,nan,nan,10583177.5,2082,none
omp,2,256,100,48,dynamic,close,1,3,0.660799,2479.888,39.678,nan,nan,26040196.52,3066,none
omp,3,256,100,4,dynamic,false,1,8,1.675222,978.202,15.651,nan,nan,26040196.52,2573,none
omp,1,96,2000,2,static,close,0,15,0.349591,4751.747,76.028,nan,nan,10583177.5,2616,none
omp,1,256,100,4,static,close,0,13,0.782810,2093.364,33.494,nan,nan,26040196.52,2125,none
omp,2,1000,30,1,dynamic,close,1,10,25.890802,1151.774,18.428,nan,nan,249276035.6,1975,none
omp,3,96,2000,2,static,spread,0,10,0.385358,4310.709,68.971,nan,nan,10583177.5,2006,none
omp,2,96,2000,16,static,false,1,11,0.211349,7859.824,125.757,nan,nan,10583177.5,2150,none
omp,3,256,100,16,dynamic,spread,0,5,0.936602,1749.629,27.994,nan,nan,26040196.52,2357,none
omp,1,96,2000,1,dynamic,spread,0,1,0.700252,2372.244,37.956,nan,nan,10583177.5,2293,none
omp,1,256,100,4,dynamic,false,1,5,1.190523,1376.460,22.023,nan,nan,26040196.52,2184,none
omp,1,256,100,16,dynamic,close,1,6,0.595041,2753.937,44.063,nan,nan,26040196.52,2554,none
omp,1,256,100,8,dynamic,spread,0,3,0.928812,1764.303,28.229,nan,nan,26040196.52,2153,none
omp,2,96,2000,1,dynamic,spread,0,5,0.705175,2355.683,37.691,nan,nan,10583177.5,2140,none
omp,1,256,100,4,static,close,0,3,0.782542,2094.080,33.505,nan,nan,26040196.52,2385,none
omp,1,96,2000,16,dynamic,false,1,12,0.687297,2416.960,38.671,nan,nan,10583177.5,2546,none
omp,2,1000,30,8,static,spread,1,10,14.456675,2062.740,33.004,nan,nan,249276035.6,1872,none
omp,2,256,100,2,static,close,0,7,0.846942,1934.851,30.958,nan,nan,26040196.52,2107,none
omp,3,96,2000,1,dynamic,spread,0,4,0.889127,1868.314,29.893,nan,nan,10583177.5,1913,none
omp,3,1000,30,48,static,close,0,4,15.335816,1944.491,31.112,nan,nan,249276035.6,2510,none
omp,2,96,2000,12,dynamic,spread,0,5,0.737361,2252.857,36.046,nan,nan,10583177.5,3325,none
omp,1,96,2000,16,dynamic,close,0,1,0.639739,2596.632,41.546,nan,nan,10583177.5,2951,none
omp,3,1000,30,1,dynamic,false,1,4,26.336498,1132.283,18.117,nan,nan,249276035.6,2020,none
omp,3,256,100,4,static,close,1,5,0.786647,2083.155,33.330,nan,nan,26040196.52,2008,none
omp,3,1000,30,24,dynamic,close,1,2,16.715870,1783.955,28.543,nan,nan,249276035.6,2767,none
omp,3,1000,30,48,static,close,1,1,15.512323,1922.366,30.758,nan,nan,249276035.6,2689,none
omp,2,96,2000,24,dynamic,close,0,2,0.685764,2422.361,38.758,nan,nan,10583177.5,3480,none
omp,1,1000,30,24,dynamic,spread,1,10,10.427390,2859.810,45.757,nan,nan,249276035.6,2464,none
omp,3,96,2000,24,dynamic,spread,1,9,0.920300,1805.030,28.880,nan,nan,10583177.5,3512,none
omp,3,1000,30,48,dynamic,close,0,2,14.876912,2004.472,32.072,nan,nan,249276035.6,3793,none
omp,3,256,100,1,static,close,1,13,1.249264,1311.737,20.988,nan,nan,26040196.52,2008,none
omp,1,256,100,48,static,close,1,15,0.595221,2753.104,44.050,nan,nan,26040196.52,3800,none
omp,2,1000,30,1,dynamic,false,0,2,25.748492,1158.140,18.530,nan,nan,249276035.6,1932,none
omp,3,96,2000,6,static,false,0,15,0.183708,9042.454,144.679,nan,nan,10583177.5,2268,none
omp,2,1000,30,48,static,close,0,2,15.371739,1939.947,31.039,nan,nan,249276035.6,2963,none
omp,3,1000,30,24,static,spread,0,3,14.896585,2001.825,32.029,nan,nan,249276035.6,2149,none
omp,1,96,2000,16,dynamic,false,1,3,0.684402,2427.182,38.835,nan,nan,10583177.5,2566,none
omp,3,96,2000,6,static,close,1,14,0.127280,13051.317,208.821,nan,nan,10583177.5,2445,none
omp,3,256,100,12,static,spread,1,14,0.515962,3176.024,50.816,nan,nan,26040196.52,2280,none
omp,3,1000,30,2,dynamic,spread,1,6,24.482014,1218.052,19.489,nan,nan,249276035.6,1927,none
omp,2,96,2000,8,static,spread,1,11,0.115921,14330.227,229.284,nan,nan,10583177.5,2439,none
omp,3,96,2000,2,static,spread,0,9,0.384881,4316.061,69.057,nan,nan,10583177.5,2302,none
omp,3,1000,30,8,dynamic,close,1,11,15.634960,1907.287,30.517,nan,nan,249276035.6,2092,none
omp,3,1000,30,24,dynamic,false,1,4,16.701798,1785.458,28.567,nan,nan,249276035.6,2552,none
omp,1,96,2000,48,static,close,0,8,0.073954,22462.104,359.394,nan,nan,10583177.5,3308,none
omp,2,96,2000,12,static,close,1,9,0.081343,20421.841,326.749,113.310,nan,10583177.5,3011,perf-pkg
omp,2,256,100,8,static,spread,0,12,0.507758,3227.338,51.637,nan,nan,26040196.52,2748,none
omp,3,96,2000,1,dynamic,spread,0,15,0.877609,1892.834,30.285,nan,nan,10583177.5,2597,none
omp,2,256,100,2,static,spread,0,14,0.768337,2132.797,34.125,nan,nan,26040196.52,1961,none
omp,1,96,2000,4,dynamic,close,0,12,0.248218,6692.381,107.078,nan,nan,10583177.5,1984,none
omp,1,96,2000,8,static,close,1,5,0.112322,14789.341,236.629,nan,nan,10583177.5,2096,none
omp,3,1000,30,2,static,close,0,7,22.764610,1309.944,20.959,nan,nan,249276035.6,2150,none
omp,3,1000,30,48,static,false,1,3,15.541038,1918.814,30.701,nan,nan,249276035.6,2602,none
omp,3,256,100,4,dynamic,false,0,5,1.674748,978.479,15.656,nan,nan,26040196.52,2794,none
omp,3,256,100,48,static,close,1,7,0.586031,2796.280,44.740,nan,nan,26040196.52,2989,none
omp,1,1000,30,2,static,close,1,8,22.984842,1297.392,20.758,nan,nan,249276035.6,1919,none
omp,3,256,100,48,dynamic,false,0,2,1.039708,1576.122,25.218,nan,nan,26040196.52,2787,none
omp,3,96,2000,1,static,spread,1,15,0.726898,2285.284,36.565,nan,nan,10583177.5,3070,none
omp,3,96,2000,24,static,spread,0,13,0.070330,23619.568,377.913,nan,nan,10583177.5,3226,none
omp,3,1000,30,1,static,close,0,1,25.631583,1163.422,18.615,nan,nan,249276035.6,1940,none
omp,3,1000,30,4,dynamic,spread,0,12,18.808333,1585.487,25.368,nan,nan,249276035.6,2187,none
omp,3,96,2000,24,dynamic,false,1,9,0.960698,1729.125,27.666,nan,nan,10583177.5,2694,none
omp,2,96,2000,12,static,spread,1,6,0.087885,18901.545,302.425,nan,nan,10583177.5,2690,none
omp,3,256,100,4,static,spread,1,1,0.541312,3027.287,48.437,nan,nan,26040196.52,2688,none
omp,3,1000,30,6,dynamic,false,1,13,18.195512,1638.885,26.222,nan,nan,249276035.6,2065,none
omp,3,1000,30,12,static,false,1,2,14.646846,2035.958,32.575,nan,nan,249276035.6,2269,none
omp,2,256,100,2,dynamic,false,1,14,0.938822,1745.491,27.928,nan,nan,26040196.52,2179,none
omp,1,256,100,8,static,close,1,2,0.697592,2349.089,37.585,nan,nan,26040196.52,2357,none
omp,2,96,2000,16,dynamic,close,1,8,0.638335,2602.346,41.638,nan,nan,10583177.5,2833,none
omp,3,1000,30,2,dynamic,false,0,5,23.895123,1247.968,19.967,nan,nan,249276035.6,1944,none
omp,1,1000,30,6,static,spread,0,11,14.004840,2129.290,34.069,nan,nan,249276035.6,2060,none
omp,3,256,100,2,dynamic,spread,0,10,2.091418,783.538,12.537,nan,nan,26040196.52,2082,none
omp,2,256,100,4,dynamic,spread,1,5,1.186169,1381.512,22.104,nan,nan,26040196.52,1844,none
omp,3,256,100,2,static,close,1,14,0.876120,1870.413,29.927,nan,nan,26040196.52,2026,none
omp,3,1000,30,6,dynamic,spread,0,13,16.712205,1784.346,28.550,nan,nan,249276035.6,1969,none
omp,3,1000,30,1,dynamic,close,0,7,26.026364,1145.775,18.332,nan,nan,249276035.6,1967,none
omp,3,1000,30,8,static,false,0,4,13.884725,2147.710,34.363,nan,nan,249276035.6,2027,none
omp,1,256,100,2,dynamic,false,0,14,0.899064,1822.680,29.163,nan,nan,26040196.52,1955,none
omp,3,96,2000,6,dynamic,false,1,10,1.737975,955.806,15.293,nan,nan,10583177.5,2066,none
omp,3,1000,30,12,dynamic,spread,0,11,15.399182,1936.490,30.984,nan,nan,249276035.6,1888,none
omp,2,96,2000,1,static,close,1,9,0.696434,2385.250,38.164,59.750,nan,10583177.5,2016,perf-pkg
omp,3,256,100,24,static,false,1,13,0.558297,2935.188,46.963,nan,nan,26040196.52,2715,none
omp,3,1000,30,24,dynamic,spread,1,1,16.708962,1784.693,28.555,nan,nan,249276035.6,2142,none
omp,2,256,100,6,static,false,1,15,0.475495,3446.318,55.141,nan,nan,26040196.52,2552,none
omp,1,256,100,24,static,false,0,8,0.561590,2917.979,46.688,nan,nan,26040196.52,3013,none
omp,2,256,100,8,static,false,1,1,0.530018,3091.795,49.469,nan,nan,26040196.52,2545,none
omp,3,96,2000,8,dynamic,false,1,2,1.477110,1124.607,17.994,nan,nan,10583177.5,2511,none
omp,2,1000,30,6,dynamic,close,0,4,16.715028,1784.045,28.545,nan,nan,249276035.6,1889,none
omp,2,256,100,48,static,close,0,7,0.609019,2690.730,43.052,nan,nan,26040196.52,3622,none
omp,1,256,100,48,static,spread,1,7,0.653105,2509.099,40.146,nan,nan,26040196.52,2939,none
omp,3,96,2000,4,static,spread,1,14,0.222028,7481.808,119.709,nan,nan,10583177.5,3223,none
omp,1,96,2000,48,dynamic,spread,1,12,0.592053,2805.774,44.892,nan,nan,10583177.5,3814,none
omp,2,256,100,16,static,false,1,13,0.535501,3060.138,48.962,nan,nan,26040196.52,2777,none
omp,1,1000,30,8,dynamic,close,1,11,11.838327,2518.967,40.303,nan,nan,249276035.6,1926,none
omp,2,1000,30,16,dynamic,false,0,4,10.688693,2789.898,44.638,nan,nan,249276035.6,2275,none
omp,1,256,100,48,dynamic,false,1,10,0.643933,2544.842,40.717,nan,nan,26040196.52,3020,none
omp,1,256,100,8,static,spread,1,15,0.511399,3204.357,51.270,nan,nan,26040196.52,2682,none
omp,2,1000,30,4,static,close,1,10,23.906938,1247.352,19.958,1742.940,nan,249276035.6,2305,perf-pkg
omp,1,256,100,48,dynamic,spread,0,9,0.720859,2273.269,36.372,nan,nan,26040196.52,3332,none
omp,2,96,2000,16,dynamic,close,0,11,0.751248,2211.210,35.379,nan,nan,10583177.5,2645,none
omp,2,1000,30,8,dynamic,false,1,14,12.154302,2453.482,39.256,nan,nan,249276035.6,1938,none
omp,2,256,100,16,dynamic,false,1,9,0.659249,2485.716,39.771,nan,nan,26040196.52,2443,none
omp,3,96,2000,1,static,spread,1,2,0.735838,2257.518,36.120,nan,nan,10583177.5,2190,none
omp,3,256,100,16,dynamic,false,0,14,1.036621,1580.815,25.293,nan,nan,26040196.52,2254,none
omp,2,256,100,6,static,false,0,15,0.484193,3384.405,54.150,nan,nan,26040196.52,2095,none
omp,3,1000,30,12,static,close,1,4,16.811609,1773.796,28.381,nan,nan,249276035.6,2283,none
omp,3,1000,30,48,static,close,1,15,15.531934,1919.939,30.719,nan,nan,249276035.6,2686,none
omp,2,96,2000,1,static,false,0,13,0.693185,2396.429,38.343,nan,nan,10583177.5,3111,none
omp,1,256,100,16,dynamic,spread,0,12,0.652176,2512.675,40.203,nan,nan,26040196.52,2547,none
omp,2,1000,30,16,static,false,1,3,14.804016,2014.343,32.229,nan,nan,249276035.6,2152,none
omp,1,256,100,8,static,spread,1,7,0.512886,3195.068,51.121,nan,nan,26040196.52,2607,none
omp,2,96,2000,12,static,false,1,4,0.178430,9309.922,148.959,nan,nan,10583177.5,2426,none
omp,3,256,100,6,dynamic,spread,1,3,1.383329,1184.611,18.954,nan,nan,26040196.52,2373,none
omp,3,256,100,8,dynamic,false,0,14,1.156165,1417.364,22.678,nan,nan,26040196.52,2058,none
omp,3,1000,30,24,dynamic,spread,0,4,15.092029,1975.901,31.614,nan,nan,249276035.6,2679,none
omp,2,256,100,8,static,false,0,4,0.510288,3211.338,51.381,nan,nan,26040196.52,2540,none
omp,3,1000,30,2,static,spread,0,3,16.194007,1841.444,29.463,nan,nan,249276035.6,2078,none
omp,3,1000,30,8,dynamic,close,1,1,15.635907,1907.172,30.515,nan,nan,249276035.6,1928,none
omp,2,256,100,24,static,spread,1,8,0.539608,3036.848,48.590,nan,nan,26040196.52,2461,none
omp,3,1000,30,4,dynamic,false,1,5,20.180851,1477.656,23.642,nan,nan,249276035.6,2077,none
omp,2,96,2000,1,dynamic,false,1,4,0.701746,2367.194,37.875,nan,nan,10583177.5,2013,none
omp,1,96,2000,4,dynamic,spread,0,11,1.012516,1640.634,26.250,nan,nan,10583177.5,2032,none
omp,3,256,100,48,static,false,0,9,0.680880,2406.747,38.508,nan,nan,26040196.52,2243,none
omp,3,256,100,24,dynamic,false,0,12,0.832965,1967.316,31.477,nan,nan,26040196.52,2524,none
omp,3,1000,30,16,static,false,1,7,14.801404,2014.698,32.235,nan,nan,249276035.6,2144,none
omp,1,96,2000,4,dynamic,false,0,5,1.012879,1640.046,26.241,nan,nan,10583177.5,2156,none
omp,2,1000,30,4,dynamic,spread,0,3,14.523979,2053.181,32.851,nan,nan,249276035.6,2116,none
omp,3,256,100,24,dynamic,spread,0,7,0.866091,1892.071,30.273,nan,nan,26040196.52,2440,none
omp,3,256,100,1,static,spread,1,10,1.223734,1339.104,21.426,nan,nan,26040196.52,1857,none
omp,3,1000,30,8,static,false,0,9,13.870528,2149.908,34.399,nan,nan,249276035.6,2093,none
omp,1,1000,30,24,static,close,0,13,14.928225,1997.582,31.961,nan,nan,249276035.6,2456,none
omp,2,1000,30,16,dynamic,close,1,15,10.477482,2846.138,45.538,nan,nan,249276035.6,2129,none
omp,1,96,2000,6,static,close,0,6,0.127596,13018.960,208.303,nan,nan,10583177.5,2488,none
omp,2,256,100,2,static,spread,1,5,0.742963,2205.636,35.290,nan,nan,26040196.52,2393,none
omp,3,256,100,1,dynamic,false,1,9,1.328800,1233.223,19.732,nan,nan,26040196.52,1940,none
omp,3,96,2000,2,dynamic,close,1,12,0.942759,1762.028,28.192,nan,nan,10583177.5,2014,none
omp,3,96,2000,6,dynamic,close,1,15,0.513898,3232.486,51.720,nan,nan,10583177.5,2149,none
omp,2,256,100,48,dynamic,spread,0,2,0.630974,2597.108,41.554,nan,nan,26040196.52,3346,none
omp,3,96,2000,2,dynamic,close,0,13,0.974499,1704.639,27.274,nan,nan,10583177.5,2199,none
omp,3,1000,30,2,dynamic,close,0,1,19.591564,1522.102,24.354,nan,nan,249276035.6,2027,none
omp,2,1000,30,12,static,spread,0,1,14.246189,2093.217,33.491,nan,nan,249276035.6,2068,none
omp,1,1000,30,2,dynamic,spread,1,4,17.495166,1704.491,27.272,nan,nan,249276035.6,1937,none
omp,3,1000,30,12,static,false,0,2,14.241012,2093.978,33.504,nan,nan,249276035.6,2012,none
omp,1,1000,30,24,static,spread,0,12,14.954507,1994.072,31.905,nan,nan,249276035.6,2692,none
omp,3,1000,30,48,static,spread,1,10,15.527867,1920.442,30.727,nan,nan,249276035.6,2994,none
omp,1,256,100,1,dynamic,close,0,3,1.285621,1274.642,20.394,nan,nan,26040196.52,2580,none
omp,3,256,100,1,static,false,0,11,1.547521,1058.923,16.943,nan,nan,26040196.52,2262,none
omp,3,96,2000,1,dynamic,false,0,3,0.881424,1884.642,30.154,nan,nan,10583177.5,2305,none
omp,3,256,100,16,static,spread,1,2,0.543492,3015.142,48.242,nan,nan,26040196.52,2220,none
omp,1,256,100,1,static,spread,0,6,1.299604,1260.927,20.175,nan,nan,26040196.52,1992,none
omp,2,1000,30,16,static,false,1,15,14.786994,2016.661,32.267,nan,nan,249276035.6,2198,none
omp,1,96,2000,4,dynamic,spread,1,5,1.004767,1653.287,26.453,nan,nan,10583177.5,2287,none
omp,2,1000,30,4,dynamic,spread,0,13,14.530703,2052.231,32.836,nan,nan,249276035.6,1905,none
omp,2,96,2000,4,dynamic,false,0,15,0.989956,1678.023,26.848,nan,nan,10583177.5,2110,none
omp,2,1000,30,16,static,spread,0,2,16.145819,1846.940,29.551,nan,nan,249276035.6,2148,none
omp,2,96,2000,8,static,close,1,12,0.111380,14914.448,238.631,106.840,nan,10583177.5,2475,perf-pkg
omp,1,256,100,2,static,false,1,2,0.740518,2212.919,35.407,nan,nan,26040196.52,2311,none
omp,1,256,100,16,static,close,0,9,0.549980,2979.577,47.673,nan,nan,26040196.52,2580,none
omp,2,256,100,16,dynamic,false,0,8,0.638789,2565.333,41.045,nan,nan,26040196.52,2461,none
omp,3,1000,30,48,static,false,1,11,15.580178,1913.993,30.624,nan,nan,249276035.6,2872,none
omp,3,256,100,1,static,spread,1,4,1.257966,1302.663,20.843,nan,nan,26040196.52,2950,none
omp,1,1000,30,8,dynamic,spread,0,3,11.697142,2549.371,40.790,nan,nan,249276035.6,2039,none
omp,3,1000,30,16,static,false,0,1,14.448014,2063.976,33.024,nan,nan,249276035.6,2068,none
omp,2,96,2000,16,dynamic,false,1,8,0.680259,2441.966,39.071,nan,nan,10583177.5,2832,none
omp,1,256,100,24,static,false,1,7,0.560727,2922.469,46.760,nan,nan,26040196.52,2445,none
omp,2,1000,30,4,dynamic,false,1,2,15.406185,1935.610,30.970,nan,nan,249276035.6,2146,none
omp,2,256,100,24,dynamic,close,1,13,0.612689,2674.612,42.794,nan,nan,26040196.52,2621,none
omp,2,256,100,48,dynamic,spread,0,11,0.631834,2593.573,41.497,nan,nan,26040196.52,2833,none
omp,3,256,100,6,static,false,0,10,0.504644,3247.252,51.956,nan,nan,26040196.52,3001,none
omp,1,96,2000,4,dynamic,false,0,7,1.049421,1582.937,25.327,nan,nan,10583177.5,2712,none
omp,2,96,2000,16,dynamic,spread,1,4,0.705302,2355.259,37.684,nan,nan,10583177.5,3094,none
omp,3,1000,30,2,static,spread,0,15,16.052678,1857.656,29.723,nan,nan,249276035.6,1908,none
omp,3,256,100,8,dynamic,close,0,13,0.899848,1821.092,29.137,nan,nan,26040196.52,2209,none
omp,1,96,2000,2,static,false,1,11,0.367227,4523.543,72.377,nan,nan,10583177.5,2373,none
omp,2,1000,30,48,dynamic,spread,1,14,10.559812,2823.948,45.183,nan,nan,249276035.6,3554,none
omp,3,96,2000,8,static,false,1,4,0.165587,10032.003,160.512,nan,nan,10583177.5,3238,none
omp,2,1000,30,6,static,false,1,15,14.326278,2081.515,33.304,nan,nan,249276035.6,2065,none
omp,1,96,2000,24,dynamic,false,1,8,0.636688,2609.078,41.745,nan,nan,10583177.5,2969,none
omp,1,1000,30,1,dynamic,spread,1,3,25.788452,1156.345,18.502,nan,nan,249276035.6,1940,none
omp,2,96,2000,16,dynamic,spread,1,3,0.732287,2268.466,36.295,nan,nan,10583177.5,2002,none
omp,2,96,2000,6,static,false,0,13,0.172855,9610.187,153.763,nan,nan,10583177.5,2337,none
omp,3,1000,30,2,static,close,1,12,22.969834,1298.240,20.772,nan,nan,249276035.6,2007,none
omp,1,1000,30,1,static,close,1,5,25.846271,1153.759,18.460,nan,nan,249276035.6,1979,none
omp,3,1000,30,8,dynamic,close,0,10,14.824266,2011.591,32.185,nan,nan,249276035.6,2153,none
omp,2,256,100,24,static,false,1,9,0.559837,2927.112,46.834,nan,nan,26040196.52,2920,none
omp,1,256,100,2,static,false,1,15,0.758470,2160.543,34.569,nan,nan,26040196.52,2107,none
omp,3,256,100,1,static,spread,0,2,1.287121,1273.156,20.371,nan,nan,26040196.52,2073,none
omp,1,96,2000,4,static,close,1,8,0.181073,9174.011,146.784,nan,nan,10583177.5,1968,none
omp,2,1000,30,16,dynamic,false,1,1,10.792807,2762.985,44.208,nan,nan,249276035.6,2107,none
omp,1,1000,30,6,static,false,0,3,13.971665,2134.345,34.150,nan,nan,249276035.6,1916,none
omp,1,256,100,1,static,false,0,10,1.343964,1219.308,19.509,nan,nan,26040196.52,2038,none
omp,2,256,100,6,dynamic,false,0,12,0.909556,1801.655,28.826,nan,nan,26040196.52,1985,none
omp,1,256,100,8,dynamic,false,1,3,0.923384,1774.674,28.395,nan,nan,26040196.52,1947,none
omp,1,1000,30,24,static,spread,1,15,15.186196,1963.649,31.418,nan,nan,249276035.6,2427,none
omp,3,256,100,6,dynamic,spread,1,12,1.409552,1162.573,18.601,nan,nan,26040196.52,2629,none
omp,1,256,100,6,static,false,0,15,0.477032,3435.213,54.963,nan,nan,26040196.52,2372,none
omp,3,256,100,4,dynamic,false,0,7,1.674702,978.507,15.656,nan,nan,26040196.52,1935,none
omp,3,256,100,16,static,spread,1,13,0.540237,3033.313,48.533,nan,nan,26040196.52,2163,none
omp,3,96,2000,6,dynamic,spread,0,15,1.783594,931.360,14.902,nan,nan,10583177.5,2595,none
omp,2,1000,30,24,dynamic,close,1,12,10.443711,2855.341,45.685,nan,nan,249276035.6,2567,none
omp,3,96,2000,6,static,false,1,9,0.180344,9211.127,147.378,nan,nan,10583177.5,2640,none
omp,3,256,100,1,dynamic,false,0,6,1.441486,1136.817,18.189,nan,nan,26040196.52,2361,none
omp,2,256,100,8,static,spread,0,5,0.503309,3255.865,52.094,nan,nan,26040196.52,2361,none
omp,1,1000,30,8,dynamic,false,1,3,12.139370,2456.500,39.304,nan,nan,249276035.6,1944,none
omp,1,1000,30,6,dynamic,close,0,3,16.592662,1797.202,28.755,nan,nan,249276035.6,2353,none
omp,3,1000,30,24,static,spread,0,5,14.943796,1995.501,31.928,nan,nan,249276035.6,2211,none
omp,3,96,2000,12,static,close,0,9,0.084428,19675.617,314.810,nan,nan,10583177.5,3012,none
omp,1,256,100,16,dynamic,close,0,2,0.608530,2692.892,43.086,nan,nan,26040196.52,2532,none
omp,1,96,2000,4,static,spread,1,8,0.219114,7581.301,121.301,nan,nan,10583177.5,2675,none
omp,1,256,100,6,static,spread,1,4,0.474908,3450.575,55.209,nan,nan,26040196.52,2481,none
omp,3,96,2000,16,static,spread,1,8,0.073337,22651.044,362.417,nan,nan,10583177.5,2459,none
omp,2,1000,30,48,dynamic,spread,0,10,10.651947,2799.522,44.792,nan,nan,249276035.6,2597,none
omp,3,256,100,4,static,false,1,14,0.550843,2974.909,47.599,nan,nan,26040196.52,3042,none
omp,1,96,2000,4,dynamic,close,0,14,0.248242,6691.732,107.068,nan,nan,10583177.5,2341,none
omp,2,96,2000,8,dynamic,false,0,10,0.791821,2097.909,33.567,nan,nan,10583177.5,2409,none
omp,3,256,100,8,static,false,1,10,0.516252,3174.237,50.788,nan,nan,26040196.52,2344,none
omp,2,1000,30,8,dynamic,close,1,1,11.902041,2505.483,40.088,nan,nan,249276035.6,2285,none
omp,3,256,100,1,dynamic,spread,0,15,1.302670,1257.960,20.127,nan,nan,26040196.52,2015,none
omp,1,1000,30,1,static,spread,0,11,26.066613,1144.006,18.304,nan,nan,249276035.6,2038,none
omp,1,96,2000,1,static,close,1,9,0.693123,2396.642,38.346,nan,nan,10583177.5,1946,none
omp,2,1000,30,6,static,close,0,1,25.268993,1180.117,18.882,nan,nan,249276035.6,2207,none
omp,2,96,2000,2,static,close,1,12,0.354202,4689.886,75.038,108.690,nan,10583177.5,2164,perf-pkg
omp,3,96,2000,4,static,spread,1,4,0.222453,7467.509,119.480,nan,nan,10583177.5,2154,none
omp,2,1000,30,8,dynamic,close,1,3,12.035738,2477.651,39.642,nan,nan,249276035.6,2075,none
omp,1,1000,30,8,dynamic,false,1,5,12.158794,2452.575,39.241,nan,nan,249276035.6,2046,none
omp,3,1000,30,6,static,false,0,7,14.040041,2123.951,33.983,nan,nan,249276035.6,2060,none
omp,3,256,100,6,dynamic,false,1,15,1.407427,1164.328,18.629,nan,nan,26040196.52,2013,none
omp,3,256,100,48,dynamic,spread,1,4,1.011904,1619.429,25.911,nan,nan,26040196.52,2939,none
omp,1,1000,30,24,static,spread,0,15,14.952561,1994.331,31.909,nan,nan,249276035.6,2207,none
omp,2,96,2000,16,dynamic,close,0,15,0.632389,2626.813,42.029,nan,nan,10583177.5,3109,none
omp,1,256,100,24,dynamic,spread,1,9,0.607403,2697.891,43.166,nan,nan,26040196.52,2799,none
omp,3,96,2000,12,dynamic,close,1,7,0.920924,1803.806,28.861,nan,nan,10583177.5,2346,none
omp,2,1000,30,6,dynamic,close,1,2,16.486156,1808.812,28.941,nan,nan,249276035.6,1924,none
omp,2,96,2000,8,static,close,0,4,0.112171,14809.286,236.949,nan,nan,10583177.5,2661,none
omp,2,1000,30,12,static,spread,0,2,14.312717,2083.487,33.336,nan,nan,249276035.6,2092,none
omp,2,96,2000,12,dynamic,false,0,10,0.735557,2258.381,36.134,nan,nan,10583177.5,2446,none
omp,1,96,2000,8,static,false,0,12,0.165155,10058.244,160.932,nan,nan,10583177.5,2600,none
omp,2,256,100,12,dynamic,close,0,10,0.626046,2617.549,41.881,nan,nan,26040196.52,2324,none
omp,3,256,100,4,static,close,1,10,0.785477,2086.257,33.380,nan,nan,26040196.52,2103,none
omp,3,96,2000,24,static,spread,0,4,0.070811,23459.222,375.348,nan,nan,10583177.5,2977,none
omp,2,1000,30,6,dynamic,false,0,4,12.702470,2347.603,37.562,nan,nan,249276035.6,2034,none
omp,1,256,100,2,static,close,1,1,0.826439,1982.853,31.726,nan,nan,26040196.52,2186,none
omp,2,256,100,4,static,false,1,5,0.543610,3014.488,48.232,nan,nan,26040196.52,1856,none
omp,1,256,100,12,static,close,0,1,0.580566,2822.603,45.162,nan,nan,26040196.52,2337,none
omp,1,256,100,12,dynamic,false,1,13,0.693418,2363.230,37.812,nan,nan,26040196.52,2445,none
omp,1,1000,30,8,static,spread,1,9,14.452853,2063.285,33.013,nan,nan,249276035.6,2080,none
omp,3,256,100,16,static,false,1,7,0.535020,3062.887,49.006,nan,nan,26040196.52,2329,none
omp,2,256,100,4,static,false,0,2,0.546243,2999.957,47.999,nan,nan,26040196.52,2159,none
omp,2,96,2000,4,static,spread,0,10,0.219117,7581.177,121.299,nan,nan,10583177.5,2239,none
omp,1,256,100,16,static,close,0,12,0.544953,3007.061,48.113,nan,nan,26040196.52,2420,none
omp,1,1000,30,12,static,close,0,4,16.866411,1768.032,28.289,nan,nan,249276035.6,2254,none
omp,2,256,100,2,dynamic,spread,1,2,0.858628,1908.517,30.536,nan,nan,26040196.52,2118,none
omp,3,256,100,24,dynamic,false,1,8,0.915319,1790.312,28.645,nan,nan,26040196.52,2574,none
omp,1,1000,30,4,dynamic,false,1,12,15.415764,1934.407,30.951,nan,nan,249276035.6,2015,none
omp,1,1000,30,2,static,false,0,7,16.620717,1794.168,28.707,nan,nan,249276035.6,2118,none
omp,3,1000,30,16,static,false,0,10,14.451632,2063.460,33.015,nan,nan,249276035.6,2021,none
omp,1,256,100,6,dynamic,spread,1,7,0.924049,1773.398,28.374,nan,nan,26040196.52,2427,none
omp,2,96,2000,16,static,false,0,3,0.214589,7741.165,123.859,nan,nan,10583177.5,2218,none
omp,2,96,2000,12,static,close,1,3,0.082911,20035.459,320.567,113.050,nan,10583177.5,2518,perf-pkg
omp,2,1000,30,16,static,spread,0,3,16.116374,1850.314,29.605,nan,nan,249276035.6,2119,none
omp,3,256,100,24,static,spread,0,11,0.531691,3082.065,49.313,nan,nan,26040196.52,2850,none
omp,2,1000,30,8,static,false,0,12,13.882616,2148.036,34.369,nan,nan,249276035.6,2146,none
omp,2,1000,30,12,static,close,0,7,16.855117,1769.217,28.307,nan,nan,249276035.6,2278,none
omp,1,1000,30,6,static,false,1,4,14.267216,2090.132,33.442,nan,nan,249276035.6,2170,none
omp,2,256,100,8,static,close,0,5,0.695404,2356.481,37.704,nan,nan,26040196.52,2431,none
omp,2,256,100,8,dynamic,close,1,6,0.627968,2609.537,41.753,nan,nan,26040196.52,2298,none
omp,3,1000,30,16,static,close,1,2,15.963263,1868.062,29.889,nan,nan,249276035.6,2425,none
omp,2,256,100,48,dynamic,spread,0,6,0.728848,2248.350,35.974,nan,nan,26040196.52,2848,none
omp,2,1000,30,6,static,close,1,6,25.247473,1181.123,18.898,1727.530,nan,249276035.6,2338,perf-pkg
omp,2,1000,30,4,static,close,0,1,23.903338,1247.540,19.961,nan,nan,249276035.6,2129,none
omp,2,256,100,24,static,false,0,8,0.565873,2895.888,46.334,nan,nan,26040196.52,2307,none
omp,1,1000,30,16,dynamic,false,0,10,10.709397,2784.504,44.552,nan,nan,249276035.6,2168,none
omp,3,256,100,24,static,false,1,1,0.558944,2931.792,46.909,nan,nan,26040196.52,2520,none
omp,2,256,100,4,static,close,0,2,0.784626,2088.520,33.416,nan,nan,26040196.52,2446,none
omp,1,96,2000,1,dynamic,spread,1,9,0.694950,2390.343,38.245,nan,nan,10583177.5,2131,none
omp,2,96,2000,8,static,close,0,2,0.112885,14715.534,235.449,nan,nan,10583177.5,2510,none
omp,3,256,100,8,static,close,0,11,0.720353,2274.865,36.398,nan,nan,26040196.52,2173,none
omp,1,256,100,48,static,close,1,11,0.597976,2740.421,43.847,nan,nan,26040196.52,3179,none
omp,1,1000,30,48,dynamic,close,1,12,10.555292,2825.157,45.203,nan,nan,249276035.6,3150,none
omp,3,256,100,48,static,false,0,2,0.629915,2601.470,41.624,nan,nan,26040196.52,3524,none
omp,2,256,100,8,static,close,1,7,0.696480,2352.842,37.645,131.780,nan,26040196.52,3101,perf-pkg
omp,1,1000,30,24,dynamic,false,0,4,10.482350,2844.816,45.517,nan,nan,249276035.6,2302,none
omp,1,1000,30,1,dynamic,spread,0,14,25.874708,1152.491,18.440,nan,nan,249276035.6,1988,none
omp,1,256,100,2,dynamic,false,1,14,0.913263,1794.343,28.709,nan,nan,26040196.52,1991,none
omp,2,96,2000,4,static,false,0,11,0.221427,7502.090,120.033,nan,nan,10583177.5,2173,none
omp,3,96,2000,12,dynamic,false,0,8,1.162113,1429.438,22.871,nan,nan,10583177.5,2417,none
omp,3,1000,30,4,dynamic,close,0,5,17.384219,1715.370,27.446,nan,nan,249276035.6,1983,none
omp,3,96,2000,12,dynamic,false,1,6,1.125122,1476.434,23.623,nan,nan,10583177.5,2336,none
omp,2,1000,30,16,dynamic,close,0,1,10.420854,2861.604,45.786,nan,nan,249276035.6,2522,none
omp,2,96,2000,6,static,close,0,3,0.126216,13161.327,210.581,nan,nan,10583177.5,2521,none
omp,3,1000,30,12,dynamic,spread,0,2,15.383551,1938.457,31.015,nan,nan,249276035.6,2172,none
omp,2,1000,30,4,static,false,0,12,13.038752,2287.056,36.593,nan,nan,249276035.6,1961,none
omp,2,96,2000,4,static,spread,0,15,0.220297,7540.589,120.649,nan,nan,10583177.5,2262,none
omp,1,256,100,48,dynamic,close,1,8,0.739919,2214.712,35.435,nan,nan,26040196.52,2819,none
omp,3,256,100,4,static,close,0,13,0.783467,2091.610,33.466,nan,nan,26040196.52,3091,none
omp,1,96,2000,16,static,false,0,12,0.213165,7792.859,124.686,nan,nan,10583177.5,3299,none
omp,1,256,100,8,static,false,0,7,0.511397,3204.370,51.270,nan,nan,26040196.52,2272,none
omp,1,96,2000,16,static,false,0,14,0.210824,7879.419,126.071,nan,nan,10583177.5,2517,none
omp,1,256,100,24,static,false,1,15,0.556724,2943.482,47.096,nan,nan,26040196.52,2530,none
omp,1,256,100,4,dynamic,close,1,8,0.772534,2121.210,33.939,nan,nan,26040196.52,2587,none
omp,2,96,2000,16,dynamic,close,1,4,0.632386,2626.824,42.029,nan,nan,10583177.5,2708,none
omp,1,256,100,48,dynamic,false,0,12,0.613927,2669.218,42.707,nan,nan,26040196.52,3122,none
omp,2,1000,30,6,dynamic,close,0,1,16.520817,1805.017,28.880,nan,nan,249276035.6,2076,none
omp,2,96,2000,6,dynamic,false,1,5,0.847231,1960.703,31.371,nan,nan,10583177.5,2181,none
omp,2,256,100,24,static,close,0,4,0.532872,3075.233,49.204,nan,nan,26040196.52,2465,none
omp,3,96,2000,2,dynamic,close,1,7,0.957659,1734.614,27.754,nan,nan,10583177.5,2003,none
omp,3,256,100,12,dynamic,false,0,2,0.926976,1767.799,28.285,nan,nan,26040196.52,2199,none
omp,3,256,100,16,static,close,0,10,0.555623,2949.312,47.189,nan,nan,26040196.52,2542,none
omp,1,256,100,6,dynamic,close,0,11,0.795399,2060.232,32.964,nan,nan,26040196.52,2174,none
omp,1,1000,30,8,static,spread,1,13,14.454982,2062.981,33.008,nan,nan,249276035.6,2034,none
omp,3,256,100,24,static,spread,0,12,0.546277,2999.774,47.996,nan,nan,26040196.52,2321,none
omp,2,1000,30,6,static,false,0,5,13.865074,2150.754,34.412,nan,nan,249276035.6,2053,none
omp,2,256,100,4,static,close,1,2,0.788427,2078.451,33.255,138.150,nan,26040196.52,2363,perf-pkg
omp,2,256,100,6,static,false,0,10,0.476937,3435.896,54.974,nan,nan,26040196.52,2290,none
omp,1,96,2000,1,dynamic,false,1,12,0.694992,2390.198,38.243,nan,nan,10583177.5,2222,none
omp,1,1000,30,12,dynamic,false,0,14,10.882279,2740.268,43.844,nan,nan,249276035.6,2283,none
omp,2,256,100,48,dynamic,close,1,8,0.642762,2549.475,40.792,nan,nan,26040196.52,3307,none
omp,1,96,2000,24,dynamic,close,1,11,0.663375,2504.117,40.066,nan,nan,10583177.5,3205,none
omp,3,96,2000,6,static,close,1,3,0.127587,13019.850,208.318,nan,nan,10583177.5,2557,none
omp,3,96,2000,2,dynamic,close,0,14,0.949865,1748.847,27.982,nan,nan,10583177.5,2465,none
omp,2,1000,30,16,dynamic,close,1,3,10.465142,2849.494,45.592,nan,nan,249276035.6,2339,none
omp,3,96,2000,16,static,close,0,12,0.073432,22621.737,361.948,nan,nan,10583177.5,2701,none
omp,2,256,100,1,static,close,0,4,1.250967,1309.952,20.959,nan,nan,26040196.52,2000,none
omp,2,256,100,2,static,close,0,11,0.864335,1895.916,30.335,nan,nan,26040196.52,1924,none
omp,1,1000,30,4,dynamic,close,0,8,16.413161,1816.857,29.070,nan,nan,249276035.6,2284,none
omp,3,96,2000,48,dynamic,close,1,14,0.836159,1986.664,31.787,nan,nan,10583177.5,3415,none
omp,3,256,100,8,dynamic,spread,1,8,1.171786,1398.469,22.376,nan,nan,26040196.52,2814,none
omp,2,1000,30,12,static,false,1,12,14.653626,2035.016,32.560,nan,nan,249276035.6,2034,none
omp,2,1000,30,8,dynamic,false,1,15,12.164088,2451.508,39.224,nan,nan,249276035.6,1842,none
omp,1,96,2000,8,static,false,1,2,0.166046,10004.250,160.068,nan,nan,10583177.5,2454,none
omp,1,1000,30,1,static,false,1,7,25.832103,1154.391,18.470,nan,nan,249276035.6,1959,none
omp,3,256,100,12,dynamic,false,0,5,1.007725,1626.145,26.018,nan,nan,26040196.52,2275,none
omp,3,1000,30,24,dynamic,close,1,12,16.737111,1781.691,28.507,nan,nan,249276035.6,2495,none
omp,1,256,100,1,dynamic,spread,1,7,1.209380,1354.997,21.680,nan,nan,26040196.52,2246,none
omp,3,96,2000,6,dynamic,false,0,5,1.743261,952.908,15.247,nan,nan,10583177.5,2255,none
omp,2,96,2000,48,dynamic,false,1,15,0.611343,2717.245,43.476,nan,nan,10583177.5,3083,none
omp,2,1000,30,1,static,close,0,12,25.818264,1155.010,18.480,nan,nan,249276035.6,2153,none
omp,3,96,2000,6,static,spread,1,13,0.163580,10155.107,162.482,nan,nan,10583177.5,2277,none
omp,1,256,100,6,dynamic,close,0,1,0.791803,2069.588,33.113,nan,nan,26040196.52,2323,none
omp,3,256,100,6,static,false,0,12,0.482131,3398.882,54.382,nan,nan,26040196.52,2168,none
omp,2,1000,30,2,dynamic,close,0,14,16.334824,1825.570,29.209,nan,nan,249276035.6,2027,none
omp,2,1000,30,4,static,spread,0,9,12.917024,2308.609,36.938,nan,nan,249276035.6,1872,none
omp,1,1000,30,48,static,close,1,8,15.532608,1919.855,30.718,nan,nan,249276035.6,2881,none
omp,3,96,2000,1,static,close,1,14,0.726709,2285.879,36.574,nan,nan,10583177.5,2045,none
omp,3,1000,30,6,dynamic,spread,0,8,16.714380,1784.114,28.546,nan,nan,249276035.6,2190,none
seq,2,1000,30,1,static,false,1,13,26.062826,1144.172,18.307,nan,nan,249276035.6,1932,none
omp,3,96,2000,4,dynamic,spread,1,14,2.249755,738.377,11.814,nan,nan,10583177.5,1974,none
omp,3,96,2000,24,dynamic,spread,1,7,0.896875,1852.172,29.635,nan,nan,10583177.5,2706,none
omp,3,96,2000,12,static,false,0,6,0.182805,9087.128,145.394,nan,nan,10583177.5,2910,none
omp,1,96,2000,6,static,spread,0,8,0.159917,10387.687,166.203,nan,nan,10583177.5,3117,none
omp,2,96,2000,6,static,close,0,5,0.124532,13339.251,213.428,nan,nan,10583177.5,2843,none
omp,2,1000,30,48,dynamic,false,0,8,10.643462,2801.754,44.828,nan,nan,249276035.6,2951,none
omp,1,96,2000,1,static,false,1,13,0.695377,2388.876,38.222,nan,nan,10583177.5,2866,none
omp,2,96,2000,8,dynamic,false,1,11,0.782383,2123.217,33.971,nan,nan,10583177.5,1932,none
omp,1,96,2000,12,static,spread,1,4,0.087297,19028.988,304.464,nan,nan,10583177.5,2605,none
omp,2,1000,30,48,static,close,0,13,15.358367,1941.636,31.066,nan,nan,249276035.6,2517,none
omp,2,256,100,16,static,false,0,6,0.529594,3094.272,49.508,nan,nan,26040196.52,2961,none
omp,3,1000,30,1,dynamic,spread,1,6,26.140200,1140.785,18.253,nan,nan,249276035.6,2160,none
omp,1,1000,30,16,static,false,1,5,14.800499,2014.821,32.237,nan,nan,249276035.6,2092,none
omp,2,1000,30,8,static,spread,1,11,14.451955,2063.413,33.015,nan,nan,249276035.6,2183,none
seq,2,96,2000,1,static,false,1,15,0.701160,2369.170,37.907,nan,nan,10583177.5,2257,none
omp,1,1000,30,12,static,spread,0,2,14.229544,2095.665,33.531,nan,nan,249276035.6,2071,none
omp,1,1000,30,8,dynamic,close,1,4,11.812029,2524.576,40.393,nan,nan,249276035.6,2146,none
omp,1,96,2000,12,static,false,1,14,0.185470,8956.556,143.305,nan,nan,10583177.5,2363,none
omp,1,256,100,1,static,false,0,12,1.336538,1226.083,19.617,nan,nan,26040196.52,2213,none
omp,1,256,100,48,static,close,1,1,0.589592,2779.389,44.470,nan,nan,26040196.52,3060,none
omp,3,96,2000,4,dynamic,spread,1,7,2.284758,727.065,11.633,nan,nan,10583177.5,2205,none
omp,1,1000,30,12,static,spread,1,14,14.611461,2040.888,32.654,nan,nan,249276035.6,2170,none
omp,1,96,2000,8,dynamic,close,0,6,0.645311,2574.212,41.187,nan,nan,10583177.5,2351,none
omp,2,96,2000,24,dynamic,spread,1,8,0.678065,2449.866,39.198,nan,nan,10583177.5,3170,none
omp,2,96,2000,8,static,close,0,10,0.111493,14899.286,238.389,nan,nan,10583177.5,2867,none
omp,1,256,100,12,static,spread,0,5,0.518372,3161.256,50.580,nan,nan,26040196.52,2137,none
omp,3,96,2000,48,static,false,1,13,0.525044,3163.862,50.622,nan,nan,10583177.5,3540,none
omp,2,96,2000,2,dynamic,spread,1,3,1.207611,1375.582,22.009,nan,nan,10583177.5,2481,none
omp,1,256,100,6,static,false,0,9,0.499790,3278.789,52.461,nan,nan,26040196.52,2504,none
omp,2,1000,30,6,dynamic,spread,0,14,12.731937,2342.170,37.475,nan,nan,249276035.6,1935,none
omp,3,256,100,48,static,false,1,9,0.590247,2776.304,44.421,nan,nan,26040196.52,3458,none
omp,2,256,100,48,dynamic,close,0,9,0.639868,2561.009,40.976,nan,nan,26040196.52,2909,none
omp,3,96,2000,6,static,close,1,11,0.129553,12822.326,205.157,nan,nan,10583177.5,2292,none
omp,1,1000,30,8,static,spread,0,6,13.896031,2145.962,34.335,nan,nan,249276035.6,2010,none
omp,2,1000,30,24,dynamic,false,1,1,10.415929,2862.957,45.807,nan,nan,249276035.6,2262,none
omp,2,96,2000,4,dynamic,false,1,13,1.007123,1649.419,26.391,nan,nan,10583177.5,2620,none
omp,1,96,2000,12,dynamic,false,0,5,0.748683,2218.786,35.501,nan,nan,10583177.5,2532,none
omp,3,96,2000,24,static,close,1,14,0.065642,25306.593,404.905,nan,nan,10583177.5,3184,none
omp,1,96,2000,4,dynamic,false,0,4,1.005392,1652.259,26.436,nan,nan,10583177.5,2233,none
omp,2,1000,30,4,dynamic,false,0,4,14.560875,2047.979,32.768,nan,nan,249276035.6,2005,none
omp,3,96,2000,8,dynamic,false,0,15,1.422962,1167.402,18.678,nan,nan,10583177.5,2250,none
omp,2,96,2000,8,static,spread,0,10,0.117802,14101.400,225.622,nan,nan,10583177.5,2227,none
omp,2,256,100,48,dynamic,spread,0,5,0.640879,2556.969,40.911,nan,nan,26040196.52,3022,none
omp,2,96,2000,48,dynamic,close,1,4,0.714729,2324.194,37.187,nan,nan,10583177.5,2688,none
omp,3,256,100,2,dynamic,false,1,2,2.036685,804.595,12.874,nan,nan,26040196.52,2134,none
omp,1,96,2000,6,static,false,0,12,0.176356,9419.402,150.710,nan,nan,10583177.5,2278,none
omp,1,256,100,6,static,spread,0,4,0.470588,3482.250,55.716,nan,nan,26040196.52,2154,none
omp,2,256,100,12,static,close,0,15,0.576121,2844.378,45.510,nan,nan,26040196.52,2327,none
omp,2,256,100,2,static,close,0,6,0.819018,2000.819,32.013,nan,nan,26040196.52,2116,none
omp,2,256,100,8,static,spread,1,13,0.517423,3167.052,50.673,nan,nan,26040196.52,2276,none
omp,1,1000,30,4,dynamic,spread,1,15,15.391470,1937.460,30.999,nan,nan,249276035.6,2004,none
omp,1,96,2000,8,dynamic,spread,0,1,0.776935,2138.105,34.210,nan,nan,10583177.5,2005,none
omp,1,1000,30,16,dynamic,close,1,8,10.491287,2842.393,45.478,nan,nan,249276035.6,2195,none
omp,1,1000,30,1,static,close,1,3,25.810769,1155.346,18.486,nan,nan,249276035.6,2060,none
omp,2,256,100,48,static,spread,0,13,0.591021,2772.669,44.363,nan,nan,26040196.52,2450,none
omp,2,96,2000,6,static,false,0,4,0.174481,9520.615,152.330,nan,nan,10583177.5,3360,none
omp,1,96,2000,16,dynamic,close,1,6,0.652928,2544.182,40.707,nan,nan,10583177.5,2878,none
omp,3,96,2000,8,static,close,1,8,0.113085,14689.589,235.033,nan,nan,10583177.5,2760,none
omp,1,256,100,48,dynamic,false,0,6,0.731554,2240.036,35.841,nan,nan,26040196.52,2805,none
omp,2,96,2000,8,static,false,1,15,0.164490,10098.874,161.582,nan,nan,10583177.5,3127,none
omp,3,96,2000,6,static,close,0,12,0.127099,13069.889,209.118,nan,nan,10583177.5,3075,none
omp,2,256,100,12,static,close,0,13,0.578178,2834.261,45.348,nan,nan,26040196.52,2917,none
omp,2,1000,30,24,static,close,0,13,14.870123,2005.388,32.086,nan,nan,249276035.6,2264,none
omp,1,1000,30,48,static,close,0,9,15.368121,1940.404,31.046,nan,nan,249276035.6,3147,none
omp,1,96,2000,4,static,spread,1,2,0.220724,7525.999,120.416,nan,nan,10583177.5,3346,none
omp,2,96,2000,1,dynamic,spread,1,3,0.702772,2363.738,37.820,nan,nan,10583177.5,2080,none
omp,3,96,2000,24,dynamic,false,0,11,0.915420,1814.651,29.034,nan,nan,10583177.5,2480,none
omp,3,1000,30,1,static,spread,0,9,25.883438,1152.102,18.434,nan,nan,249276035.6,1976,none
omp,1,1000,30,48,static,close,1,3,15.531471,1919.996,30.720,nan,nan,249276035.6,2707,none
omp,3,1000,30,48,static,spread,1,1,15.507561,1922.956,30.767,nan,nan,249276035.6,2344,none
omp,1,256,100,8,static,close,1,3,0.694536,2359.425,37.751,nan,nan,26040196.52,2744,none
omp,2,96,2000,2,static,false,1,1,0.363942,4564.371,73.030,nan,nan,10583177.5,2580,none
omp,3,1000,30,4,dynamic,close,0,15,17.338710,1719.872,27.518,nan,nan,249276035.6,1934,none
omp,3,1000,30,12,static,close,1,12,16.799361,1775.089,28.401,nan,nan,249276035.6,2209,none
omp,3,96,2000,2,dynamic,close,0,5,0.945765,1756.427,28.103,nan,nan,10583177.5,2242,none
omp,2,1000,30,8,static,false,0,4,13.888025,2147.199,34.355,nan,nan,249276035.6,1907,none
omp,2,96,2000,24,dynamic,false,0,9,0.678354,2448.821,39.181,nan,nan,10583177.5,3199,none
omp,3,1000,30,6,static,false,0,15,13.959107,2136.266,34.180,nan,nan,249276035.6,2098,none
omp,3,256,100,8,dynamic,close,0,15,0.901088,1818.586,29.097,nan,nan,26040196.52,2210,none
omp,1,256,100,24,static,close,1,7,0.538910,3040.777,48.652,nan,nan,26040196.52,3108,none
omp,1,1000,30,24,static,close,1,14,15.183873,1963.949,31.423,nan,nan,249276035.6,2484,none
omp,1,256,100,4,dynamic,spread,0,1,1.220111,1343.079,21.489,nan,nan,26040196.52,2054,none
omp,1,1000,30,16,dynamic,false,1,2,10.785196,2764.934,44.239,nan,nan,249276035.6,2067,none
omp,3,256,100,4,static,false,0,2,0.596256,2748.328,43.973,nan,nan,26040196.52,2163,none
omp,1,256,100,8,dynamic,spread,0,6,0.934987,1752.651,28.042,nan,nan,26040196.52,2218,none
omp,3,1000,30,48,static,close,1,14,15.507899,1922.914,30.767,nan,nan,249276035.6,2492,none
omp,2,256,100,2,dynamic,spread,1,12,0.901133,1818.495,29.096,nan,nan,26040196.52,2744,none
omp,1,96,2000,48,dynamic,close,1,3,0.579936,2864.398,45.830,nan,nan,10583177.5,3229,none
omp,1,1000,30,24,static,close,1,7,15.200603,1961.788,31.389,nan,nan,249276035.6,2424,none
omp,1,96,2000,24,static,close,0,1,0.070477,23570.234,377.124,nan,nan,10583177.5,3540,none
omp,2,1000,30,4,static,false,0,1,13.111526,2274.362,36.390,nan,nan,249276035.6,2005,none
omp,2,256,100,1,dynamic,spread,0,4,1.292657,1267.704,20.283,nan,nan,26040196.52,2074,none
omp,3,1000,30,6,static,spread,0,2,13.909072,2143.950,34.303,nan,nan,249276035.6,2266,none
omp,3,1000,30,48,dynamic,false,0,11,14.840573,2009.381,32.150,nan,nan,249276035.6,2557,none
omp,3,96,2000,16,static,close,0,5,0.073856,22491.987,359.872,nan,nan,10583177.5,3139,none
omp,3,96,2000,24,static,spread,0,1,0.070008,23728.162,379.651,nan,nan,10583177.5,3446,none
omp,2,1000,30,12,static,false,1,3,14.628548,2038.504,32.616,nan,nan,249276035.6,2213,none
omp,3,96,2000,24,dynamic,false,0,13,0.870730,1907.789,30.525,nan,nan,10583177.5,3084,none
omp,1,96,2000,1,static,spread,0,4,0.692588,2398.495,38.376,nan,nan,10583177.5,1890,none
omp,2,96,2000,1,static,spread,0,3,0.699087,2376.196,38.019,nan,nan,10583177.5,1972,none
omp,1,96,2000,48,dynamic,false,0,4,0.594567,2793.914,44.703,nan,nan,10583177.5,3728,none
omp,3,256,100,12,dynamic,close,1,7,0.802866,2041.071,32.657,nan,nan,26040196.52,2558,none
omp,3,1000,30,2,static,close,0,11,22.763791,1309.991,20.960,nan,nan,249276035.6,2040,none
omp,1,96,2000,2,dynamic,false,1,2,1.214843,1367.393,21.878,nan,nan,10583177.5,1897,none
omp,3,256,100,1,dynamic,false,0,5,1.403612,1167.492,18.680,nan,nan,26040196.52,2079,none
omp,2,96,2000,1,dynamic,spread,0,7,0.700117,2372.702,37.963,nan,nan,10583177.5,2013,none
omp,3,96,2000,24,dynamic,close,0,5,0.830443,2000.341,32.005,nan,nan,10583177.5,3216,none
omp,2,1000,30,2,static,close,0,6,22.765487,1309.893,20.958,nan,nan,249276035.6,2122,none
omp,3,1000,30,12,dynamic,close,1,2,14.624694,2039.042,32.625,nan,nan,249276035.6,2206,none
omp,3,1000,30,6,static,spread,0,14,13.943765,2138.616,34.218,nan,nan,249276035.6,1943,none
omp,2,1000,30,8,dynamic,close,1,8,12.051763,2474.357,39.590,nan,nan,249276035.6,2114,none
omp,2,256,100,1,static,spread,1,11,1.219724,1343.506,21.496,nan,nan,26040196.52,2260,none
omp,2,1000,30,48,dynamic,spread,1,12,10.522116,2834.065,45.345,nan,nan,249276035.6,2485,none
omp,3,1000,30,2,dynamic,spread,1,14,24.464480,1218.925,19.503,nan,nan,249276035.6,2084,none
omp,2,96,2000,24,dynamic,false,1,14,0.659542,2518.669,40.299,nan,nan,10583177.5,2883,none
omp,1,96,2000,48,dynamic,false,0,13,0.707946,2346.461,37.543,nan,nan,10583177.5,3349,none
omp,1,1000,30,6,static,close,1,14,25.260793,1180.500,18.888,nan,nan,249276035.6,1805,none
omp,1,256,100,1,dynamic,false,0,11,1.332305,1229.978,19.680,nan,nan,26040196.52,2033,none
omp,3,96,2000,6,static,spread,0,14,0.164380,10105.648,161.690,nan,nan,10583177.5,2341,none
omp,3,256,100,16,static,spread,1,8,0.537556,3048.441,48.775,nan,nan,26040196.52,2442,none
omp,1,256,100,24,static,false,0,4,0.549841,2980.327,47.685,nan,nan,26040196.52,2541,none
omp,3,96,2000,1,dynamic,close,0,6,0.887163,1872.449,29.959,nan,nan,10583177.5,1895,none
omp,1,256,100,1,dynamic,close,1,14,1.190414,1376.585,22.025,nan,nan,26040196.52,1913,none
omp,1,96,2000,16,dynamic,spread,0,14,0.688070,2414.241,38.628,nan,nan,10583177.5,2529,none
omp,3,96,2000,6,static,false,0,11,0.175548,9462.753,151.404,nan,nan,10583177.5,2315,none
omp,2,256,100,24,dynamic,false,0,11,0.633865,2585.260,41.364,nan,nan,26040196.52,2359,none
omp,1,96,2000,8,static,spread,0,9,0.117803,14101.276,225.620,nan,nan,10583177.5,3044,none
omp,1,96,2000,24,static,false,1,10,0.315157,5270.926,84.335,nan,nan,10583177.5,2816,none
omp,3,96,2000,4,static,close,1,12,0.186693,8897.857,142.366,nan,nan,10583177.5,2963,none
omp,2,1000,30,2,static,close,0,2,22.742046,1311.244,20.980,nan,nan,249276035.6,1940,none
omp,2,1000,30,24,static,close,1,8,15.179794,1964.477,31.432,1993.990,nan,249276035.6,2626,perf-pkg
omp,1,96,2000,4,static,close,0,6,0.179538,9252.484,148.040,nan,nan,10583177.5,2709,none
omp,2,96,2000,6,static,false,1,6,0.172797,9613.434,153.815,nan,nan,10583177.5,2599,none
omp,2,96,2000,8,dynamic,false,0,4,0.785095,2115.882,33.854,nan,nan,10583177.5,2647,none
omp,3,96,2000,1,static,spread,0,13,0.744759,2230.479,35.688,nan,nan,10583177.5,2446,none
omp,1,1000,30,12,dynamic,spread,1,9,11.199065,2662.754,42.604,nan,nan,249276035.6,1993,none
omp,1,96,2000,48,static,close,1,7,0.075161,22101.356,353.622,nan,nan,10583177.5,3306,none
omp,3,256,100,2,static,close,0,5,0.845898,1937.239,30.996,nan,nan,26040196.52,1880,none
omp,2,1000,30,4,static,spread,1,7,13.477832,2212.549,35.401,nan,nan,249276035.6,2120,none
omp,2,1000,30,1,static,close,0,6,25.996650,1147.085,18.353,nan,nan,249276035.6,2123,none
omp,2,1000,30,24,dynamic,false,1,12,10.421049,2861.551,45.785,nan,nan,249276035.6,2197,none
omp,1,256,100,12,static,spread,0,2,0.519843,3152.309,50.437,nan,nan,26040196.52,2445,none
omp,1,96,2000,48,dynamic,false,0,8,0.709258,2342.122,37.474,nan,nan,10583177.5,3280,none
omp,2,96,2000,6,static,close,0,2,0.123349,13467.270,215.476,nan,nan,10583177.5,3249,none
omp,1,256,100,2,dynamic,close,0,13,0.859753,1906.021,30.496,nan,nan,26040196.52,2912,none
omp,2,1000,30,2,static,spread,1,13,16.267797,1833.091,29.329,nan,nan,249276035.6,1882,none
omp,3,96,2000,1,dynamic,false,1,9,0.870586,1908.103,30.530,nan,nan,10583177.5,2084,none
omp,2,1000,30,4,static,close,1,5,24.003994,1242.308,19.877,1724.000,nan,249276035.6,2069,perf-pkg
omp,1,1000,30,2,static,spread,0,2,16.098746,1852.341,29.637,nan,nan,249276035.6,1942,none
omp,2,256,100,8,static,false,0,14,0.582081,2815.253,45.044,nan,nan,26040196.52,2191,none
seq,2,256,100,1,static,false,0,4,1.505281,1088.638,17.418,nan,nan,26040196.52,2125,none
omp,1,256,100,48,dynamic,false,1,5,0.636027,2576.471,41.224,nan,nan,26040196.52,2801,none
omp,2,256,100,1,static,spread,1,4,1.158055,1415.050,22.641,nan,nan,26040196.52,2666,none
omp,1,96,2000,16,dynamic,close,0,4,0.731972,2269.441,36.311,nan,nan,10583177.5,2334,none
omp,1,1000,30,48,dynamic,close,0,5,10.627631,2805.927,44.895,nan,nan,249276035.6,2474,none
omp,1,1000,30,4,static,close,1,9,23.983166,1243.387,19.894,nan,nan,249276035.6,2185,none
omp,1,96,2000,24,dynamic,close,1,9,0.674873,2461.451,39.383,nan,nan,10583177.5,3187,none
omp,1,96,2000,4,dynamic,false,1,12,1.091910,1521.342,24.341,nan,nan,10583177.5,2331,none
omp,3,96,2000,2,static,close,1,13,0.365129,4549.538,72.793,nan,nan,10583177.5,2190,none
omp,3,96,2000,16,dynamic,spread,0,15,1.186501,1400.056,22.401,nan,nan,10583177.5,2373,none
omp,3,256,100,48,dynamic,false,0,1,0.979700,1672.661,26.763,nan,nan,26040196.52,3550,none
omp,1,1000,30,4,static,close,0,14,23.830791,1251.337,20.021,nan,nan,249276035.6,2098,none
omp,3,1000,30,2,static,false,0,5,16.048065,1858.190,29.731,nan,nan,249276035.6,2165,none
omp,2,1000,30,8,static,false,0,11,13.901228,2145.160,34.323,nan,nan,249276035.6,1951,none
omp,1,1000,30,6,static,false,0,7,13.919199,2142.390,34.278,nan,nan,249276035.6,1986,none
omp,1,1000,30,48,static,spread,1,2,15.522195,1921.143,30.738,nan,nan,249276035.6,2340,none
seq,2,1000,30,1,static,false,1,3,25.728189,1159.054,18.545,nan,nan,249276035.6,1940,none
omp,3,96,2000,12,dynamic,false,1,15,1.124831,1476.816,23.629,nan,nan,10583177.5,2113,none
omp,1,256,100,48,dynamic,false,1,11,0.628026,2609.296,41.749,nan,nan,26040196.52,2386,none
omp,3,1000,30,24,static,spread,0,6,14.910977,1999.893,31.998,nan,nan,249276035.6,2672,none
omp,1,96,2000,16,dynamic,spread,1,7,0.685356,2423.803,38.781,nan,nan,10583177.5,2766,none
omp,1,1000,30,1,dynamic,close,1,14,25.819703,1154.946,18.479,nan,nan,249276035.6,1866,none
omp,2,1000,30,24,dynamic,spread,1,10,10.427113,2859.886,45.758,nan,nan,249276035.6,2361,none
omp,3,256,100,24,static,spread,1,2,0.531947,3080.581,49.289,nan,nan,26040196.52,2838,none
omp,1,96,2000,4,static,false,1,9,0.216262,7681.264,122.900,nan,nan,10583177.5,2494,none
seq,2,256,100,1,static,false,0,12,1.325436,1236.353,19.782,nan,nan,26040196.52,2163,none
omp,2,1000,30,24,dynamic,spread,0,12,10.422141,2861.251,45.780,nan,nan,249276035.6,2282,none
omp,1,256,100,48,static,false,0,2,0.617760,2652.659,42.443,nan,nan,26040196.52,2286,none
omp,2,96,2000,6,dynamic,false,1,7,0.853349,1946.646,31.146,nan,nan,10583177.5,1860,none
omp,3,256,100,16,dynamic,spread,1,9,0.924623,1772.298,28.357,nan,nan,26040196.52,2178,none
omp,2,256,100,48,static,false,1,5,0.703578,2329.104,37.266,nan,nan,26040196.52,3328,none
omp,2,256,100,4,dynamic,close,0,12,0.777077,2108.808,33.741,nan,nan,26040196.52,2578,none
omp,2,96,2000,48,static,close,0,7,0.065692,25287.330,404.597,nan,nan,10583177.5,3920,none
omp,1,1000,30,24,static,spread,1,13,15.187202,1963.519,31.416,nan,nan,249276035.6,2268,none
omp,3,256,100,2,static,close,1,2,0.841884,1946.476,31.144,nan,nan,26040196.52,2791,none
omp,1,96,2000,8,dynamic,spread,0,13,0.776408,2139.555,34.233,nan,nan,10583177.5,2621,none
omp,3,96,2000,8,dynamic,close,0,4,1.153113,1440.595,23.050,nan,nan,10583177.5,2294,none
omp,2,1000,30,12,static,spread,0,11,14.231046,2095.444,33.527,nan,nan,249276035.6,1905,none
omp,3,1000,30,16,dynamic,spread,0,12,15.462531,1928.556,30.857,nan,nan,249276035.6,2285,none
omp,3,96,2000,24,static,spread,1,3,0.066059,25146.636,402.346,nan,nan,10583177.5,3009,none
omp,3,1000,30,48,dynamic,close,1,13,16.625269,1793.677,28.699,nan,nan,249276035.6,2717,none
seq,2,96,2000,1,static,false,0,3,0.699740,2373.980,37.984,nan,nan,10583177.5,2907,none
omp,3,1000,30,16,dynamic,spread,0,14,15.456990,1929.248,30.868,nan,nan,249276035.6,2026,none
omp,2,96,2000,8,static,false,1,10,0.167873,9895.378,158.326,nan,nan,10583177.5,2715,none
omp,1,256,100,12,static,false,1,15,0.525126,3120.599,49.930,nan,nan,26040196.52,2491,none
omp,1,96,2000,48,dynamic,close,0,9,0.593154,2800.570,44.809,nan,nan,10583177.5,2624,none
omp,2,96,2000,8,static,close,0,5,0.112192,14806.416,236.903,nan,nan,10583177.5,3381,none
omp,2,96,2000,48,dynamic,spread,0,9,0.628885,2641.451,42.263,nan,nan,10583177.5,3562,none
omp,1,1000,30,1,dynamic,spread,0,15,25.994307,1147.188,18.355,nan,nan,249276035.6,1893,none
omp,1,96,2000,8,static,close,1,9,0.111907,14844.134,237.506,nan,nan,10583177.5,2067,none
omp,3,96,2000,8,dynamic,false,1,14,1.432453,1159.666,18.555,nan,nan,10583177.5,1955,none
omp,3,96,2000,1,dynamic,spread,1,1,0.884688,1877.688,30.043,nan,nan,10583177.5,2155,none
omp,2,1000,30,48,static,close,0,14,15.372255,1939.882,31.038,nan,nan,249276035.6,3061,none
omp,1,96,2000,2,dynamic,close,1,4,0.430138,3861.942,61.791,nan,nan,10583177.5,3194,none
omp,2,256,100,2,dynamic,false,0,9,0.901967,1816.815,29.069,nan,nan,26040196.52,2197,none
omp,3,96,2000,6,dynamic,close,0,6,0.517748,3208.451,51.335,nan,nan,10583177.5,1878,none
omp,1,256,100,6,dynamic,false,0,12,0.919624,1781.930,28.511,nan,nan,26040196.52,2041,none
omp,2,1000,30,12,dynamic,false,0,7,10.876287,2741.778,43.868,nan,nan,249276035.6,2066,none
omp,2,96,2000,16,static,spread,1,6,0.072320,22969.533,367.513,nan,nan,10583177.5,2768,none
omp,2,256,100,24,dynamic,close,1,12,0.609229,2689.804,43.037,nan,nan,26040196.52,2412,none
omp,3,96,2000,4,static,spread,1,6,0.222074,7480.247,119.684,nan,nan,10583177.5,2650,none
omp,3,96,2000,6,static,spread,1,1,0.162340,10232.622,163.722,nan,nan,10583177.5,2735,none
seq,2,256,100,1,static,false,0,8,1.488959,1100.572,17.609,nan,nan,26040196.52,2020,none
omp,3,1000,30,16,static,close,1,9,15.947460,1869.913,29.919,nan,nan,249276035.6,2323,none
omp,2,256,100,2,dynamic,close,0,2,0.819639,1999.303,31.989,nan,nan,26040196.52,2531,none
omp,1,1000,30,48,dynamic,spread,0,9,10.649277,2800.224,44.804,nan,nan,249276035.6,2517,none
omp,3,256,100,16,dynamic,spread,0,14,0.938197,1746.654,27.946,nan,nan,26040196.52,2533,none
omp,1,256,100,16,dynamic,false,1,6,0.641549,2554.295,40.869,nan,nan,26040196.52,2808,none
omp,1,96,2000,48,static,spread,0,3,0.074972,22157.153,354.514,nan,nan,10583177.5,3541,none
omp,3,1000,30,48,dynamic,spread,1,5,16.622689,1793.955,28.703,nan,nan,249276035.6,2840,none
omp,1,1000,30,24,static,false,0,12,14.935061,1996.668,31.947,nan,nan,249276035.6,2221,none
omp,2,256,100,1,static,close,0,11,1.323207,1238.435,19.815,nan,nan,26040196.52,2157,none
omp,2,96,2000,48,dynamic,false,0,2,0.611003,2718.756,43.500,nan,nan,10583177.5,3309,none
omp,2,1000,30,1,static,spread,0,8,26.313433,1133.275,18.132,nan,nan,249276035.6,1917,none
omp,2,256,100,12,dynamic,false,1,1,0.693383,2363.348,37.814,nan,nan,26040196.52,1991,none
omp,3,96,2000,24,static,spread,0,14,0.068766,24156.661,386.507,nan,nan,10583177.5,3307,none
omp,2,96,2000,24,dynamic,spread,1,10,0.666183,2493.560,39.897,nan,nan,10583177.5,3269,none
omp,1,1000,30,48,dynamic,close,1,5,10.647159,2800.781,44.812,nan,nan,249276035.6,3395,none
omp,2,96,2000,48,static,close,1,6,0.060839,27304.408,436.871,115.780,nan,10583177.5,3056,perf-pkg
omp,2,256,100,6,dynamic,close,1,13,0.798035,2053.428,32.855,nan,nan,26040196.52,3146,none
omp,3,1000,30,4,static,spread,0,2,12.986053,2296.337,36.741,nan,nan,249276035.6,2055,none
omp,3,96,2000,8,static,close,0,13,0.113789,14598.641,233.578,nan,nan,10583177.5,2252,none
omp,1,256,100,4,static,spread,0,15,0.546878,2996.476,47.944,nan,nan,26040196.52,2324,none
omp,3,256,100,6,static,close,0,14,0.820355,1997.558,31.961,nan,nan,26040196.52,2507,none
omp,1,1000,30,4,static,close,1,15,24.005858,1242.212,19.875,nan,nan,249276035.6,2128,none
omp,3,1000,30,8,static,false,1,13,14.468368,2061.073,32.977,nan,nan,249276035.6,2127,none
omp,3,1000,30,6,dynamic,spread,1,1,18.220607,1636.628,26.186,nan,nan,249276035.6,2000,none
omp,3,96,2000,24,static,false,0,10,0.317150,5237.792,83.805,nan,nan,10583177.5,2981,none
omp,3,256,100,16,static,false,1,12,0.537590,3048.245,48.772,nan,nan,26040196.52,2525,none
omp,1,96,2000,24,static,close,0,10,0.073696,22540.901,360.654,nan,nan,10583177.5,3769,none
omp,1,1000,30,1,dynamic,spread,1,15,25.845618,1153.788,18.461,nan,nan,249276035.6,1955,none
omp,1,1000,30,1,static,spread,0,9,25.686278,1160.945,18.575,nan,nan,249276035.6,1941,none
omp,1,256,100,48,dynamic,spread,0,8,0.725807,2257.773,36.124,nan,nan,26040196.52,2652,none
omp,3,256,100,8,dynamic,close,1,4,0.902162,1816.422,29.063,nan,nan,26040196.52,2674,none
omp,2,1000,30,16,dynamic,spread,1,11,10.854648,2747.243,43.956,nan,nan,249276035.6,2045,none
omp,3,96,2000,6,dynamic,spread,1,10,1.743918,952.550,15.241,nan,nan,10583177.5,2562,none
omp,3,96,2000,6,dynamic,false,0,15,1.756694,945.622,15.130,nan,nan,10583177.5,2376,none
omp,1,96,2000,6,dynamic,false,0,8,0.849386,1955.727,31.292,nan,nan,10583177.5,2094,none
omp,2,256,100,48,static,spread,0,10,0.581530,2817.923,45.087,nan,nan,26040196.52,3095,none
omp,3,1000,30,24,static,spread,1,14,15.181460,1964.262,31.428,nan,nan,249276035.6,2394,none
omp,2,256,100,16,static,false,0,14,0.550696,2975.700,47.611,nan,nan,26040196.52,2334,none
omp,1,1000,30,1,dynamic,close,1,9,25.814631,1155.173,18.483,nan,nan,249276035.6,2040,none
omp,3,1000,30,16,dynamic,close,0,11,14.367671,2075.518,33.208,nan,nan,249276035.6,2104,none
omp,1,1000,30,16,dynamic,close,0,9,10.419236,2862.049,45.793,nan,nan,249276035.6,2466,none
omp,1,256,100,1,static,spread,1,12,1.233098,1328.934,21.263,nan,nan,26040196.52,1850,none
omp,2,1000,30,8,dynamic,close,0,2,11.988575,2487.398,39.798,nan,nan,249276035.6,2275,none
omp,1,256,100,4,static,spread,1,12,0.543948,3012.617,48.202,nan,nan,26040196.52,2141,none
omp,3,96,2000,16,dynamic,close,1,2,0.920378,1804.875,28.878,nan,nan,10583177.5,2730,none
omp,3,1000,30,8,static,close,1,8,20.882546,1428.004,22.848,nan,nan,249276035.6,2205,none
omp,3,256,100,2,dynamic,spread,1,5,2.093846,782.630,12.522,nan,nan,26040196.52,2223,none
omp,1,96,2000,48,static,false,1,11,0.644997,2575.467,41.207,nan,nan,10583177.5,2807,none
omp,3,256,100,2,static,close,1,7,0.853202,1920.654,30.730,nan,nan,26040196.52,2703,none
omp,2,96,2000,48,static,false,0,1,0.530969,3128.558,50.057,nan,nan,10583177.5,2834,none
omp,3,256,100,8,static,spread,0,5,0.501176,3269.723,52.316,nan,nan,26040196.52,2803,none
omp,3,256,100,2,static,false,0,7,1.283633,1276.616,20.426,nan,nan,26040196.52,1940,none
omp,3,96,2000,6,static,false,1,12,0.177071,9381.380,150.102,nan,nan,10583177.5,2406,none
omp,2,96,2000,24,dynamic,close,1,15,0.669539,2481.064,39.697,nan,nan,10583177.5,2880,none
omp,2,1000,30,48,dynamic,close,0,4,10.692605,2788.877,44.622,nan,nan,249276035.6,2595,none
omp,3,1000,30,4,dynamic,close,0,1,17.380306,1715.756,27.452,nan,nan,249276035.6,1901,none
omp,3,256,100,1,static,false,1,8,1.311658,1249.339,19.989,nan,nan,26040196.52,1896,none
omp,2,96,2000,24,dynamic,false,0,2,0.679358,2445.204,39.123,nan,nan,10583177.5,2361,none
omp,1,256,100,2,dynamic,false,1,11,0.856567,1913.110,30.610,nan,nan,26040196.52,2135,none
omp,1,1000,30,6,static,close,1,11,25.262704,1180.410,18.887,nan,nan,249276035.6,2092,none
omp,1,96,2000,2,static,close,1,5,0.356736,4656.577,74.505,nan,nan,10583177.5,2124,none
omp,3,1000,30,4,static,spread,0,3,12.903328,2311.060,36.977,nan,nan,249276035.6,2134,none
omp,1,256,100,4,dynamic,spread,0,4,1.214585,1349.190,21.587,nan,nan,26040196.52,2131,none
omp,1,256,100,2,dynamic,spread,0,14,0.890833,1839.521,29.432,nan,nan,26040196.52,2058,none
omp,3,96,2000,8,static,spread,1,15,0.118038,14073.136,225.170,nan,nan,10583177.5,2204,none
omp,1,96,2000,4,static,close,0,9,0.181987,9127.928,146.047,nan,nan,10583177.5,2137,none
omp,3,256,100,16,static,close,1,15,0.551618,2970.727,47.532,nan,nan,26040196.52,2568,none
omp,2,256,100,8,dynamic,close,1,1,0.639729,2561.565,40.985,nan,nan,26040196.52,2397,none
omp,3,1000,30,4,static,spread,1,1,13.501881,2208.608,35.338,nan,nan,249276035.6,1987,none
omp,3,1000,30,12,dynamic,false,0,4,15.448344,1930.327,30.885,nan,nan,249276035.6,2122,none
omp,1,1000,30,12,dynamic,false,0,9,10.890194,2738.276,43.812,nan,nan,249276035.6,2127,none
omp,2,1000,30,6,dynamic,spread,1,6,13.306084,2241.107,35.858,nan,nan,249276035.6,1908,none
omp,2,1000,30,2,static,spread,1,4,16.267756,1833.096,29.330,nan,nan,249276035.6,1932,none
omp,3,1000,30,8,dynamic,close,1,4,15.621713,1908.905,30.542,nan,nan,249276035.6,2143,none
omp,3,1000,30,48,static,spread,0,4,15.328688,1945.395,31.126,nan,nan,249276035.6,3046,none
omp,1,96,2000,4,dynamic,false,0,13,0.994581,1670.219,26.723,nan,nan,10583177.5,2270,none
omp,1,1000,30,2,dynamic,spread,0,1,17.113930,1742.461,27.879,nan,nan,249276035.6,1932,none
omp,1,1000,30,6,static,close,0,12,25.218931,1182.459,18.919,nan,nan,249276035.6,2101,none
omp,3,96,2000,4,dynamic,false,0,11,2.285086,726.961,11.631,nan,nan,10583177.5,2071,none
omp,3,1000,30,16,dynamic,false,1,13,16.729324,1782.520,28.520,nan,nan,249276035.6,2009,none
omp,2,1000,30,8,dynamic,false,0,9,11.707908,2547.027,40.752,nan,nan,249276035.6,2095,none
omp,2,256,100,6,static,false,1,3,0.486633,3367.438,53.879,nan,nan,26040196.52,2244,none
omp,3,1000,30,1,static,spread,1,9,25.866804,1152.843,18.445,nan,nan,249276035.6,1956,none
omp,2,96,2000,8,dynamic,false,1,1,0.793774,2092.748,33.484,nan,nan,10583177.5,2226,none
omp,3,96,2000,48,dynamic,false,1,3,0.830269,2000.760,32.012,nan,nan,10583177.5,3173,none
omp,3,1000,30,48,static,false,1,7,15.557171,1916.824,30.669,nan,nan,249276035.6,2392,none
omp,3,1000,30,4,dynamic,close,1,6,17.951034,1661.206,26.579,nan,nan,249276035.6,2039,none
omp,3,1000,30,6,dynamic,close,1,11,17.665872,1688.021,27.008,nan,nan,249276035.6,2177,none
omp,2,1000,30,24,static,spread,1,8,15.192918,1962.780,31.404,nan,nan,249276035.6,2373,none
omp,2,1000,30,48,dynamic,false,0,5,10.570360,2821.130,45.138,nan,nan,249276035.6,2613,none
omp,2,256,100,4,dynamic,close,1,15,0.772592,2121.049,33.937,nan,nan,26040196.52,2485,none
omp,2,96,2000,4,static,false,0,4,0.218545,7601.031,121.617,nan,nan,10583177.5,2724,none
omp,3,1000,30,4,static,close,1,3,24.067281,1239.041,19.825,nan,nan,249276035.6,2077,none
omp,1,96,2000,8,dynamic,false,0,5,0.780656,2127.913,34.047,nan,nan,10583177.5,2326,none
omp,2,256,100,1,static,spread,1,7,1.301156,1259.423,20.151,nan,nan,26040196.52,2080,none
omp,3,256,100,8,static,close,1,7,0.691211,2370.774,37.932,nan,nan,26040196.52,2154,none
omp,1,96,2000,4,static,false,1,6,0.216305,7679.756,122.876,nan,nan,10583177.5,2323,none
omp,1,256,100,1,static,spread,1,6,1.321985,1239.580,19.833,nan,nan,26040196.52,2004,none
omp,1,1000,30,16,dynamic,spread,0,14,10.681776,2791.704,44.667,nan,nan,249276035.6,2216,none
omp,3,256,100,2,static,close,0,4,0.838246,1954.923,31.279,nan,nan,26040196.52,2151,none
omp,1,1000,30,6,static,spread,0,10,13.968596,2134.814,34.157,nan,nan,249276035.6,2078,none
omp,1,96,2000,12,static,spread,0,10,0.089163,18630.742,298.092,nan,nan,10583177.5,2465,none
omp,1,256,100,4,dynamic,spread,1,13,1.198464,1367.338,21.877,nan,nan,26040196.52,2306,none
omp,2,96,2000,1,dynamic,false,0,13,0.700744,2370.577,37.929,nan,nan,10583177.5,2214,none
omp,1,96,2000,16,static,spread,0,1,0.077348,21476.416,343.623,nan,nan,10583177.5,2360,none
omp,3,1000,30,4,dynamic,false,0,3,18.811997,1585.178,25.363,nan,nan,249276035.6,1958,none
omp,2,96,2000,24,dynamic,close,0,10,0.684840,2425.628,38.810,nan,nan,10583177.5,3197,none
omp,3,256,100,8,static,close,0,1,0.688810,2379.038,38.065,nan,nan,26040196.52,2437,none
omp,2,1000,30,2,static,spread,1,8,16.290059,1830.586,29.289,nan,nan,249276035.6,1997,none
omp,2,1000,30,1,dynamic,close,0,4,25.942347,1149.486,18.392,nan,nan,249276035.6,1913,none
omp,2,256,100,1,dynamic,close,1,11,1.233026,1329.012,21.264,nan,nan,26040196.52,1862,none
omp,1,1000,30,48,static,spread,1,13,15.522350,1921.124,30.738,nan,nan,249276035.6,3439,none
omp,2,256,100,2,dynamic,spread,1,10,0.896496,1827.901,29.246,nan,nan,26040196.52,2886,none
omp,1,96,2000,1,static,false,1,9,0.696587,2384.723,38.156,nan,nan,10583177.5,2584,none
omp,2,1000,30,2,static,close,0,4,22.770095,1309.628,20.954,nan,nan,249276035.6,1936,none
omp,2,96,2000,48,static,close,0,13,0.066278,25063.818,401.021,nan,nan,10583177.5,3460,none
omp,2,96,2000,16,static,spread,0,6,0.074380,22333.511,357.336,nan,nan,10583177.5,3138,none
omp,1,96,2000,8,dynamic,spread,1,2,0.760232,2185.081,34.961,nan,nan,10583177.5,3009,none
omp,2,256,100,6,dynamic,false,1,6,0.909314,1802.135,28.834,nan,nan,26040196.52,2868,none
omp,1,96,2000,16,static,false,1,11,0.214138,7757.471,124.120,nan,nan,10583177.5,2870,none
omp,3,256,100,2,dynamic,spread,1,3,2.043371,801.962,12.831,nan,nan,26040196.52,1955,none
omp,1,256,100,16,static,false,1,13,0.539170,3039.312,48.629,nan,nan,26040196.52,2194,none
omp,1,1000,30,16,dynamic,false,1,1,10.758492,2771.797,44.349,nan,nan,249276035.6,2134,none
omp,3,96,2000,24,dynamic,spread,0,3,0.904140,1837.291,29.397,nan,nan,10583177.5,2629,none
omp,2,1000,30,1,dynamic,spread,1,14,25.801335,1155.768,18.492,nan,nan,249276035.6,2148,none
omp,3,1000,30,8,dynamic,spread,0,4,15.984494,1865.580,29.849,nan,nan,249276035.6,2232,none
omp,1,256,100,12,dynamic,false,0,14,0.726701,2254.994,36.080,nan,nan,26040196.52,2157,none
omp,1,1000,30,48,dynamic,spread,1,8,10.612388,2809.958,44.959,nan,nan,249276035.6,2833,none
omp,2,1000,30,12,static,spread,0,12,14.242364,2093.779,33.500,nan,nan,249276035.6,1922,none
omp,3,1000,30,1,static,false,1,7,25.975466,1148.020,18.368,nan,nan,249276035.6,2035,none
omp,3,1000,30,1,dynamic,false,0,3,26.375158,1130.623,18.090,nan,nan,249276035.6,2112,none
omp,3,1000,30,48,static,false,0,6,15.359429,1941.502,31.064,nan,nan,249276035.6,2986,none
omp,1,96,2000,8,static,close,0,1,0.112189,14806.834,236.909,nan,nan,10583177.5,3462,none
omp,1,256,100,48,dynamic,spread,0,4,0.733578,2233.855,35.742,nan,nan,26040196.52,2977,none
omp,1,256,100,24,dynamic,false,1,1,0.602009,2722.062,43.553,nan,nan,26040196.52,2753,none
omp,1,96,2000,2,static,false,1,9,0.367493,4520.268,72.324,nan,nan,10583177.5,2992,none
omp,2,256,100,16,dynamic,spread,1,14,0.637636,2569.970,41.120,nan,nan,26040196.52,2436,none
omp,3,96,2000,4,static,false,0,15,0.224509,7399.112,118.386,nan,nan,10583177.5,2766,none
omp,3,96,2000,48,static,false,1,11,0.517970,3207.072,51.313,nan,nan,10583177.5,3851,none
omp,3,96,2000,24,dynamic,spread,1,12,0.915778,1813.943,29.023,nan,nan,10583177.5,3317,none
omp,3,1000,30,24,static,spread,0,11,14.866407,2005.889,32.094,nan,nan,249276035.6,2243,none
omp,2,256,100,6,static,false,1,2,0.474012,3457.101,55.314,nan,nan,26040196.52,2023,none
omp,3,96,2000,6,dynamic,close,1,4,0.515327,3223.523,51.576,nan,nan,10583177.5,2032,none
omp,1,256,100,6,dynamic,close,1,14,0.796115,2058.380,32.934,nan,nan,26040196.52,2095,none
omp,2,256,100,8,static,false,0,13,0.510492,3210.052,51.361,nan,nan,26040196.52,2212,none
omp,2,256,100,48,dynamic,false,0,7,0.832906,1967.457,31.479,nan,nan,26040196.52,2904,none
omp,3,96,2000,2,dynamic,spread,1,14,2.794948,594.347,9.510,nan,nan,10583177.5,1936,none
omp,2,96,2000,2,dynamic,false,1,3,1.154554,1438.797,23.021,nan,nan,10583177.5,2006,none
omp,1,256,100,16,dynamic,close,0,14,0.594063,2758.474,44.136,nan,nan,26040196.52,2150,none
omp,2,96,2000,16,dynamic,false,1,14,0.698687,2377.557,38.041,nan,nan,10583177.5,2456,none
omp,3,96,2000,16,dynamic,close,1,13,0.892855,1860.512,29.768,nan,nan,10583177.5,2769,none
omp,3,96,2000,8,dynamic,close,0,2,1.152604,1441.230,23.060,nan,nan,10583177.5,2243,none
omp,3,96,2000,48,static,spread,1,1,0.063941,25979.546,415.673,nan,nan,10583177.5,3303,none
omp,2,256,100,2,static,spread,1,6,0.729483,2246.395,35.942,nan,nan,26040196.52,2805,none
omp,1,1000,30,1,static,spread,0,3,25.845377,1153.799,18.461,nan,nan,249276035.6,2053,none
omp,3,96,2000,16,static,false,0,3,0.222061,7480.696,119.691,nan,nan,10583177.5,2303,none
omp,3,1000,30,2,static,close,0,8,22.755481,1310.469,20.968,nan,nan,249276035.6,1934,none
omp,3,256,100,2,dynamic,false,0,4,2.153939,760.795,12.173,nan,nan,26040196.52,2051,none
omp,1,1000,30,48,static,false,1,5,15.507684,1922.941,30.767,nan,nan,249276035.6,3066,none
omp,2,96,2000,24,static,close,0,7,0.067865,24477.357,391.638,nan,nan,10583177.5,3153,none
omp,2,96,2000,8,dynamic,spread,1,6,0.761906,2180.281,34.884,nan,nan,10583177.5,2742,none
omp,2,1000,30,24,dynamic,spread,0,6,10.474468,2846.957,45.551,nan,nan,249276035.6,2491,none
omp,3,1000,30,24,static,close,0,4,14.893433,2002.249,32.036,nan,nan,249276035.6,2462,none
omp,1,96,2000,48,static,spread,0,15,0.074485,22302.053,356.833,nan,nan,10583177.5,3159,none
omp,3,256,100,16,dynamic,spread,0,15,0.941158,1741.159,27.859,nan,nan,26040196.52,2733,none
omp,1,256,100,48,static,close,0,3,0.597691,2741.731,43.868,nan,nan,26040196.52,2823,none
omp,3,256,100,16,static,false,1,5,0.541286,3027.431,48.439,nan,nan,26040196.52,2326,none
omp,3,1000,30,6,dynamic,false,0,8,16.552499,1801.562,28.825,nan,nan,249276035.6,2158,none
omp,2,256,100,48,static,spread,1,11,0.594077,2758.408,44.135,nan,nan,26040196.52,3712,none
omp,3,1000,30,6,static,close,1,11,25.268359,1180.146,18.882,nan,nan,249276035.6,1944,none
omp,3,96,2000,6,static,spread,1,15,0.163374,10167.881,162.686,nan,nan,10583177.5,2306,none
omp,3,96,2000,24,static,false,1,13,0.311868,5326.517,85.224,nan,nan,10583177.5,3173,none
omp,1,256,100,8,static,close,0,4,0.694895,2358.208,37.731,nan,nan,26040196.52,2646,none
omp,2,256,100,1,static,false,0,13,1.527086,1073.094,17.170,nan,nan,26040196.52,2106,none
omp,3,96,2000,48,static,close,0,15,0.066486,24985.319,399.765,nan,nan,10583177.5,3788,none
omp,3,256,100,6,static,spread,1,14,0.472030,3471.615,55.546,nan,nan,26040196.52,2797,none
omp,1,1000,30,1,static,close,0,2,25.810933,1155.338,18.485,nan,nan,249276035.6,1969,none
omp,3,96,2000,6,static,close,1,13,0.127049,13075.038,209.201,nan,nan,10583177.5,2284,none
omp,3,1000,30,12,dynamic,spread,1,4,16.927601,1761.641,28.186,nan,nan,249276035.6,2134,none
omp,2,1000,30,2,static,spread,1,5,16.266203,1833.271,29.332,nan,nan,249276035.6,1968,none
omp,1,256,100,12,static,spread,1,10,0.522905,3133.850,50.142,nan,nan,26040196.52,2059,none
omp,1,256,100,12,dynamic,spread,0,4,0.703761,2328.500,37.256,nan,nan,26040196.52,2222,none
omp,3,96,2000,12,dynamic,close,0,9,0.924036,1797.730,28.764,nan,nan,10583177.5,2593,none
omp,3,96,2000,24,static,close,0,10,0.068162,24370.747,389.932,nan,nan,10583177.5,3309,none
omp,3,96,2000,4,static,false,0,5,0.224333,7404.930,118.479,nan,nan,10583177.5,2855,none
omp,3,256,100,48,static,false,0,11,0.627616,2611.003,41.776,nan,nan,26040196.52,2971,none
omp,1,1000,30,6,dynamic,close,1,9,16.762010,1779.044,28.465,nan,nan,249276035.6,2053,none
omp,3,1000,30,1,dynamic,false,1,13,26.079866,1143.425,18.295,nan,nan,249276035.6,2015,none
omp,1,256,100,24,dynamic,false,1,4,0.606831,2700.434,43.207,nan,nan,26040196.52,2173,none
omp,2,256,100,16,static,spread,0,14,0.540003,3034.627,48.554,nan,nan,26040196.52,2231,none
omp,3,96,2000,6,dynamic,close,1,10,0.516088,3218.767,51.500,nan,nan,10583177.5,2564,none
omp,1,96,2000,8,dynamic,false,1,3,0.806801,2058.956,32.943,nan,nan,10583177.5,2563,none
omp,1,256,100,24,static,close,0,8,0.533005,3074.469,49.192,nan,nan,26040196.52,2551,none
omp,2,96,2000,16,dynamic,false,1,11,0.701708,2367.322,37.877,nan,nan,10583177.5,2930,none
omp,2,96,2000,16,dynamic,close,0,1,0.631029,2632.474,42.120,nan,nan,10583177.5,2620,none
omp,3,256,100,16,dynamic,spread,0,4,0.965445,1697.359,27.158,nan,nan,26040196.52,2586,none
omp,1,1000,30,12,dynamic,close,0,11,11.603804,2569.878,41.118,nan,nan,249276035.6,2131,none
omp,2,256,100,16,static,spread,0,3,0.532452,3077.660,49.243,nan,nan,26040196.52,2160,none
omp,3,256,100,4,dynamic,spread,0,1,1.651828,992.057,15.873,nan,nan,26040196.52,1997,none
omp,2,256,100,4,static,spread,0,10,0.605870,2704.718,43.275,nan,nan,26040196.52,1997,none
omp,1,96,2000,2,dynamic,spread,1,3,1.176706,1411.710,22.587,nan,nan,10583177.5,2124,none
omp,2,96,2000,16,static,spread,0,2,0.074570,22276.721,356.428,nan,nan,10583177.5,2564,none
omp,2,256,100,2,dynamic,close,1,3,0.813332,2014.807,32.237,nan,nan,26040196.52,2181,none
omp,3,96,2000,8,static,spread,1,12,0.118042,14072.708,225.163,nan,nan,10583177.5,2346,none
omp,2,256,100,12,dynamic,spread,0,12,0.688176,2381.233,38.100,nan,nan,26040196.52,2412,none
omp,3,256,100,4,dynamic,false,0,8,1.679215,975.876,15.614,nan,nan,26040196.52,2402,none
omp,2,256,100,2,dynamic,false,1,11,0.859947,1905.590,30.489,nan,nan,26040196.52,1914,none
omp,1,256,100,12,static,close,1,2,0.579325,2828.645,45.258,nan,nan,26040196.52,2435,none
omp,2,256,100,4,static,false,1,10,0.552926,2963.700,47.419,nan,nan,26040196.52,2433,none
omp,1,1000,30,1,dynamic,close,1,3,25.724165,1159.235,18.548,nan,nan,249276035.6,1997,none
omp,1,1000,30,12,static,false,0,13,14.220276,2097.031,33.552,nan,nan,249276035.6,2217,none
omp,3,256,100,12,static,close,0,12,0.576018,2844.887,45.518,nan,nan,26040196.52,2271,none
omp,2,256,100,4,dynamic,false,1,5,1.193654,1372.848,21.966,nan,nan,26040196.52,2311,none
omp,3,96,2000,4,static,spread,1,8,0.223604,7429.076,118.865,nan,nan,10583177.5,2423,none
omp,2,96,2000,6,static,false,1,11,0.173980,9548.063,152.769,nan,nan,10583177.5,2385,none
omp,1,1000,30,4,static,false,0,13,12.902213,2311.259,36.980,nan,nan,249276035.6,2021,none
omp,1,256,100,6,static,spread,0,9,0.474366,3454.517,55.272,nan,nan,26040196.52,2016,none
omp,3,96,2000,8,dynamic,false,1,15,1.434005,1158.411,18.535,nan,nan,10583177.5,2353,none
omp,3,1000,30,48,static,false,0,8,15.336495,1944.405,31.110,nan,nan,249276035.6,2709,none
omp,3,96,2000,6,dynamic,close,1,1,0.522586,3178.744,50.860,nan,nan,10583177.5,2102,none
omp,1,256,100,6,static,spread,0,6,0.472489,3468.240,55.492,nan,nan,26040196.52,2425,none
omp,1,256,100,48,dynamic,close,1,1,0.643380,2547.029,40.752,nan,nan,26040196.52,2818,none
omp,3,1000,30,12,static,spread,0,1,14.314375,2083.246,33.332,nan,nan,249276035.6,1956,none
omp,2,1000,30,8,static,close,0,15,20.873623,1428.614,22.858,nan,nan,249276035.6,2064,none
omp,1,96,2000,48,static,spread,1,1,0.070573,23538.315,376.613,nan,nan,10583177.5,3416,none
omp,1,1000,30,6,static,close,0,8,25.200133,1183.341,18.933,nan,nan,249276035.6,2254,none
omp,3,256,100,4,static,false,0,4,0.548164,2989.446,47.831,nan,nan,26040196.52,1857,none
omp,3,96,2000,6,static,spread,1,2,0.161268,10300.660,164.811,nan,nan,10583177.5,2199,none
omp,3,1000,30,1,dynamic,close,0,13,25.849109,1153.632,18.458,nan,nan,249276035.6,1856,none
omp,1,256,100,48,static,spread,1,12,0.653979,2505.748,40.092,nan,nan,26040196.52,3405,none
omp,2,96,2000,4,dynamic,false,0,1,0.992702,1673.380,26.774,nan,nan,10583177.5,3040,none
omp,3,96,2000,24,static,close,0,9,0.068553,24231.805,387.709,nan,nan,10583177.5,2963,none
omp,2,1000,30,12,static,false,0,8,14.170810,2104.351,33.670,nan,nan,249276035.6,1981,none
omp,1,1000,30,1,dynamic,close,0,4,25.737563,1158.632,18.538,nan,nan,249276035.6,2018,none
omp,3,1000,30,48,dynamic,false,0,4,14.844547,2008.843,32.141,nan,nan,249276035.6,2854,none
omp,3,1000,30,2,dynamic,close,1,4,20.349034,1465.443,23.447,nan,nan,249276035.6,1903,none
omp,2,256,100,1,static,close,1,4,1.246260,1314.900,21.038,97.740,nan,26040196.52,1997,perf-pkg
omp,1,96,2000,24,static,false,0,1,0.305222,5442.492,87.080,nan,nan,10583177.5,2751,none
omp,2,96,2000,1,static,false,0,2,0.688323,2413.355,38.614,nan,nan,10583177.5,2122,none
omp,1,256,100,6,dynamic,false,0,8,0.934245,1754.043,28.065,nan,nan,26040196.52,2240,none
omp,2,256,100,12,static,false,0,11,0.523800,3128.495,50.056,nan,nan,26040196.52,2352,none
omp,2,256,100,24,dynamic,close,1,14,0.609320,2689.404,43.030,nan,nan,26040196.52,2508,none
omp,3,1000,30,24,static,false,1,12,15.206292,1961.054,31.377,nan,nan,249276035.6,2416,none
omp,2,1000,30,12,dynamic,close,0,5,11.656348,2558.294,40.933,nan,nan,249276035.6,2280,none
omp,1,1000,30,2,dynamic,spread,1,7,17.498613,1704.156,27.266,nan,nan,249276035.6,1978,none
omp,2,1000,30,48,static,false,0,9,15.335507,1944.530,31.112,nan,nan,249276035.6,2656,none
omp,1,256,100,2,static,close,1,12,0.860967,1903.332,30.453,nan,nan,26040196.52,2256,none
omp,3,1000,30,4,static,spread,0,14,13.022492,2289.912,36.639,nan,nan,249276035.6,2057,none
omp,3,96,2000,8,static,false,0,13,0.170430,9746.898,155.950,nan,nan,10583177.5,2313,none
omp,2,256,100,16,dynamic,close,1,3,0.599711,2732.492,43.720,nan,nan,26040196.52,2472,none
omp,1,256,100,2,dynamic,false,0,8,0.907631,1805.476,28.888,nan,nan,26040196.52,2397,none
omp,3,1000,30,24,static,spread,1,12,15.166503,1966.199,31.459,nan,nan,249276035.6,2298,none
omp,3,96,2000,16,dynamic,false,0,8,1.045939,1588.207,25.411,nan,nan,10583177.5,2542,none
omp,1,256,100,12,dynamic,false,0,4,0.707615,2315.816,37.053,nan,nan,26040196.52,2362,none
omp,1,96,2000,24,static,false,0,15,0.310952,5342.201,85.475,nan,nan,10583177.5,3102,none
omp,2,96,2000,16,static,close,1,15,0.073760,22521.187,360.339,115.340,nan,10583177.5,2602,perf-pkg
omp,1,1000,30,4,static,false,1,9,13.503545,2208.336,35.333,nan,nan,249276035.6,1993,none
omp,1,96,2000,4,static,spread,0,8,0.219443,7569.944,121.119,nan,nan,10583177.5,2345,none
omp,2,96,2000,24,static,false,0,8,0.312619,5313.712,85.019,nan,nan,10583177.5,2823,none
omp,1,96,2000,4,dynamic,false,1,1,1.018116,1631.610,26.106,nan,nan,10583177.5,2377,none
omp,3,256,100,12,dynamic,close,0,10,0.800997,2045.833,32.733,nan,nan,26040196.52,2387,none
omp,1,256,100,12,static,spread,0,9,0.517599,3165.975,50.656,nan,nan,26040196.52,2305,none
omp,1,96,2000,2,dynamic,spread,1,10,1.181673,1405.777,22.492,nan,nan,10583177.5,2461,none
omp,3,96,2000,4,dynamic,close,1,14,0.655710,2533.390,40.534,nan,nan,10583177.5,2183,none
omp,2,256,100,1,static,spread,0,15,1.239165,1322.428,21.159,nan,nan,26040196.52,2024,none
omp,3,256,100,2,dynamic,false,1,10,2.039847,803.348,12.854,nan,nan,26040196.52,2036,none
omp,2,96,2000,6,static,false,1,8,0.173202,9590.909,153.455,nan,nan,10583177.5,2089,none
omp,2,256,100,16,dynamic,false,0,15,0.636032,2576.453,41.223,nan,nan,26040196.52,1998,none
omp,1,96,2000,2,dynamic,spread,0,6,1.195822,1389.143,22.226,nan,nan,10583177.5,2085,none
omp,2,96,2000,1,dynamic,spread,0,15,0.712992,2329.854,37.278,nan,nan,10583177.5,2019,none
omp,2,96,2000,12,static,close,1,2,0.081425,20401.232,326.420,113.600,nan,10583177.5,2609,perf-pkg
omp,1,1000,30,24,static,close,0,10,14.909791,2000.052,32.001,nan,nan,249276035.6,2455,none
omp,2,256,100,6,static,close,0,1,0.822860,1991.476,31.864,nan,nan,26040196.52,2167,none
omp,2,96,2000,4,dynamic,spread,0,14,0.994843,1669.780,26.716,nan,nan,10583177.5,2230,none
omp,2,96,2000,8,static,false,1,14,0.165319,10048.244,160.772,nan,nan,10583177.5,2344,none
omp,1,1000,30,4,dynamic,spread,0,3,14.535721,2051.523,32.824,nan,nan,249276035.6,2086,none
omp,3,96,2000,1,static,false,1,12,0.731597,2270.607,36.330,nan,nan,10583177.5,1944,none
omp,3,256,100,24,dynamic,spread,1,12,0.928378,1765.129,28.242,nan,nan,26040196.52,2471,none
omp,2,256,100,48,dynamic,close,1,2,0.703959,2327.845,37.246,nan,nan,26040196.52,2918,none
omp,2,1000,30,6,static,false,1,1,14.309571,2083.945,33.343,nan,nan,249276035.6,2129,none
omp,3,256,100,1,dynamic,spread,0,5,1.331283,1230.923,19.695,nan,nan,26040196.52,1969,none
omp,1,96,2000,12,dynamic,close,1,12,0.625530,2655.616,42.490,nan,nan,10583177.5,2303,none
omp,1,256,100,2,dynamic,false,0,3,0.903629,1813.473,29.016,nan,nan,26040196.52,2107,none
omp,2,256,100,12,dynamic,spread,0,10,0.743482,2204.096,35.266,nan,nan,26040196.52,2380,none
omp,3,256,100,12,static,spread,1,10,0.517102,3169.020,50.704,nan,nan,26040196.52,2266,none
omp,3,96,2000,1,dynamic,false,1,3,0.878243,1891.468,30.263,nan,nan,10583177.5,2372,none
omp,1,1000,30,12,dynamic,spread,1,13,11.215936,2658.749,42.540,nan,nan,249276035.6,2069,none
omp,2,1000,30,16,static,close,1,9,16.002667,1863.462,29.815,1795.440,nan,249276035.6,2212,perf-pkg
omp,3,1000,30,12,dynamic,spread,1,9,17.025644,1751.497,28.024,nan,nan,249276035.6,2040,none
omp,2,96,2000,8,dynamic,false,1,4,0.791855,2097.818,33.565,nan,nan,10583177.5,2227,none
omp,1,256,100,24,static,spread,0,9,0.540648,3031.003,48.496,nan,nan,26040196.52,3084,none
omp,1,256,100,16,static,spread,0,2,0.527337,3107.515,49.720,nan,nan,26040196.52,2702,none
omp,2,256,100,48,static,false,0,6,0.593861,2759.410,44.151,nan,nan,26040196.52,2546,none
omp,1,1000,30,48,static,spread,1,10,15.619522,1909.172,30.547,nan,nan,249276035.6,2849,none
omp,3,1000,30,16,static,spread,0,4,16.155305,1845.856,29.534,nan,nan,249276035.6,2109,none
omp,1,1000,30,1,dynamic,false,1,10,25.980532,1147.796,18.365,nan,nan,249276035.6,2065,none
omp,2,1000,30,24,dynamic,spread,1,12,10.442530,2855.664,45.691,nan,nan,249276035.6,2272,none
omp,3,1000,30,12,static,close,0,5,16.872048,1767.442,28.279,nan,nan,249276035.6,2202,none
omp,1,96,2000,16,static,spread,1,1,0.074552,22282.041,356.513,nan,nan,10583177.5,2831,none
omp,2,96,2000,48,static,spread,0,15,0.067567,24585.511,393.368,nan,nan,10583177.5,3369,none
omp,2,96,2000,48,static,false,0,15,0.529966,3134.479,50.152,nan,nan,10583177.5,2979,none
omp,1,96,2000,24,dynamic,close,0,6,0.656261,2531.263,40.500,nan,nan,10583177.5,3081,none
omp,1,256,100,4,static,false,1,6,0.575932,2845.315,45.525,nan,nan,26040196.52,2847,none
omp,1,96,2000,6,static,false,1,12,0.174409,9524.531,152.393,nan,nan,10583177.5,2851,none
omp,1,256,100,12,static,spread,1,4,0.514480,3185.172,50.963,nan,nan,26040196.52,2140,none
omp,2,96,2000,8,dynamic,spread,1,15,0.769611,2158.450,34.535,nan,nan,10583177.5,2608,none
omp,3,256,100,16,dynamic,close,0,15,0.828191,1978.658,31.659,nan,nan,26040196.52,2305,none
omp,3,1000,30,1,dynamic,close,0,8,26.312099,1133.333,18.133,nan,nan,249276035.6,2012,none
omp,2,256,100,24,static,close,1,1,0.533117,3073.823,49.181,118.040,nan,26040196.52,2687,perf-pkg
omp,2,96,2000,6,dynamic,spread,1,4,0.842931,1970.704,31.531,nan,nan,10583177.5,2190,none
omp,3,256,100,8,dynamic,spread,0,6,1.147742,1427.765,22.844,nan,nan,26040196.52,2158,none
omp,3,256,100,2,dynamic,false,1,4,2.045946,800.953,12.815,nan,nan,26040196.52,2190,none
omp,1,256,100,48,dynamic,spread,0,15,0.637672,2569.825,41.117,nan,nan,26040196.52,2437,none
omp,1,96,2000,6,dynamic,false,0,5,0.839462,1978.848,31.662,nan,nan,10583177.5,2716,none
omp,1,96,2000,16,dynamic,false,1,5,0.683188,2431.495,38.904,nan,nan,10583177.5,2748,none
omp,2,1000,30,16,dynamic,close,1,4,10.481981,2844.916,45.519,nan,nan,249276035.6,2303,none
omp,3,96,2000,8,dynamic,spread,1,3,1.400852,1185.827,18.973,nan,nan,10583177.5,2523,none
omp,2,1000,30,2,dynamic,close,0,11,16.493336,1808.025,28.928,nan,nan,249276035.6,1857,none
omp,2,96,2000,2,dynamic,false,1,13,1.182184,1405.169,22.483,nan,nan,10583177.5,2058,none
omp,3,96,2000,24,dynamic,close,0,14,0.810561,2049.406,32.790,nan,nan,10583177.5,2735,none
omp,2,96,2000,16,static,spread,0,7,0.075020,22143.089,354.289,nan,nan,10583177.5,2829,none
omp,1,1000,30,24,static,false,1,3,15.214191,1960.036,31.361,nan,nan,249276035.6,2158,none
omp,3,96,2000,16,dynamic,false,0,14,1.016277,1634.563,26.153,nan,nan,10583177.5,2404,none
omp,3,96,2000,8,static,spread,0,8,0.118082,14067.865,225.086,nan,nan,10583177.5,2780,none
omp,1,96,2000,48,dynamic,close,1,6,0.588764,2821.450,45.143,nan,nan,10583177.5,3844,none
omp,1,96,2000,8,dynamic,spread,0,7,0.783820,2119.323,33.909,nan,nan,10583177.5,2275,none
omp,1,256,100,24,dynamic,close,1,2,0.601616,2723.840,43.581,nan,nan,26040196.52,2486,none
omp,3,1000,30,12,dynamic,false,0,1,15.446910,1930.507,30.888,nan,nan,249276035.6,2031,none
omp,1,256,100,6,static,close,0,1,0.821528,1994.705,31.915,nan,nan,26040196.52,2243,none
omp,3,256,100,48,dynamic,false,0,11,0.863492,1897.768,30.364,nan,nan,26040196.52,3002,none
omp,1,96,2000,12,dynamic,false,1,7,0.733627,2264.322,36.229,nan,nan,10583177.5,3009,none
omp,3,256,100,1,dynamic,spread,1,3,1.259904,1300.660,20.811,nan,nan,26040196.52,2483,none
omp,1,96,2000,4,static,spread,0,7,0.221412,7502.613,120.042,nan,nan,10583177.5,2569,none
omp,3,96,2000,1,static,close,0,13,0.731230,2271.744,36.348,nan,nan,10583177.5,2632,none
omp,1,256,100,4,dynamic,close,0,7,0.774058,2117.034,33.873,nan,nan,26040196.52,2124,none
omp,1,1000,30,4,static,spread,0,3,12.979710,2297.460,36.759,nan,nan,249276035.6,1913,none
omp,3,96,2000,16,static,close,0,9,0.076005,21855.963,349.695,nan,nan,10583177.5,2113,none
omp,3,1000,30,4,dynamic,false,0,4,18.914718,1576.569,25.225,nan,nan,249276035.6,2061,none
omp,2,96,2000,8,static,spread,0,13,0.118293,14042.820,224.685,nan,nan,10583177.5,2557,none
omp,1,256,100,6,dynamic,close,0,10,0.792340,2068.187,33.091,nan,nan,26040196.52,1910,none
omp,3,256,100,8,static,spread,0,3,0.508370,3223.451,51.575,nan,nan,26040196.52,2380,none
omp,3,96,2000,2,dynamic,close,1,2,0.943468,1760.704,28.171,nan,nan,10583177.5,1967,none
omp,2,256,100,4,static,spread,0,15,0.556718,2943.513,47.096,nan,nan,26040196.52,2041,none
omp,1,256,100,48,static,spread,0,1,0.656535,2495.994,39.936,nan,nan,26040196.52,2759,none
omp,1,1000,30,1,static,false,1,5,25.900050,1151.363,18.422,nan,nan,249276035.6,1978,none
omp,3,256,100,6,static,close,1,5,0.821863,1993.891,31.902,nan,nan,26040196.52,2196,none
omp,2,256,100,16,dynamic,spread,1,9,0.639663,2561.828,40.989,nan,nan,26040196.52,2363,none
omp,2,1000,30,16,dynamic,false,0,12,10.700119,2786.918,44.591,nan,nan,249276035.6,2104,none
omp,3,96,2000,6,static,spread,0,9,0.164148,10119.923,161.919,nan,nan,10583177.5,2832,none
omp,1,256,100,16,static,close,0,10,0.549938,2979.802,47.677,nan,nan,26040196.52,2198,none
omp,3,96,2000,16,static,close,1,13,0.072608,22878.473,366.056,nan,nan,10583177.5,2601,none
omp,2,96,2000,16,static,close,0,12,0.072709,22846.901,365.550,nan,nan,10583177.5,2914,none
omp,3,96,2000,12,dynamic,spread,0,14,1.179243,1408.673,22.539,nan,nan,10583177.5,2919,none
omp,1,96,2000,4,static,spread,0,11,0.218476,7603.429,121.655,nan,nan,10583177.5,2799,none
omp,3,1000,30,12,dynamic,close,1,5,14.620022,2039.693,32.635,nan,nan,249276035.6,1967,none
omp,1,256,100,24,static,close,1,11,0.537214,3050.378,48.806,nan,nan,26040196.52,2869,none
omp,2,1000,30,8,dynamic,false,0,7,11.677208,2553.723,40.860,nan,nan,249276035.6,2151,none
omp,3,256,100,48,dynamic,false,1,9,0.973850,1682.710,26.923,nan,nan,26040196.52,3413,none
omp,1,256,100,1,dynamic,close,0,2,1.298066,1262.422,20.199,nan,nan,26040196.52,2711,none
omp,3,1000,30,1,dynamic,close,1,11,26.060739,1144.264,18.308,nan,nan,249276035.6,1883,none
omp,3,256,100,2,static,close,0,15,0.842961,1943.989,31.104,nan,nan,26040196.52,1973,none
omp,1,96,2000,16,static,spread,0,13,0.076204,21799.030,348.784,nan,nan,10583177.5,2872,none
omp,2,1000,30,48,dynamic,false,1,9,10.638957,2802.940,44.847,nan,nan,249276035.6,2281,none
omp,3,1000,30,1,static,close,0,6,25.877429,1152.370,18.438,nan,nan,249276035.6,1955,none
omp,2,96,2000,6,dynamic,false,0,3,0.839895,1977.828,31.645,nan,nan,10583177.5,2189,none
omp,3,256,100,2,static,spread,1,10,0.744337,2201.566,35.225,nan,nan,26040196.52,2196,none
omp,2,1000,30,16,static,false,0,14,14.464450,2061.631,32.986,nan,nan,249276035.6,2121,none
omp,3,96,2000,24,dynamic,false,1,4,0.921595,1802.492,28.840,nan,nan,10583177.5,3054,none
omp,3,1000,30,16,static,false,1,15,14.813587,2013.041,32.209,nan,nan,249276035.6,2246,none
omp,2,1000,30,1,dynamic,close,0,8,25.852416,1153.484,18.456,nan,nan,249276035.6,1945,none
omp,3,96,2000,4,static,close,1,7,0.186009,8930.574,142.889,nan,nan,10583177.5,1963,none
omp,3,96,2000,6,dynamic,close,0,5,0.519351,3198.547,51.177,nan,nan,10583177.5,2114,none
omp,1,1000,30,48,dynamic,spread,1,2,10.560867,2823.666,45.179,nan,nan,249276035.6,3239,none
omp,3,96,2000,8,static,spread,1,11,0.116802,14222.143,227.554,nan,nan,10583177.5,3293,none
omp,1,1000,30,16,static,close,0,7,15.986128,1865.390,29.846,nan,nan,249276035.6,2112,none
omp,2,256,100,2,dynamic,close,1,14,0.827128,1981.201,31.699,nan,nan,26040196.52,1967,none
omp,2,256,100,8,static,close,1,12,0.693950,2361.420,37.783,131.970,nan,26040196.52,2586,perf-pkg
omp,3,96,2000,6,static,close,0,5,0.127464,13032.446,208.519,nan,nan,10583177.5,2423,none
omp,2,256,100,4,dynamic,close,1,11,0.775227,2113.842,33.821,nan,nan,26040196.52,2359,none
omp,1,1000,30,6,dynamic,spread,0,11,12.722276,2343.949,37.503,nan,nan,249276035.6,1999,none
omp,3,256,100,8,static,close,1,2,0.691747,2368.939,37.903,nan,nan,26040196.52,2176,none
omp,2,1000,30,4,dynamic,spread,1,5,15.374725,1939.570,31.033,nan,nan,249276035.6,2099,none
omp,2,96,2000,1,dynamic,spread,0,10,0.698279,2378.945,38.063,nan,nan,10583177.5,2064,none
omp,1,256,100,16,static,close,0,7,0.560128,2925.595,46.810,nan,nan,26040196.52,2334,none
omp,1,1000,30,2,dynamic,false,1,3,17.430741,1710.791,27.373,nan,nan,249276035.6,2066,none
omp,1,96,2000,2,dynamic,spread,0,10,1.183722,1403.343,22.453,nan,nan,10583177.5,2006,none
omp,1,1000,30,1,static,spread,1,11,25.830386,1154.468,18.471,nan,nan,249276035.6,1955,none
omp,1,1000,30,6,dynamic,close,0,4,16.735879,1781.822,28.509,nan,nan,249276035.6,2245,none
omp,2,256,100,2,dynamic,false,0,6,0.909718,1801.335,28.821,nan,nan,26040196.52,2060,none
omp,3,96,2000,48,dynamic,spread,1,14,0.851695,1950.427,31.207,nan,nan,10583177.5,3053,none
omp,1,1000,30,4,static,false,0,1,12.935638,2305.287,36.885,nan,nan,249276035.6,2042,none
omp,1,96,2000,24,dynamic,false,1,11,0.650485,2553.739,40.860,nan,nan,10583177.5,3020,none
omp,1,1000,30,12,dynamic,false,1,14,11.211597,2659.778,42.556,nan,nan,249276035.6,1945,none
omp,2,1000,30,12,dynamic,false,1,10,11.199503,2662.650,42.602,nan,nan,249276035.6,1973,none
omp,3,96,2000,6,dynamic,spread,1,14,1.723348,963.919,15.423,nan,nan,10583177.5,2300,none
omp,3,1000,30,24,static,close,1,6,15.178127,1964.693,31.435,nan,nan,249276035.6,2429,none
omp,1,96,2000,16,dynamic,false,0,13,0.690301,2406.439,38.503,nan,nan,10583177.5,2331,none
omp,3,96,2000,6,static,false,1,10,0.178627,9299.634,148.794,nan,nan,10583177.5,2512,none
omp,2,256,100,6,static,false,0,8,0.488693,3353.246,53.652,nan,nan,26040196.52,1994,none
omp,2,96,2000,4,static,spread,0,7,0.219321,7574.147,121.186,nan,nan,10583177.5,2395,none
omp,3,256,100,12,static,false,0,7,0.518545,3160.200,50.563,nan,nan,26040196.52,2357,none
omp,1,1000,30,1,dynamic,spread,0,10,25.840923,1153.997,18.464,nan,nan,249276035.6,1955,none
omp,2,96,2000,12,dynamic,close,0,8,0.632212,2627.550,42.041,nan,nan,10583177.5,2517,none
omp,3,256,100,48,dynamic,close,1,15,1.041983,1572.681,25.163,nan,nan,26040196.52,3278,none
omp,2,96,2000,12,static,spread,0,7,0.087151,19060.817,304.973,nan,nan,10583177.5,3377,none
omp,1,256,100,2,static,false,0,8,0.768451,2132.480,34.120,nan,nan,26040196.52,2832,none
omp,2,256,100,48,static,false,1,9,0.676139,2423.624,38.778,nan,nan,26040196.52,2928,none
omp,3,96,2000,16,dynamic,spread,1,10,1.077771,1541.300,24.661,nan,nan,10583177.5,2701,none
omp,2,1000,30,4,dynamic,close,1,1,16.207495,1839.912,29.439,nan,nan,249276035.6,2210,none
omp,3,96,2000,24,dynamic,close,1,12,0.941287,1764.783,28.237,nan,nan,10583177.5,3190,none
omp,2,96,2000,16,dynamic,close,0,6,0.690505,2405.730,38.492,nan,nan,10583177.5,2739,none
omp,2,256,100,48,dynamic,spread,1,14,0.632597,2590.444,41.447,nan,nan,26040196.52,2638,none
omp,3,96,2000,16,static,false,1,13,0.220184,7544.445,120.711,nan,nan,10583177.5,3136,none
omp,3,96,2000,16,dynamic,false,1,15,1.296008,1281.758,20.508,nan,nan,10583177.5,2567,none
omp,2,1000,30,8,dynamic,spread,1,12,12.162412,2451.846,39.230,nan,nan,249276035.6,1996,none
omp,2,96,2000,1,static,spread,1,7,0.701620,2367.618,37.882,nan,nan,10583177.5,2063,none
omp,3,256,100,8,dynamic,false,0,6,1.194941,1371.370,21.942,nan,nan,26040196.52,1996,none
omp,3,96,2000,1,static,spread,1,3,0.736078,2256.781,36.109,nan,nan,10583177.5,2113,none
omp,3,256,100,1,dynamic,spread,1,4,1.269719,1290.606,20.650,nan,nan,26040196.52,2146,none
omp,3,1000,30,16,dynamic,close,0,8,14.395388,2071.522,33.144,nan,nan,249276035.6,2299,none
omp,3,96,2000,16,dynamic,false,1,9,1.222476,1358.856,21.742,nan,nan,10583177.5,2537,none
omp,2,96,2000,4,static,spread,1,9,0.218564,7600.377,121.606,nan,nan,10583177.5,2861,none
omp,1,1000,30,12,static,false,1,14,14.614199,2040.506,32.648,nan,nan,249276035.6,2245,none
omp,3,96,2000,16,dynamic,spread,0,6,1.142860,1453.518,23.256,nan,nan,10583177.5,2172,none
omp,1,96,2000,2,dynamic,close,0,7,0.432492,3840.926,61.455,nan,nan,10583177.5,2428,none
omp,3,96,2000,48,dynamic,spread,1,6,0.924398,1797.026,28.752,nan,nan,10583177.5,3438,none
omp,1,96,2000,4,static,spread,0,4,0.224410,7402.378,118.438,nan,nan,10583177.5,3142,none
omp,1,1000,30,12,dynamic,close,1,4,11.557266,2580.226,41.284,nan,nan,249276035.6,2190,none
omp,2,256,100,16,dynamic,spread,0,8,0.661730,2476.396,39.622,nan,nan,26040196.52,2038,none
omp,1,1000,30,16,dynamic,close,0,12,10.374133,2874.492,45.992,nan,nan,249276035.6,2353,none
omp,1,96,2000,16,static,close,0,11,0.075647,21959.472,351.352,nan,nan,10583177.5,2549,none
omp,3,1000,30,8,static,false,0,11,13.988736,2131.741,34.108,nan,nan,249276035.6,2071,none
omp,3,96,2000,6,static,false,1,14,0.176634,9404.590,150.473,nan,nan,10583177.5,2352,none
omp,3,256,100,1,static,close,1,3,1.307634,1253.184,20.051,nan,nan,26040196.52,1882,none
omp,2,256,100,48,dynamic,spread,1,9,0.638020,2568.426,41.095,nan,nan,26040196.52,3606,none
omp,1,96,2000,24,static,false,1,11,0.310109,5356.727,85.708,nan,nan,10583177.5,3016,none
omp,1,1000,30,8,static,close,0,6,20.830990,1431.538,22.905,nan,nan,249276035.6,2072,none
omp,2,96,2000,1,static,false,0,10,0.693881,2394.023,38.304,nan,nan,10583177.5,2259,none
omp,1,256,100,4,static,false,0,11,0.555855,2948.085,47.169,nan,nan,26040196.52,1990,none
omp,3,1000,30,16,dynamic,spread,1,6,16.781441,1776.984,28.432,nan,nan,249276035.6,2232,none
omp,3,96,2000,2,dynamic,false,1,6,2.823145,588.410,9.415,nan,nan,10583177.5,1892,none
omp,2,96,2000,1,dynamic,spread,1,11,0.697674,2381.009,38.096,nan,nan,10583177.5,2100,none
omp,2,256,100,48,dynamic,spread,0,15,0.626719,2614.740,41.836,nan,nan,26040196.52,2402,none
omp,2,1000,30,16,static,false,0,3,14.434864,2065.857,33.054,nan,nan,249276035.6,2193,none
omp,2,256,100,24,static,close,1,15,0.532467,3077.571,49.241,118.370,nan,26040196.52,2643,perf-pkg
omp,1,1000,30,6,dynamic,close,0,11,16.734906,1781.926,28.511,nan,nan,249276035.6,2136,none
omp,3,96,2000,12,dynamic,false,0,5,1.154675,1438.645,23.018,nan,nan,10583177.5,2273,none
omp,1,1000,30,24,dynamic,spread,0,13,10.433165,2858.228,45.732,nan,nan,249276035.6,2532,none
omp,3,256,100,12,static,false,1,2,0.516525,3172.561,50.761,nan,nan,26040196.52,2549,none
omp,2,1000,30,6,static,close,0,5,25.217043,1182.548,18.921,nan,nan,249276035.6,2096,none
omp,3,1000,30,24,static,close,0,11,14.887715,2003.018,32.048,nan,nan,249276035.6,2160,none
omp,3,96,2000,48,dynamic,spread,1,5,0.796300,2086.109,33.378,nan,nan,10583177.5,3683,none
omp,2,96,2000,1,static,close,0,14,0.698364,2378.655,38.058,nan,nan,10583177.5,2992,none
omp,2,256,100,2,dynamic,close,0,5,0.842448,1945.172,31.123,nan,nan,26040196.52,2738,none
omp,3,256,100,8,static,spread,0,1,0.504009,3251.341,52.021,nan,nan,26040196.52,2628,none
omp,3,96,2000,6,static,false,1,13,0.175183,9482.480,151.720,nan,nan,10583177.5,2697,none
omp,3,256,100,8,static,spread,1,8,0.516059,3175.426,50.807,nan,nan,26040196.52,2057,none
omp,2,96,2000,6,static,spread,1,11,0.158591,10474.518,167.592,nan,nan,10583177.5,2478,none
omp,3,1000,30,1,static,close,0,4,25.810524,1155.357,18.486,nan,nan,249276035.6,1868,none
omp,2,96,2000,6,dynamic,spread,1,15,0.857909,1936.298,30.981,nan,nan,10583177.5,2040,none
omp,2,256,100,12,dynamic,false,1,5,0.693557,2362.758,37.804,nan,nan,26040196.52,2069,none
omp,2,96,2000,4,static,spread,1,6,0.215345,7713.984,123.424,nan,nan,10583177.5,2253,none
omp,2,256,100,6,dynamic,close,0,10,0.794738,2061.946,32.991,nan,nan,26040196.52,2131,none
omp,3,96,2000,2,static,spread,0,3,0.386170,4301.648,68.826,nan,nan,10583177.5,2375,none
omp,2,96,2000,6,dynamic,close,0,3,0.189244,8777.894,140.446,nan,nan,10583177.5,2438,none
omp,3,256,100,24,static,spread,0,6,0.533501,3071.609,49.146,nan,nan,26040196.52,2232,none
omp,3,256,100,16,dynamic,close,1,14,0.840602,1949.444,31.191,nan,nan,26040196.52,2193,none
omp,1,96,2000,24,static,close,0,3,0.069134,24028.274,384.452,nan,nan,10583177.5,3672,none
omp,1,1000,30,4,static,close,1,5,23.979978,1243.552,19.897,nan,nan,249276035.6,1954,none
omp,1,256,100,48,static,spread,0,2,0.628089,2609.037,41.745,nan,nan,26040196.52,3292,none
omp,3,1000,30,12,dynamic,spread,0,13,15.423839,1933.394,30.934,nan,nan,249276035.6,2115,none
omp,2,96,2000,1,static,close,1,11,0.696678,2384.413,38.151,57.540,nan,10583177.5,2356,perf-pkg
omp,2,1000,30,48,dynamic,spread,0,15,10.592553,2815.219,45.044,nan,nan,249276035.6,3066,none
omp,3,96,2000,8,static,false,1,11,0.166081,10002.164,160.035,nan,nan,10583177.5,3397,none
omp,1,1000,30,48,dynamic,false,0,6,10.693483,2788.648,44.618,nan,nan,249276035.6,3241,none
omp,1,96,2000,2,dynamic,spread,0,12,1.170477,1419.223,22.708,nan,nan,10583177.5,2069,none
omp,3,1000,30,4,static,spread,0,9,12.840214,2322.419,37.159,nan,nan,249276035.6,2073,none
omp,1,1000,30,12,static,spread,1,2,14.620175,2039.672,32.635,nan,nan,249276035.6,2049,none
omp,1,256,100,16,static,spread,1,14,0.546764,2997.099,47.954,nan,nan,26040196.52,2481,none
omp,3,256,100,48,dynamic,false,0,13,1.043318,1570.668,25.131,nan,nan,26040196.52,2950,none
omp,1,256,100,2,static,close,1,13,0.804803,2036.159,32.579,nan,nan,26040196.52,2938,none
omp,3,1000,30,8,dynamic,false,1,10,17.430413,1710.823,27.373,nan,nan,249276035.6,1894,none
omp,2,1000,30,1,static,spread,0,11,26.138952,1140.840,18.253,nan,nan,249276035.6,1973,none
omp,3,256,100,24,dynamic,false,0,9,0.900902,1818.962,29.103,nan,nan,26040196.52,2611,none
omp,3,256,100,4,dynamic,spread,0,15,1.657450,988.691,15.819,nan,nan,26040196.52,2142,none
omp,1,256,100,24,static,close,0,10,0.530714,3087.740,49.404,nan,nan,26040196.52,2507,none
omp,2,256,100,1,static,spread,1,10,1.160124,1412.527,22.600,nan,nan,26040196.52,2333,none
omp,3,1000,30,6,static,close,0,10,25.207706,1182.986,18.928,nan,nan,249276035.6,1949,none
omp,1,1000,30,1,static,false,0,11,27.300690,1092.293,17.477,nan,nan,249276035.6,2002,none
omp,1,1000,30,1,dynamic,close,1,2,25.775985,1156.905,18.510,nan,nan,249276035.6,1986,none
omp,1,1000,30,48,dynamic,spread,1,3,10.537352,2829.967,45.279,nan,nan,249276035.6,2853,none
omp,2,1000,30,4,static,close,0,4,23.803124,1252.792,20.045,nan,nan,249276035.6,2001,none
omp,2,96,2000,8,static,close,1,10,0.116422,14268.500,228.296,107.260,nan,10583177.5,2266,perf-pkg
omp,3,96,2000,24,static,false,1,4,0.314824,5276.505,84.424,nan,nan,10583177.5,2993,none
omp,2,96,2000,24,static,false,1,1,0.305213,5442.650,87.082,nan,nan,10583177.5,3199,none
omp,2,1000,30,4,static,close,1,14,24.026006,1241.170,19.859,1723.470,nan,249276035.6,2108,perf-pkg
omp,2,256,100,2,dynamic,spread,0,14,0.957862,1710.796,27.373,nan,nan,26040196.52,1944,none
omp,1,96,2000,48,dynamic,spread,1,2,0.698681,2377.576,38.041,nan,nan,10583177.5,3560,none
omp,3,96,2000,1,static,false,0,2,0.731083,2272.201,36.355,nan,nan,10583177.5,2695,none
omp,3,256,100,2,dynamic,close,0,1,1.501349,1091.489,17.464,nan,nan,26040196.52,2000,none
omp,1,1000,30,6,dynamic,spread,0,15,12.762551,2336.552,37.385,nan,nan,249276035.6,2295,none
omp,2,1000,30,24,static,spread,0,9,14.999524,1988.087,31.809,nan,nan,249276035.6,2445,none
omp,2,96,2000,48,dynamic,spread,0,5,0.658306,2523.397,40.374,nan,nan,10583177.5,3806,none
omp,3,1000,30,8,dynamic,spread,1,9,17.485673,1705.417,27.287,nan,nan,249276035.6,1925,none
omp,2,96,2000,1,dynamic,spread,1,7,0.703999,2359.616,37.754,nan,nan,10583177.5,2081,none
omp,2,96,2000,4,static,close,0,13,0.185749,8943.074,143.089,nan,nan,10583177.5,2057,none
omp,3,256,100,8,dynamic,false,0,1,1.186912,1380.647,22.090,nan,nan,26040196.52,2005,none
omp,2,1000,30,24,static,false,1,1,15.218234,1959.515,31.352,nan,nan,249276035.6,2506,none
omp,2,256,100,8,static,false,0,5,0.535059,3062.665,49.003,nan,nan,26040196.52,2270,none
omp,2,1000,30,1,static,false,0,7,26.352073,1131.613,18.106,nan,nan,249276035.6,1937,none
omp,2,256,100,6,static,close,0,8,0.831766,1970.153,31.522,nan,nan,26040196.52,2283,none
omp,1,256,100,8,dynamic,false,1,15,0.956275,1713.636,27.418,nan,nan,26040196.52,2007,none
omp,1,256,100,24,static,spread,1,1,0.539153,3039.406,48.630,nan,nan,26040196.52,2618,none
omp,3,96,2000,6,static,close,1,12,0.127128,13066.890,209.070,nan,nan,10583177.5,2688,none
omp,1,1000,30,8,static,close,0,10,20.824296,1431.998,22.912,nan,nan,249276035.6,2015,none
omp,1,256,100,4,static,spread,0,1,0.551036,2973.865,47.582,nan,nan,26040196.52,1949,none
omp,1,96,2000,24,static,false,1,3,0.320700,5179.818,82.877,nan,nan,10583177.5,2849,none
omp,2,96,2000,8,dynamic,close,0,5,0.645505,2573.438,41.175,nan,nan,10583177.5,2850,none
omp,1,96,2000,8,static,spread,0,13,0.118228,14050.548,224.809,nan,nan,10583177.5,2961,none
omp,3,1000,30,8,dynamic,false,1,13,17.433387,1710.532,27.369,nan,nan,249276035.6,2012,none
omp,3,96,2000,12,static,false,1,9,0.188257,8823.948,141.183,nan,nan,10583177.5,2331,none
omp,2,96,2000,48,static,false,0,8,0.533697,3112.565,49.801,nan,nan,10583177.5,3555,none
omp,3,256,100,2,dynamic,false,1,3,2.098948,780.727,12.492,nan,nan,26040196.52,1874,none
omp,2,1000,30,2,dynamic,spread,0,8,16.889565,1765.608,28.250,nan,nan,249276035.6,1924,none
omp,2,256,100,12,dynamic,close,0,11,0.625302,2620.663,41.931,nan,nan,26040196.52,2331,none
omp,2,96,2000,12,static,close,0,10,0.084680,19616.998,313.872,nan,nan,10583177.5,2401,none
omp,2,96,2000,8,static,spread,1,9,0.126920,13088.282,209.413,nan,nan,10583177.5,2752,none
omp,3,96,2000,12,dynamic,false,1,3,1.260794,1317.557,21.081,nan,nan,10583177.5,2422,none
omp,1,256,100,1,static,close,1,5,1.449528,1130.510,18.088,nan,nan,26040196.52,2368,none
omp,3,256,100,48,dynamic,close,0,2,1.004656,1631.113,26.098,nan,nan,26040196.52,2737,none
omp,2,1000,30,2,static,close,0,5,22.742362,1311.225,20.980,nan,nan,249276035.6,1950,none
omp,1,96,2000,12,dynamic,spread,1,2,0.747280,2222.953,35.567,nan,nan,10583177.5,2427,none
omp,3,1000,30,6,static,false,0,11,13.837161,2155.092,34.481,nan,nan,249276035.6,2083,none
omp,3,96,2000,4,dynamic,spread,0,10,2.289230,725.645,11.610,nan,nan,10583177.5,2173,none
omp,2,1000,30,16,dynamic,spread,0,9,10.713495,2783.439,44.535,nan,nan,249276035.6,2068,none
omp,3,96,2000,24,dynamic,false,1,15,1.013646,1638.804,26.221,nan,nan,10583177.5,2630,none
omp,2,1000,30,4,static,spread,0,11,12.883472,2314.621,37.034,nan,nan,249276035.6,1916,none
omp,1,256,100,1,static,false,1,11,1.311741,1249.261,19.988,nan,nan,26040196.52,1882,none
omp,1,1000,30,1,static,false,1,9,25.830330,1154.471,18.472,nan,nan,249276035.6,1924,none
omp,2,256,100,2,static,close,0,12,0.856266,1913.783,30.621,nan,nan,26040196.52,1917,none
omp,2,256,100,2,dynamic,close,0,10,0.822902,1991.374,31.862,nan,nan,26040196.52,1910,none
omp,1,256,100,2,static,false,1,1,0.711942,2301.740,36.828,nan,nan,26040196.52,2035,none
omp,2,96,2000,6,dynamic,spread,1,12,0.900221,1845.290,29.525,nan,nan,10583177.5,2176,none
omp,2,256,100,12,dynamic,close,0,7,0.630426,2599.364,41.590,nan,nan,26040196.52,2161,none
omp,3,256,100,24,dynamic,close,0,10,0.922488,1776.398,28.422,nan,nan,26040196.52,2345,none
omp,3,256,100,2,dynamic,false,0,14,2.060345,795.355,12.726,nan,nan,26040196.52,2207,none
omp,2,1000,30,8,dynamic,spread,1,1,12.152778,2453.790,39.261,nan,nan,249276035.6,1854,none
omp,2,256,100,1,static,false,0,10,1.324375,1237.343,19.797,nan,nan,26040196.52,2124,none
omp,2,256,100,2,dynamic,false,0,1,0.892960,1835.141,29.362,nan,nan,26040196.52,2131,none
omp,3,1000,30,8,dynamic,close,1,6,15.667319,1903.348,30.454,nan,nan,249276035.6,2192,none
omp,2,96,2000,2,static,close,0,7,0.358871,4628.874,74.062,nan,nan,10583177.5,2267,none
omp,1,1000,30,2,dynamic,spread,0,10,17.029743,1751.075,28.017,nan,nan,249276035.6,1945,none
omp,1,96,2000,12,static,close,0,10,0.084668,19619.818,313.917,nan,nan,10583177.5,2170,none
omp,2,96,2000,12,dynamic,spread,1,13,0.731709,2270.257,36.324,nan,nan,10583177.5,2680,none
omp,3,96,2000,6,dynamic,close,1,3,0.520941,3188.783,51.021,nan,nan,10583177.5,2359,none
omp,2,256,100,12,dynamic,spread,0,8,0.750701,2182.903,34.926,nan,nan,26040196.52,2161,none
omp,2,256,100,1,static,false,0,3,1.319235,1242.164,19.875,nan,nan,26040196.52,2262,none
omp,2,1000,30,24,dynamic,false,1,8,10.426915,2859.941,45.759,nan,nan,249276035.6,2542,none
omp,1,96,2000,16,dynamic,false,0,10,0.695490,2388.486,38.216,nan,nan,10583177.5,2295,none
omp,1,96,2000,1,static,close,0,15,0.721430,2302.604,36.842,nan,nan,10583177.5,2547,none
omp,3,256,100,16,dynamic,false,0,11,1.029149,1592.292,25.477,nan,nan,26040196.52,2378,none
omp,3,1000,30,2,static,false,0,7,16.040286,1859.092,29.745,nan,nan,249276035.6,1982,none
omp,1,256,100,24,static,close,0,4,0.540772,3030.307,48.485,nan,nan,26040196.52,2629,none
omp,3,1000,30,4,dynamic,close,0,9,17.443748,1709.516,27.352,nan,nan,249276035.6,2026,none
omp,2,1000,30,48,static,close,1,9,15.537089,1919.302,30.709,2098.690,nan,249276035.6,2837,perf-pkg
omp,2,256,100,6,static,false,1,11,0.483073,3392.251,54.276,nan,nan,26040196.52,3176,none
omp,1,256,100,48,static,close,1,7,0.716478,2287.171,36.595,nan,nan,26040196.52,3616,none
omp,3,96,2000,16,static,spread,1,2,0.074533,22287.828,356.605,nan,nan,10583177.5,3245,none
omp,3,96,2000,8,dynamic,spread,1,11,1.504066,1104.452,17.671,nan,nan,10583177.5,2597,none
omp,1,1000,30,48,dynamic,spread,0,11,10.539378,2829.423,45.271,nan,nan,249276035.6,2885,none
omp,1,96,2000,4,dynamic,false,0,1,1.137689,1460.125,23.362,nan,nan,10583177.5,2611,none
omp,1,96,2000,48,static,spread,0,12,0.073543,22587.779,361.404,nan,nan,10583177.5,2841,none
omp,3,1000,30,1,static,false,0,2,26.133472,1141.079,18.257,nan,nan,249276035.6,2054,none
omp,1,96,2000,24,static,false,1,15,0.308442,5385.681,86.171,nan,nan,10583177.5,2742,none
omp,3,1000,30,2,static,false,1,14,16.323413,1826.846,29.230,nan,nan,249276035.6,1930,none
omp,3,1000,30,4,static,spread,1,13,13.461048,2215.307,35.445,nan,nan,249276035.6,2007,none
seq,2,96,2000,1,static,false,0,12,0.704349,2358.444,37.735,nan,nan,10583177.5,1956,none
omp,2,96,2000,6,dynamic,close,1,2,0.187423,8863.214,141.811,nan,nan,10583177.5,2399,none
omp,3,1000,30,16,static,false,1,2,14.799637,2014.939,32.239,nan,nan,249276035.6,1971,none
omp,3,256,100,48,dynamic,false,1,15,1.066313,1536.796,24.589,nan,nan,26040196.52,2841,none
omp,3,1000,30,12,dynamic,false,0,7,15.411623,1934.927,30.959,nan,nan,249276035.6,2066,none
omp,3,256,100,2,dynamic,close,1,13,1.506194,1087.978,17.408,nan,nan,26040196.52,2134,none
omp,3,96,2000,8,dynamic,spread,1,13,1.444867,1149.703,18.395,nan,nan,10583177.5,2046,none
omp,2,256,100,6,static,spread,1,3,0.476551,3438.677,55.019,nan,nan,26040196.52,2214,none
omp,3,1000,30,4,dynamic,false,0,15,18.845891,1582.327,25.317,nan,nan,249276035.6,1976,none
omp,3,96,2000,48,dynamic,false,0,9,0.901100,1843.490,29.496,nan,nan,10583177.5,3311,none
omp,3,1000,30,2,dynamic,spread,0,2,24.033949,1240.760,19.852,nan,nan,249276035.6,2020,none
omp,3,1000,30,6,static,false,0,9,13.949024,2137.810,34.205,nan,nan,249276035.6,1964,none
omp,3,256,100,2,dynamic,close,0,3,1.482847,1105.108,17.682,nan,nan,26040196.52,2210,none
omp,2,1000,30,48,dynamic,close,1,9,10.591797,2815.420,45.047,nan,nan,249276035.6,2866,none
omp,1,96,2000,48,static,close,0,14,0.072143,23025.914,368.415,nan,nan,10583177.5,3630,none
omp,3,96,2000,2,static,false,1,6,0.381735,4351.628,69.626,nan,nan,10583177.5,3114,none
omp,1,96,2000,12,dynamic,spread,1,15,0.704028,2359.520,37.752,nan,nan,10583177.5,2569,none
omp,3,96,2000,48,dynamic,close,0,14,1.194281,1390.935,22.255,nan,nan,10583177.5,3494,none
omp,1,256,100,16,static,false,0,10,0.538862,3041.050,48.657,nan,nan,26040196.52,2346,none
omp,3,256,100,1,static,close,0,6,1.312116,1248.903,19.982,nan,nan,26040196.52,2207,none
omp,1,256,100,2,static,spread,0,11,0.902375,1815.992,29.056,nan,nan,26040196.52,2214,none
omp,2,256,100,6,static,spread,0,12,0.477122,3434.563,54.953,nan,nan,26040196.52,2139,none
omp,3,256,100,8,static,spread,0,4,0.515708,3177.585,50.841,nan,nan,26040196.52,2026,none
omp,1,256,100,12,dynamic,false,1,12,0.721200,2272.194,36.355,nan,nan,26040196.52,2380,none
omp,3,256,100,16,static,false,1,2,0.535895,3057.888,48.926,nan,nan,26040196.52,2381,none
omp,2,256,100,4,dynamic,spread,0,13,1.202766,1362.448,21.799,nan,nan,26040196.52,2125,none
omp,1,1000,30,12,static,spread,0,9,14.275872,2088.864,33.422,nan,nan,249276035.6,1974,none
omp,1,96,2000,16,static,close,1,10,0.072773,22826.720,365.228,nan,nan,10583177.5,2937,none
omp,1,1000,30,48,dynamic,close,1,11,10.514618,2836.086,45.377,nan,nan,249276035.6,3654,none
omp,3,256,100,1,static,false,0,13,1.286970,1273.306,20.373,nan,nan,26040196.52,2721,none
omp,2,96,2000,12,static,close,0,3,0.085768,19368.257,309.892,nan,nan,10583177.5,2689,none
omp,1,256,100,6,dynamic,spread,0,8,0.895934,1829.047,29.265,nan,nan,26040196.52,2064,none
omp,1,256,100,4,static,spread,0,7,0.725297,2259.360,36.150,nan,nan,26040196.52,2130,none
omp,1,96,2000,12,static,false,0,4,0.181041,9175.668,146.811,nan,nan,10583177.5,2490,none
omp,1,96,2000,6,dynamic,spread,1,8,0.937267,1772.352,28.358,nan,nan,10583177.5,2324,none
omp,1,256,100,8,static,close,0,6,0.692990,2364.688,37.835,nan,nan,26040196.52,2269,none
omp,2,256,100,2,static,close,1,7,0.804254,2037.548,32.601,84.430,nan,26040196.52,2146,perf-pkg
omp,3,96,2000,12,dynamic,spread,1,4,1.120678,1482.289,23.717,nan,nan,10583177.5,2396,none
omp,1,1000,30,24,dynamic,false,1,12,10.409327,2864.773,45.836,nan,nan,249276035.6,2490,none
omp,1,1000,30,48,static,close,0,1,15.359363,1941.510,31.064,nan,nan,249276035.6,3145,none
omp,1,96,2000,12,static,close,1,11,0.083904,19798.406,316.775,nan,nan,10583177.5,3559,none
omp,3,1000,30,8,static,false,0,2,13.890017,2146.891,34.350,nan,nan,249276035.6,1949,none
omp,2,96,2000,16,dynamic,spread,0,3,0.683767,2429.437,38.871,nan,nan,10583177.5,2646,none
omp,3,256,100,1,dynamic,spread,0,3,1.374865,1191.904,19.070,nan,nan,26040196.52,2137,none
omp,1,96,2000,8,static,spread,0,7,0.117985,14079.529,225.272,nan,nan,10583177.5,2578,none
omp,3,96,2000,2,dynamic,close,0,6,0.953873,1741.499,27.864,nan,nan,10583177.5,2097,none
omp,2,1000,30,48,dynamic,close,0,12,10.637620,2803.293,44.853,nan,nan,249276035.6,2785,none
omp,1,96,2000,48,static,spread,0,4,0.076359,21754.672,348.075,nan,nan,10583177.5,3484,none
omp,1,1000,30,16,static,spread,0,6,16.142596,1847.309,29.557,nan,nan,249276035.6,2212,none
omp,1,1000,30,24,static,spread,0,3,14.896603,2001.823,32.029,nan,nan,249276035.6,2293,none
omp,1,96,2000,1,dynamic,false,1,13,0.699903,2373.426,37.975,nan,nan,10583177.5,2103,none
omp,3,96,2000,48,static,false,1,15,0.583417,2847.309,45.557,nan,nan,10583177.5,3774,none
omp,1,256,100,8,static,close,1,10,0.694171,2360.667,37.771,nan,nan,26040196.52,2641,none
omp,2,1000,30,48,dynamic,spread,0,5,10.631074,2805.019,44.880,nan,nan,249276035.6,2558,none
omp,2,96,2000,4,static,close,0,15,0.184706,8993.582,143.897,nan,nan,10583177.5,3366,none
omp,1,96,2000,2,static,false,1,4,0.376085,4416.998,70.672,nan,nan,10583177.5,3011,none
omp,1,256,100,1,static,false,1,9,1.268131,1292.221,20.676,nan,nan,26040196.52,2038,none
omp,3,256,100,24,dynamic,false,0,15,0.855710,1915.025,30.640,nan,nan,26040196.52,2264,none
omp,2,96,2000,24,dynamic,false,1,15,0.676544,2455.374,39.286,nan,nan,10583177.5,2712,none
omp,1,1000,30,2,static,false,1,10,16.295081,1830.022,29.280,nan,nan,249276035.6,1955,none
omp,3,1000,30,1,dynamic,false,0,15,26.214096,1137.570,18.201,nan,nan,249276035.6,2010,none
omp,1,1000,30,12,static,close,1,3,16.799376,1775.087,28.401,nan,nan,249276035.6,1984,none
omp,1,256,100,6,dynamic,spread,0,11,0.929487,1763.022,28.208,nan,nan,26040196.52,1900,none
omp,2,256,100,48,dynamic,close,0,1,0.740630,2212.584,35.401,nan,nan,26040196.52,2964,none
omp,2,96,2000,6,dynamic,false,0,6,0.842903,1970.770,31.532,nan,nan,10583177.5,2145,none
omp,1,1000,30,48,dynamic,false,1,6,10.563403,2822.988,45.168,nan,nan,249276035.6,2306,none
omp,3,96,2000,12,static,spread,1,12,0.087209,19048.110,304.770,nan,nan,10583177.5,3328,none
omp,1,96,2000,16,static,false,0,15,0.218910,7588.352,121.414,nan,nan,10583177.5,3578,none
omp,2,256,100,24,dynamic,close,0,6,0.608030,2695.107,43.122,nan,nan,26040196.52,2856,none
omp,1,1000,30,6,dynamic,false,0,1,12.698799,2348.282,37.573,nan,nan,249276035.6,2141,none
omp,1,96,2000,48,dynamic,false,0,6,0.854274,1944.538,31.113,nan,nan,10583177.5,3050,none
omp,3,1000,30,6,static,spread,0,6,13.970654,2134.500,34.152,nan,nan,249276035.6,2004,none
omp,2,1000,30,6,static,spread,0,9,14.011186,2128.325,34.053,nan,nan,249276035.6,2011,none
omp,1,256,100,16,static,false,0,9,0.532117,3079.596,49.274,nan,nan,26040196.52,1894,none
omp,1,96,2000,6,static,false,1,13,0.175813,9448.472,151.176,nan,nan,10583177.5,2385,none
omp,3,96,2000,8,static,spread,1,14,0.118171,14057.366,224.918,nan,nan,10583177.5,2549,none
omp,1,96,2000,8,static,close,0,3,0.112082,14821.069,237.137,nan,nan,10583177.5,2442,none
omp,3,96,2000,24,dynamic,spread,0,2,0.979467,1695.992,27.136,nan,nan,10583177.5,3020,none
omp,3,256,100,24,dynamic,spread,1,1,0.907587,1805.564,28.889,nan,nan,26040196.52,2641,none
omp,2,96,2000,2,dynamic,false,0,7,1.173134,1416.009,22.656,nan,nan,10583177.5,2251,none
omp,1,1000,30,2,dynamic,close,1,4,16.710440,1784.535,28.553,nan,nan,249276035.6,1975,none
omp,3,96,2000,4,static,false,1,8,0.223194,7442.717,119.083,nan,nan,10583177.5,2005,none
omp,2,1000,30,6,static,spread,0,8,13.998326,2130.280,34.084,nan,nan,249276035.6,2185,none
omp,2,1000,30,24,dynamic,close,0,4,10.434656,2857.819,45.725,nan,nan,249276035.6,2480,none
omp,1,256,100,1,static,spread,0,12,1.317726,1243.587,19.897,nan,nan,26040196.52,1990,none
omp,2,96,2000,48,static,false,1,12,0.532568,3119.165,49.907,nan,nan,10583177.5,3355,none
omp,3,1000,30,24,dynamic,close,0,8,15.089036,1976.293,31.621,nan,nan,249276035.6,2301,none
omp,3,256,100,6,static,false,1,15,0.475483,3446.406,55.142,nan,nan,26040196.52,2070,none
omp,1,1000,30,2,static,spread,0,7,16.112446,1850.766,29.612,nan,nan,249276035.6,2118,none
omp,1,96,2000,2,dynamic,false,1,13,1.143546,1452.647,23.242,nan,nan,10583177.5,1966,none
omp,3,96,2000,48,dynamic,false,0,8,0.907881,1829.721,29.276,nan,nan,10583177.5,2700,none
omp,3,96,2000,6,static,close,0,2,0.127156,13064.036,209.025,nan,nan,10583177.5,3329,none
omp,3,96,2000,4,static,close,0,1,0.194275,8550.591,136.809,nan,nan,10583177.5,2863,none
omp,2,1000,30,1,dynamic,close,0,12,25.896655,1151.514,18.424,nan,nan,249276035.6,1963,none
omp,3,96,2000,12,dynamic,close,0,11,0.930764,1784.736,28.556,nan,nan,10583177.5,2556,none
omp,2,1000,30,4,static,spread,1,11,13.486344,2211.152,35.378,nan,nan,249276035.6,1867,none
omp,2,1000,30,2,static,close,1,9,22.953254,1299.178,20.787,1724.060,nan,249276035.6,2128,perf-pkg
omp,1,1000,30,48,dynamic,false,0,11,10.619950,2807.957,44.927,nan,nan,249276035.6,2684,none
omp,3,96,2000,1,static,spread,1,14,0.729903,2275.875,36.414,nan,nan,10583177.5,2032,none
omp,2,1000,30,24,static,false,1,2,15.201390,1961.686,31.387,nan,nan,249276035.6,2313,none
omp,1,96,2000,4,dynamic,spread,0,13,1.163181,1428.125,22.850,nan,nan,10583177.5,2350,none
omp,1,96,2000,4,dynamic,spread,1,7,1.118815,1484.757,23.756,nan,nan,10583177.5,2225,none
omp,3,1000,30,48,static,false,1,1,15.532831,1919.828,30.717,nan,nan,249276035.6,2733,none
omp,2,1000,30,1,dynamic,close,0,13,26.105893,1142.285,18.277,nan,nan,249276035.6,1900,none
omp,2,256,100,8,dynamic,spread,0,12,0.927145,1767.476,28.280,nan,nan,26040196.52,1993,none
omp,2,256,100,12,static,close,0,3,0.576423,2842.886,45.486,nan,nan,26040196.52,2615,none
omp,3,96,2000,12,dynamic,spread,1,2,1.073533,1547.384,24.758,nan,nan,10583177.5,2309,none
omp,2,256,100,4,dynamic,spread,0,3,1.187470,1379.999,22.080,nan,nan,26040196.52,2184,none
omp,1,1000,30,12,dynamic,close,0,3,11.600869,2570.528,41.128,nan,nan,249276035.6,1880,none
omp,3,256,100,12,dynamic,false,1,10,0.976146,1678.752,26.860,nan,nan,26040196.52,2415,none
omp,2,96,2000,8,static,close,1,4,0.111367,14916.154,238.658,106.440,nan,10583177.5,2501,perf-pkg
omp,3,1000,30,6,static,false,1,9,14.310563,2083.801,33.341,nan,nan,249276035.6,2058,none
omp,1,256,100,24,dynamic,spread,1,3,0.606089,2703.737,43.260,nan,nan,26040196.52,2689,none
omp,2,96,2000,48,dynamic,close,0,1,0.622877,2666.930,42.671,nan,nan,10583177.5,3637,none
omp,2,256,100,8,dynamic,close,1,5,0.633337,2587.414,41.399,nan,nan,26040196.52,2927,none
omp,1,256,100,12,dynamic,spread,0,11,0.680728,2407.284,38.517,nan,nan,26040196.52,2967,none
omp,2,256,100,8,dynamic,false,0,12,0.936024,1750.710,28.011,nan,nan,26040196.52,2292,none
omp,2,1000,30,16,dynamic,spread,1,3,10.850879,2748.198,43.971,nan,nan,249276035.6,1972,none
omp,2,256,100,12,static,spread,0,11,0.511388,3204.430,51.271,nan,nan,26040196.52,2046,none
omp,3,1000,30,6,static,close,0,13,25.231565,1181.867,18.910,nan,nan,249276035.6,2222,none
omp,3,1000,30,48,static,close,1,3,15.516992,1921.787,30.749,nan,nan,249276035.6,2668,none
omp,3,1000,30,2,static,spread,1,13,16.329666,1826.146,29.218,nan,nan,249276035.6,2093,none
omp,3,256,100,6,dynamic,spread,1,4,1.391220,1177.891,18.846,nan,nan,26040196.52,2227,none
omp,3,1000,30,4,static,close,1,8,24.124937,1236.080,19.777,nan,nan,249276035.6,2197,none
omp,2,1000,30,6,static,false,0,11,13.923319,2141.757,34.268,nan,nan,249276035.6,2005,none
omp,3,96,2000,12,static,spread,0,4,0.089221,18618.642,297.898,nan,nan,10583177.5,2551,none
omp,1,96,2000,1,dynamic,spread,0,13,0.701037,2369.588,37.913,nan,nan,10583177.5,2240,none
omp,3,1000,30,2,dynamic,spread,1,3,24.539438,1215.201,19.443,nan,nan,249276035.6,1983,none
omp,3,1000,30,2,dynamic,false,1,7,24.597602,1212.328,19.397,nan,nan,249276035.6,2120,none
omp,2,1000,30,24,dynamic,spread,0,11,10.504620,2838.785,45.421,nan,nan,249276035.6,2465,none
omp,1,1000,30,8,static,close,1,6,20.911073,1426.056,22.817,nan,nan,249276035.6,2102,none
omp,1,1000,30,48,dynamic,false,0,4,10.552203,2825.984,45.216,nan,nan,249276035.6,2510,none
omp,3,256,100,4,static,close,0,10,0.783815,2090.679,33.451,nan,nan,26040196.52,2083,none
omp,1,96,2000,1,static,false,0,2,0.693806,2394.283,38.309,nan,nan,10583177.5,2131,none
omp,2,256,100,6,dynamic,close,1,9,0.794168,2063.426,33.015,nan,nan,26040196.52,2202,none
omp,3,1000,30,8,static,false,1,2,14.466076,2061.399,32.982,nan,nan,249276035.6,2093,none
omp,2,96,2000,4,static,false,1,5,0.216134,7685.817,122.973,nan,nan,10583177.5,2204,none
omp,2,1000,30,8,dynamic,false,1,1,12.144253,2455.512,39.288,nan,nan,249276035.6,2118,none
omp,2,96,2000,1,dynamic,spread,0,14,0.698428,2378.437,38.055,nan,nan,10583177.5,2161,none
omp,2,1000,30,48,static,false,0,2,15.368842,1940.313,31.045,nan,nan,249276035.6,3016,none
omp,3,1000,30,12,static,false,0,10,14.252824,2092.242,33.476,nan,nan,249276035.6,2152,none
omp,2,256,100,48,static,close,0,3,0.676112,2423.720,38.780,nan,nan,26040196.52,3530,none
omp,2,1000,30,2,dynamic,close,0,8,16.499424,1807.358,28.918,nan,nan,249276035.6,2032,none
omp,3,256,100,2,static,false,1,2,0.716979,2285.572,36.569,nan,nan,26040196.52,2114,none
omp,2,1000,30,16,dynamic,false,0,8,10.703274,2786.097,44.578,nan,nan,249276035.6,2039,none
omp,2,1000,30,16,static,spread,0,8,16.128591,1848.913,29.583,nan,nan,249276035.6,2041,none
omp,2,1000,30,2,dynamic,spread,1,12,17.484104,1705.570,27.289,nan,nan,249276035.6,1909,none
omp,1,256,100,8,dynamic,spread,1,2,0.933038,1756.312,28.101,nan,nan,26040196.52,1981,none
omp,1,256,100,24,dynamic,spread,0,2,0.597261,2743.704,43.899,nan,nan,26040196.52,2522,none
omp,1,256,100,12,dynamic,false,0,5,0.718653,2280.248,36.484,nan,nan,26040196.52,2375,none
omp,1,96,2000,12,static,spread,0,5,0.089065,18651.268,298.420,nan,nan,10583177.5,2728,none
omp,3,96,2000,24,dynamic,spread,1,13,0.929881,1786.431,28.583,nan,nan,10583177.5,2968,none
omp,2,256,100,6,dynamic,spread,0,5,0.918964,1783.212,28.531,nan,nan,26040196.52,2622,none
omp,2,1000,30,6,dynamic,close,1,6,16.780973,1777.034,28.433,nan,nan,249276035.6,2116,none
omp,3,1000,30,24,dynamic,spread,0,5,15.133181,1970.528,31.528,nan,nan,249276035.6,2538,none
omp,3,96,2000,12,static,close,1,3,0.083580,19875.167,318.003,nan,nan,10583177.5,2514,none
omp,2,256,100,24,static,spread,0,4,0.535870,3058.029,48.928,nan,nan,26040196.52,2662,none
omp,2,96,2000,6,dynamic,spread,1,8,0.845923,1963.733,31.420,nan,nan,10583177.5,2803,none
omp,2,256,100,1,dynamic,false,1,11,1.193612,1372.897,21.966,nan,nan,26040196.52,2480,none
omp,2,1000,30,48,dynamic,close,0,5,10.597053,2814.024,45.024,nan,nan,249276035.6,2978,none
omp,3,1000,30,16,dynamic,close,1,5,15.742113,1894.305,30.309,nan,nan,249276035.6,2296,none
omp,1,96,2000,8,dynamic,close,1,6,0.627207,2648.516,42.376,nan,nan,10583177.5,2312,none
omp,3,256,100,48,dynamic,spread,0,14,0.939809,1743.658,27.899,nan,nan,26040196.52,2990,none
omp,2,256,100,24,dynamic,close,0,3,0.614309,2667.563,42.681,nan,nan,26040196.52,3146,none
omp,3,96,2000,48,static,false,1,14,0.532320,3120.617,49.930,nan,nan,10583177.5,3233,none
omp,3,256,100,24,dynamic,false,0,2,0.925251,1771.093,28.337,nan,nan,26040196.52,2867,none
omp,3,96,2000,2,static,false,0,9,0.391484,4243.263,67.892,nan,nan,10583177.5,2652,none
omp,1,256,100,24,static,spread,1,5,0.536528,3054.279,48.868,nan,nan,26040196.52,2677,none
omp,3,96,2000,16,dynamic,spread,0,1,1.033351,1607.554,25.721,nan,nan,10583177.5,2779,none
omp,2,256,100,4,static,false,1,11,0.543113,3017.246,48.276,nan,nan,26040196.52,2546,none
omp,1,256,100,8,static,spread,0,11,0.508443,3222.989,51.568,nan,nan,26040196.52,2447,none
omp,2,1000,30,8,dynamic,false,1,5,12.144999,2455.361,39.286,nan,nan,249276035.6,2079,none
omp,1,1000,30,4,dynamic,close,1,15,16.217468,1838.780,29.420,nan,nan,249276035.6,1991,none
omp,2,1000,30,12,static,spread,0,15,14.318328,2082.670,33.323,nan,nan,249276035.6,2021,none
omp,3,96,2000,1,static,false,0,15,0.728264,2280.996,36.496,nan,nan,10583177.5,2158,none
omp,3,256,100,12,static,close,1,14,0.574728,2851.273,45.620,nan,nan,26040196.52,2202,none
omp,3,96,2000,4,static,spread,0,7,0.226339,7339.294,117.429,nan,nan,10583177.5,2253,none
omp,3,256,100,4,dynamic,close,1,12,0.939916,1743.460,27.895,nan,nan,26040196.52,2399,none
omp,2,96,2000,2,dynamic,close,0,12,0.430893,3855.177,61.683,nan,nan,10583177.5,2027,none
omp,3,1000,30,16,dynamic,spread,0,15,15.483568,1925.936,30.815,nan,nan,249276035.6,2162,none
omp,1,1000,30,8,dynamic,false,1,10,12.136129,2457.156,39.314,nan,nan,249276035.6,2024,none
omp,2,256,100,48,static,false,1,1,0.697898,2348.060,37.569,nan,nan,26040196.52,2815,none
omp,2,256,100,48,static,false,1,8,0.584851,2801.923,44.831,nan,nan,26040196.52,3148,none
omp,3,256,100,1,static,false,0,1,1.321422,1240.108,19.842,nan,nan,26040196.52,2036,none
omp,3,256,100,6,static,spread,1,9,0.475444,3446.688,55.147,nan,nan,26040196.52,2141,none
omp,3,96,2000,48,dynamic,spread,0,13,0.886985,1872.825,29.965,nan,nan,10583177.5,2641,none
omp,1,1000,30,12,static,close,0,10,16.865298,1768.149,28.290,nan,nan,249276035.6,2320,none
omp,2,1000,30,8,dynamic,false,0,13,11.694687,2549.907,40.799,nan,nan,249276035.6,1965,none
omp,2,1000,30,6,dynamic,close,0,14,16.513396,1805.828,28.893,nan,nan,249276035.6,2117,none
omp,3,256,100,2,static,spread,0,3,0.761700,2151.382,34.422,nan,nan,26040196.52,1990,none
omp,1,256,100,24,dynamic,false,0,6,0.608751,2691.918,43.071,nan,nan,26040196.52,2217,none
omp,3,1000,30,2,static,spread,1,11,16.334676,1825.586,29.209,nan,nan,249276035.6,1982,none
omp,3,1000,30,4,dynamic,close,1,1,17.926618,1663.468,26.615,nan,nan,249276035.6,1996,none
omp,1,96,2000,16,static,close,0,13,0.074482,22303.052,356.849,nan,nan,10583177.5,2661,none
omp,1,1000,30,8,static,spread,0,9,13.916103,2142.867,34.286,nan,nan,249276035.6,1936,none
omp,2,1000,30,1,dynamic,false,0,5,25.862864,1153.018,18.448,nan,nan,249276035.6,1883,none
omp,2,96,2000,24,static,false,1,2,0.312824,5310.229,84.964,nan,nan,10583177.5,2269,none
omp,2,1000,30,1,static,close,1,13,25.831229,1154.431,18.471,2120.810,nan,249276035.6,2227,perf-pkg
omp,1,256,100,1,dynamic,false,1,13,1.243069,1318.275,21.092,nan,nan,26040196.52,1986,none
omp,1,96,2000,1,dynamic,close,0,7,0.706265,2352.048,37.633,nan,nan,10583177.5,2187,none
omp,1,96,2000,24,dynamic,close,0,8,0.665197,2497.256,39.956,nan,nan,10583177.5,2592,none
omp,1,1000,30,8,dynamic,spread,1,9,12.139097,2456.555,39.305,nan,nan,249276035.6,1968,none
omp,3,1000,30,12,static,close,0,15,16.869760,1767.681,28.283,nan,nan,249276035.6,2039,none
omp,1,256,100,24,static,spread,0,7,0.534407,3066.399,49.062,nan,nan,26040196.52,2440,none
omp,1,96,2000,6,dynamic,close,1,8,0.187471,8860.928,141.775,nan,nan,10583177.5,2946,none
omp,1,256,100,1,static,close,1,11,1.167836,1403.199,22.451,nan,nan,26040196.52,2190,none
omp,2,96,2000,24,static,close,1,4,0.066044,25152.519,402.440,123.100,nan,10583177.5,2963,perf-pkg
omp,1,1000,30,2,dynamic,spread,1,6,17.517188,1702.349,27.238,nan,nan,249276035.6,1919,none
omp,3,1000,30,12,static,spread,1,2,14.603947,2041.938,32.671,nan,nan,249276035.6,2032,none
omp,1,96,2000,1,static,spread,1,5,0.699046,2376.337,38.021,nan,nan,10583177.5,2149,none
omp,3,1000,30,6,static,false,1,1,14.347410,2078.449,33.255,nan,nan,249276035.6,2031,none
omp,1,256,100,2,static,close,1,4,0.860007,1905.456,30.487,nan,nan,26040196.52,2154,none
omp,1,256,100,4,static,false,0,4,0.556790,2943.131,47.090,nan,nan,26040196.52,2111,none
omp,1,256,100,12,static,false,1,4,0.526548,3112.172,49.795,nan,nan,26040196.52,2204,none
omp,1,1000,30,6,dynamic,false,1,10,13.311647,2240.171,35.843,nan,nan,249276035.6,2038,none
omp,1,256,100,48,dynamic,close,0,1,0.625212,2621.042,41.937,nan,nan,26040196.52,3149,none
omp,2,96,2000,6,dynamic,spread,1,13,0.849124,1956.332,31.301,nan,nan,10583177.5,2856,none
omp,3,1000,30,12,dynamic,spread,1,6,16.902425,1764.265,28.228,nan,nan,249276035.6,1993,none
omp,3,256,100,6,static,close,1,9,0.823807,1989.188,31.827,nan,nan,26040196.52,2218,none
omp,2,256,100,4,dynamic,false,0,8,1.212643,1351.351,21.622,nan,nan,26040196.52,2127,none
omp,1,96,2000,2,static,false,1,8,0.370260,4486.487,71.784,nan,nan,10583177.5,2154,none
omp,2,96,2000,8,dynamic,false,0,11,0.783065,2121.368,33.942,nan,nan,10583177.5,2354,none
omp,3,256,100,24,dynamic,close,0,14,0.901142,1818.477,29.096,nan,nan,26040196.52,2923,none
omp,1,256,100,16,static,false,1,1,0.541173,3028.065,48.449,nan,nan,26040196.52,2277,none
omp,3,256,100,4,static,close,1,7,0.786126,2084.534,33.353,nan,nan,26040196.52,2250,none
omp,1,1000,30,24,dynamic,false,0,14,10.459689,2850.979,45.616,nan,nan,249276035.6,2117,none
omp,1,256,100,24,dynamic,spread,1,14,0.608025,2695.129,43.122,nan,nan,26040196.52,2789,none
omp,1,1000,30,48,static,spread,0,4,15.373666,1939.704,31.035,nan,nan,249276035.6,2708,none
omp,2,96,2000,4,static,close,1,14,0.180008,9228.280,147.652,120.210,nan,10583177.5,2317,perf-pkg
omp,2,1000,30,8,dynamic,close,0,15,11.908762,2504.069,40.065,nan,nan,249276035.6,1922,none
omp,3,96,2000,8,static,false,0,12,0.165295,10049.690,160.795,nan,nan,10583177.5,2404,none
omp,3,256,100,4,static,spread,0,9,0.549019,2984.788,47.757,nan,nan,26040196.52,2418,none
omp,1,96,2000,6,dynamic,false,1,7,0.834329,1991.024,31.856,nan,nan,10583177.5,2424,none
omp,3,256,100,4,dynamic,close,0,8,0.962086,1703.285,27.253,nan,nan,26040196.52,1979,none
omp,1,1000,30,2,dynamic,false,1,7,17.548229,1699.337,27.189,nan,nan,249276035.6,2002,none
omp,1,96,2000,16,static,spread,0,9,0.079898,20791.069,332.657,nan,nan,10583177.5,2764,none
omp,3,96,2000,48,static,spread,1,5,0.066020,25161.684,402.587,nan,nan,10583177.5,2907,none
omp,2,1000,30,1,dynamic,close,1,9,25.915071,1150.696,18.411,nan,nan,249276035.6,1984,none
omp,1,256,100,4,dynamic,false,0,15,1.191048,1375.853,22.014,nan,nan,26040196.52,1936,none
omp,3,96,2000,24,static,false,1,15,0.309827,5361.591,85.785,nan,nan,10583177.5,2386,none
omp,2,96,2000,8,dynamic,spread,0,2,0.880158,1887.352,30.198,nan,nan,10583177.5,2545,none
omp,1,96,2000,4,dynamic,false,0,15,1.095292,1516.644,24.266,nan,nan,10583177.5,2076,none
omp,3,96,2000,8,dynamic,close,0,8,1.151751,1442.297,23.077,nan,nan,10583177.5,2284,none
omp,2,256,100,12,dynamic,spread,1,5,0.691902,2368.408,37.895,nan,nan,26040196.52,2279,none
omp,1,1000,30,8,static,spread,1,15,14.442547,2064.758,33.036,nan,nan,249276035.6,1995,none
omp,2,96,2000,1,dynamic,close,1,2,0.700053,2372.917,37.967,nan,nan,10583177.5,2042,none
omp,1,256,100,16,dynamic,spread,1,15,0.664086,2467.610,39.482,nan,nan,26040196.52,2400,none
omp,3,96,2000,48,static,spread,0,14,0.072531,22902.819,366.445,nan,nan,10583177.5,3169,none
omp,3,256,100,4,static,close,0,7,0.789370,2075.968,33.215,nan,nan,26040196.52,2544,none
omp,3,96,2000,4,static,close,1,15,0.186044,8928.919,142.863,nan,nan,10583177.5,2650,none
omp,3,96,2000,48,static,false,1,10,0.753196,2205.491,35.288,nan,nan,10583177.5,3109,none
omp,1,96,2000,4,static,spread,0,15,0.216643,7667.782,122.685,nan,nan,10583177.5,3356,none
omp,1,96,2000,2,dynamic,false,0,15,1.195186,1389.882,22.238,nan,nan,10583177.5,2091,none
omp,1,1000,30,6,dynamic,false,1,2,13.299073,2242.289,35.877,nan,nan,249276035.6,2096,none
omp,3,96,2000,8,dynamic,close,1,2,1.131956,1467.519,23.480,nan,nan,10583177.5,1929,none
omp,2,1000,30,16,static,spread,0,4,16.131599,1848.568,29.577,nan,nan,249276035.6,2601,none
omp,3,256,100,12,dynamic,close,0,2,0.801058,2045.677,32.731,nan,nan,26040196.52,2756,none
omp,2,256,100,4,dynamic,spread,0,12,1.213127,1350.812,21.613,nan,nan,26040196.52,1977,none
omp,1,1000,30,12,dynamic,false,0,7,10.886271,2739.263,43.828,nan,nan,249276035.6,2046,none
omp,3,96,2000,2,dynamic,spread,0,2,2.796261,594.068,9.505,nan,nan,10583177.5,1971,none
omp,3,96,2000,4,dynamic,false,1,15,2.281500,728.103,11.650,nan,nan,10583177.5,2079,none
omp,3,96,2000,6,dynamic,close,0,2,0.521095,3187.841,51.005,nan,nan,10583177.5,2102,none
omp,2,96,2000,24,static,false,0,7,0.317755,5227.826,83.645,nan,nan,10583177.5,2377,none
omp,2,96,2000,8,dynamic,false,1,6,0.780679,2127.850,34.046,nan,nan,10583177.5,2548,none
omp,1,96,2000,8,dynamic,spread,1,15,0.778907,2132.692,34.123,nan,nan,10583177.5,2019,none
omp,3,256,100,1,static,false,1,4,1.253544,1307.258,20.916,nan,nan,26040196.52,2084,none
omp,2,1000,30,4,static,false,1,11,13.508229,2207.570,35.321,nan,nan,249276035.6,2051,none
omp,2,96,2000,1,dynamic,false,1,14,0.700253,2372.238,37.956,nan,nan,10583177.5,1982,none
omp,3,256,100,4,dynamic,close,0,13,0.941758,1740.050,27.841,nan,nan,26040196.52,2008,none
omp,2,256,100,24,dynamic,close,0,8,0.598105,2739.829,43.837,nan,nan,26040196.52,2258,none
omp,1,96,2000,24,dynamic,close,1,2,0.664371,2500.361,40.006,nan,nan,10583177.5,2991,none
omp,1,96,2000,6,static,false,1,9,0.173326,9584.074,153.345,nan,nan,10583177.5,2942,none
omp,2,96,2000,24,dynamic,close,1,5,0.706712,2350.557,37.609,nan,nan,10583177.5,2929,none
omp,3,256,100,16,dynamic,close,1,12,0.850426,1926.924,30.831,nan,nan,26040196.52,3051,none
omp,1,1000,30,1,static,spread,0,1,27.313016,1091.800,17.469,nan,nan,249276035.6,1940,none
omp,2,256,100,8,static,false,1,10,0.516591,3172.156,50.754,nan,nan,26040196.52,2096,none
omp,1,256,100,12,dynamic,spread,0,14,0.692618,2365.961,37.855,nan,nan,26040196.52,2007,none
omp,3,96,2000,8,dynamic,false,1,1,1.431745,1160.240,18.564,nan,nan,10583177.5,2269,none
omp,1,256,100,16,dynamic,spread,0,7,0.635530,2578.487,41.256,nan,nan,26040196.52,2215,none
omp,3,1000,30,12,dynamic,close,0,4,13.562944,2198.664,35.179,nan,nan,249276035.6,1909,none
omp,1,96,2000,48,static,false,1,9,0.574714,2890.428,46.247,nan,nan,10583177.5,3440,none
omp,2,256,100,4,static,spread,1,7,0.552283,2967.150,47.474,nan,nan,26040196.52,2733,none
omp,2,256,100,1,dynamic,close,0,5,1.286691,1273.582,20.377,nan,nan,26040196.52,2028,none
omp,1,256,100,24,dynamic,close,1,10,0.606768,2700.714,43.211,nan,nan,26040196.52,2561,none
omp,1,96,2000,12,dynamic,false,1,15,0.721720,2301.680,36.827,nan,nan,10583177.5,2565,none
omp,2,256,100,2,static,false,1,12,0.771789,2123.258,33.972,nan,nan,26040196.52,2533,none
omp,1,1000,30,4,dynamic,close,1,3,16.238519,1836.397,29.382,nan,nan,249276035.6,2078,none
omp,1,96,2000,48,dynamic,false,1,2,0.666486,2492.428,39.879,nan,nan,10583177.5,3559,none
omp,1,256,100,24,static,false,1,8,0.560710,2922.553,46.761,nan,nan,26040196.52,2980,none
omp,3,256,100,48,static,close,0,5,0.643455,2546.732,40.748,nan,nan,26040196.52,3366,none
omp,3,96,2000,4,static,false,1,4,0.225691,7360.359,117.766,nan,nan,10583177.5,3140,none
omp,1,96,2000,48,dynamic,spread,1,4,0.595181,2791.031,44.656,nan,nan,10583177.5,3317,none
omp,1,96,2000,4,static,spread,0,12,0.219419,7570.769,121.132,nan,nan,10583177.5,3367,none
omp,1,1000,30,2,static,false,1,11,16.270899,1832.742,29.324,nan,nan,249276035.6,1976,none
omp,1,1000,30,8,static,false,0,6,13.948250,2137.928,34.207,nan,nan,249276035.6,1873,none
omp,1,1000,30,48,static,false,0,10,15.336276,1944.433,31.111,nan,nan,249276035.6,2717,none
omp,2,1000,30,16,dynamic,spread,0,13,10.680322,2792.084,44.673,nan,nan,249276035.6,2030,none
omp,3,256,100,6,static,close,1,8,0.819462,1999.735,31.996,nan,nan,26040196.52,2281,none
omp,1,1000,30,24,static,close,0,2,14.929859,1997.364,31.958,nan,nan,249276035.6,2290,none
omp,3,256,100,2,dynamic,spread,1,12,2.048392,799.997,12.800,nan,nan,26040196.52,1918,none
omp,1,96,2000,16,dynamic,close,1,9,0.620134,2678.724,42.860,nan,nan,10583177.5,2916,none
omp,3,96,2000,6,dynamic,close,0,10,0.521196,3187.223,50.996,nan,nan,10583177.5,2333,none
omp,3,256,100,1,static,false,0,10,1.294520,1265.880,20.254,nan,nan,26040196.52,1979,none
omp,1,96,2000,2,dynamic,false,1,3,1.131159,1468.553,23.497,nan,nan,10583177.5,1998,none
omp,1,1000,30,16,dynamic,false,1,10,10.754691,2772.777,44.364,nan,nan,249276035.6,2095,none
omp,2,1000,30,2,static,close,1,15,22.966785,1298.412,20.775,1722.200,nan,249276035.6,2044,perf-pkg
omp,1,1000,30,24,static,spread,1,1,15.205666,1961.135,31.378,nan,nan,249276035.6,2280,none
omp,1,256,100,12,static,close,1,11,0.576050,2844.728,45.516,nan,nan,26040196.52,2568,none
omp,1,96,2000,16,dynamic,close,0,7,0.633624,2621.692,41.947,nan,nan,10583177.5,3068,none
omp,1,1000,30,24,static,close,0,5,14.879497,2004.124,32.066,nan,nan,249276035.6,2358,none
omp,3,96,2000,8,dynamic,false,1,3,1.424669,1166.003,18.656,nan,nan,10583177.5,2726,none
omp,1,96,2000,24,dynamic,spread,0,3,0.654975,2536.233,40.580,nan,nan,10583177.5,2806,none
omp,3,1000,30,2,static,close,0,13,22.760872,1310.159,20.963,nan,nan,249276035.6,1988,none
omp,3,96,2000,48,static,close,0,14,0.066510,24976.290,399.621,nan,nan,10583177.5,3069,none
omp,2,1000,30,24,dynamic,spread,0,5,10.487948,2843.298,45.493,nan,nan,249276035.6,2353,none
omp,3,1000,30,48,static,close,1,7,15.519758,1921.445,30.743,nan,nan,249276035.6,2509,none
omp,3,96,2000,24,dynamic,spread,0,15,1.255641,1322.964,21.167,nan,nan,10583177.5,3271,none
omp,2,96,2000,12,dynamic,false,0,8,0.730645,2273.564,36.377,nan,nan,10583177.5,3014,none
omp,3,1000,30,8,static,spread,1,2,14.449716,2063.733,33.020,nan,nan,249276035.6,2105,none
omp,3,1000,30,1,dynamic,spread,0,8,26.774297,1113.768,17.820,nan,nan,249276035.6,1955,none
omp,2,96,2000,6,static,spread,0,8,0.161189,10305.700,164.891,nan,nan,10583177.5,2199,none
omp,3,1000,30,16,static,spread,0,1,16.155623,1845.819,29.533,nan,nan,249276035.6,2044,none
omp,2,256,100,1,dynamic,spread,0,5,1.274125,1286.143,20.578,nan,nan,26040196.52,1972,none
omp,1,256,100,6,static,close,1,9,0.822871,1991.449,31.863,nan,nan,26040196.52,2208,none
omp,3,1000,30,2,dynamic,close,0,2,19.907753,1497.927,23.967,nan,nan,249276035.6,1934,none
omp,2,256,100,8,static,close,1,8,0.694453,2359.710,37.755,129.340,nan,26040196.52,2381,perf-pkg
omp,1,96,2000,2,static,spread,0,15,0.376437,4412.873,70.606,nan,nan,10583177.5,2340,none
omp,1,256,100,4,dynamic,spread,1,12,1.196891,1369.136,21.906,nan,nan,26040196.52,2346,none
omp,3,1000,30,48,static,spread,1,14,15.519960,1921.420,30.743,nan,nan,249276035.6,2710,none
omp,2,96,2000,4,static,close,1,13,0.180558,9200.174,147.203,116.360,nan,10583177.5,2937,perf-pkg
omp,1,96,2000,24,static,spread,1,10,0.068302,24320.982,389.136,nan,nan,10583177.5,3474,none
omp,1,96,2000,12,dynamic,close,0,9,0.622635,2667.964,42.687,nan,nan,10583177.5,2905,none
omp,1,1000,30,16,dynamic,close,0,11,10.413505,2863.624,45.818,nan,nan,249276035.6,2302,none
omp,1,96,2000,48,static,false,1,5,0.536487,3096.381,49.542,nan,nan,10583177.5,3264,none
omp,3,256,100,6,dynamic,close,0,2,0.813875,2013.461,32.215,nan,nan,26040196.52,2934,none
omp,2,256,100,2,dynamic,close,0,7,0.883943,1853.860,29.662,nan,nan,26040196.52,2870,none
omp,3,1000,30,1,static,false,1,11,25.837484,1154.151,18.466,nan,nan,249276035.6,1997,none
omp,2,256,100,48,static,false,0,7,0.600070,2730.859,43.694,nan,nan,26040196.52,3401,none
omp,3,256,100,24,dynamic,false,0,10,0.842561,1944.911,31.119,nan,nan,26040196.52,2901,none
omp,2,1000,30,6,static,close,0,3,25.201244,1183.289,18.933,nan,nan,249276035.6,1921,none
omp,2,1000,30,4,dynamic,false,0,7,14.558411,2048.325,32.773,nan,nan,249276035.6,1932,none
omp,1,96,2000,4,static,close,0,15,0.182131,9120.717,145.931,nan,nan,10583177.5,2057,none
omp,1,256,100,24,dynamic,spread,0,8,0.607774,2696.244,43.140,nan,nan,26040196.52,2535,none
omp,2,1000,30,48,dynamic,spread,1,9,10.588723,2816.237,45.060,nan,nan,249276035.6,3061,none
omp,1,96,2000,1,static,false,0,4,0.697686,2380.968,38.095,nan,nan,10583177.5,3206,none
omp,2,1000,30,6,static,close,1,3,25.259805,1180.546,18.889,1712.970,nan,249276035.6,2258,perf-pkg
omp,2,1000,30,8,static,close,0,13,20.838116,1431.049,22.897,nan,nan,249276035.6,2113,none
omp,1,256,100,12,dynamic,spread,0,2,0.798033,2053.432,32.855,nan,nan,26040196.52,2381,none
omp,1,96,2000,2,static,close,0,9,0.355699,4670.149,74.722,nan,nan,10583177.5,2498,none
omp,2,1000,30,12,dynamic,false,0,9,10.906121,2734.277,43.748,nan,nan,249276035.6,2086,none
omp,1,1000,30,16,dynamic,false,0,6,10.653034,2799.236,44.788,nan,nan,249276035.6,2030,none
omp,2,1000,30,12,dynamic,close,1,2,11.527412,2586.908,41.391,nan,nan,249276035.6,2450,none
omp,2,96,2000,2,dynamic,close,1,10,0.429162,3870.727,61.932,nan,nan,10583177.5,2346,none
omp,2,256,100,8,static,close,0,10,0.699865,2341.462,37.463,nan,nan,26040196.52,2594,none
omp,3,256,100,24,static,false,1,4,0.572211,2863.817,45.821,nan,nan,26040196.52,2764,none
omp,1,96,2000,6,static,false,0,13,0.172477,9631.244,154.100,nan,nan,10583177.5,2765,none
omp,1,256,100,2,static,close,0,3,0.860321,1904.761,30.476,nan,nan,26040196.52,2496,none
omp,3,1000,30,24,dynamic,spread,0,14,15.215719,1959.839,31.357,nan,nan,249276035.6,2302,none
omp,1,256,100,24,static,close,1,10,0.555666,2949.086,47.185,nan,nan,26040196.52,2555,none
omp,3,96,2000,8,dynamic,close,0,14,1.159798,1432.290,22.917,nan,nan,10583177.5,2654,none
omp,1,96,2000,6,static,false,1,8,0.171801,9669.122,154.706,nan,nan,10583177.5,2661,none
omp,2,1000,30,8,dynamic,false,0,12,11.694388,2549.972,40.800,nan,nan,249276035.6,2163,none
omp,2,1000,30,6,static,close,0,2,25.206053,1183.063,18.929,nan,nan,249276035.6,2237,none
omp,2,96,2000,1,dynamic,close,0,2,0.699164,2375.936,38.015,nan,nan,10583177.5,2068,none
omp,1,256,100,48,static,close,1,10,0.586082,2796.038,44.737,nan,nan,26040196.52,3312,none
omp,1,256,100,48,dynamic,close,0,12,0.729925,2245.034,35.921,nan,nan,26040196.52,3619,none
omp,1,1000,30,2,dynamic,false,1,8,17.348346,1718.917,27.503,nan,nan,249276035.6,1971,none
omp,2,96,2000,16,dynamic,spread,0,9,0.683257,2431.249,38.900,nan,nan,10583177.5,2134,none
omp,2,96,2000,6,static,spread,1,14,0.163642,10151.261,162.420,nan,nan,10583177.5,2531,none
omp,3,1000,30,24,static,close,1,10,15.150113,1968.326,31.493,nan,nan,249276035.6,2122,none
omp,3,1000,30,16,dynamic,spread,0,10,15.480146,1926.362,30.822,nan,nan,249276035.6,2073,none
omp,2,256,100,24,dynamic,spread,0,5,0.608871,2691.383,43.062,nan,nan,26040196.52,2649,none
omp,2,256,100,4,dynamic,close,1,6,0.772004,2122.667,33.963,nan,nan,26040196.52,2586,none
omp,2,256,100,8,dynamic,spread,1,15,0.925852,1769.943,28.319,nan,nan,26040196.52,1985,none
omp,2,1000,30,6,dynamic,spread,1,10,13.315102,2239.589,35.833,nan,nan,249276035.6,2011,none
omp,3,1000,30,2,static,false,0,6,16.054034,1857.500,29.720,nan,nan,249276035.6,1968,none
omp,1,96,2000,4,static,close,1,6,0.181062,9174.593,146.793,nan,nan,10583177.5,1982,none
omp,2,256,100,1,static,spread,0,12,1.304158,1256.525,20.104,nan,nan,26040196.52,2085,none
omp,2,1000,30,6,static,spread,0,3,13.871816,2149.708,34.395,nan,nan,249276035.6,1989,none
omp,2,1000,30,8,dynamic,close,0,9,11.975262,2490.163,39.843,nan,nan,249276035.6,2115,none
omp,3,256,100,2,static,spread,0,9,0.769968,2128.278,34.052,nan,nan,26040196.52,2055,none
omp,2,96,2000,48,dynamic,false,1,4,0.607761,2733.258,43.732,nan,nan,10583177.5,3501,none
omp,2,256,100,6,static,spread,1,4,0.469061,3493.591,55.897,nan,nan,26040196.52,2683,none
omp,2,1000,30,16,static,spread,1,1,16.266032,1833.290,29.333,nan,nan,249276035.6,2081,none
omp,1,1000,30,4,dynamic,spread,1,11,15.400469,1936.328,30.981,nan,nan,249276035.6,2061,none
omp,1,256,100,8,dynamic,close,0,8,0.641245,2555.508,40.888,nan,nan,26040196.52,2233,none
omp,3,256,100,8,dynamic,spread,0,9,1.171131,1399.251,22.388,nan,nan,26040196.52,2149,none
omp,2,1000,30,6,dynamic,false,1,5,13.317974,2239.106,35.826,nan,nan,249276035.6,2052,none
omp,1,1000,30,1,static,false,0,4,27.122597,1099.466,17.591,nan,nan,249276035.6,2048,none
omp,1,256,100,8,static,close,0,13,0.697251,2350.240,37.604,nan,nan,26040196.52,1980,none
omp,1,1000,30,4,static,close,0,9,23.789104,1253.530,20.056,nan,nan,249276035.6,1973,none
omp,3,96,2000,1,static,false,1,15,0.728990,2278.726,36.460,nan,nan,10583177.5,1964,none
omp,1,1000,30,4,static,false,0,12,13.038310,2287.134,36.594,nan,nan,249276035.6,1910,none
omp,3,96,2000,8,static,close,0,9,0.114420,14518.125,232.290,nan,nan,10583177.5,2248,none
omp,1,256,100,2,dynamic,close,1,8,0.832847,1967.596,31.482,nan,nan,26040196.52,2064,none
omp,1,96,2000,48,dynamic,false,0,1,0.596565,2784.556,44.553,nan,nan,10583177.5,3601,none
omp,1,1000,30,1,dynamic,false,0,12,26.063077,1144.161,18.307,nan,nan,249276035.6,1911,none
omp,2,1000,30,12,static,false,0,3,14.224589,2096.395,33.542,nan,nan,249276035.6,2063,none
omp,1,96,2000,12,static,false,0,8,0.178949,9282.926,148.527,nan,nan,10583177.5,2467,none
omp,1,256,100,48,dynamic,close,1,3,0.628006,2609.379,41.750,nan,nan,26040196.52,3071,none
omp,1,256,100,4,static,close,1,4,0.786107,2084.585,33.353,nan,nan,26040196.52,2992,none
omp,3,1000,30,6,dynamic,close,1,8,17.634681,1691.006,27.056,nan,nan,249276035.6,2092,none
omp,2,256,100,48,dynamic,close,1,12,0.637260,2571.490,41.144,nan,nan,26040196.52,3218,none
omp,3,256,100,48,dynamic,close,1,9,1.059922,1546.063,24.737,nan,nan,26040196.52,3170,none
omp,1,256,100,48,static,spread,0,14,0.591135,2772.135,44.354,nan,nan,26040196.52,2796,none
seq,2,256,100,1,static,false,1,2,1.559916,1050.509,16.808,nan,nan,26040196.52,2838,none
omp,1,1000,30,24,static,false,1,12,15.185965,1963.679,31.419,nan,nan,249276035.6,2309,none
omp,3,256,100,12,dynamic,false,0,13,1.067708,1534.789,24.557,nan,nan,26040196.52,2676,none
omp,1,1000,30,24,dynamic,spread,0,1,10.425578,2860.308,45.765,nan,nan,249276035.6,2151,none
omp,3,96,2000,2,dynamic,false,1,1,2.682139,619.345,9.910,nan,nan,10583177.5,1926,none
omp,2,256,100,12,dynamic,close,1,5,0.624017,2626.059,42.017,nan,nan,26040196.52,2209,none
omp,2,96,2000,8,dynamic,false,1,9,0.792454,2096.234,33.540,nan,nan,10583177.5,2372,none
omp,3,96,2000,48,dynamic,false,0,12,1.133869,1465.045,23.441,nan,nan,10583177.5,3118,none
omp,3,256,100,4,static,false,1,6,0.548562,2987.278,47.796,nan,nan,26040196.52,1985,none
omp,3,1000,30,48,dynamic,false,0,13,14.864668,2006.123,32.098,nan,nan,249276035.6,2680,none
omp,2,96,2000,1,dynamic,false,0,6,0.710416,2338.302,37.413,nan,nan,10583177.5,2970,none
omp,1,1000,30,6,dynamic,false,0,10,12.657391,2355.964,37.695,nan,nan,249276035.6,2013,none
omp,1,1000,30,1,dynamic,spread,1,13,25.801253,1155.772,18.492,nan,nan,249276035.6,1978,none
omp,2,96,2000,4,dynamic,close,1,7,0.256577,6474.338,103.589,nan,nan,10583177.5,2134,none
omp,2,1000,30,2,static,false,1,3,16.139604,1847.651,29.562,nan,nan,249276035.6,1997,none
omp,1,96,2000,16,dynamic,false,0,3,0.700623,2370.988,37.936,nan,nan,10583177.5,2274,none
omp,2,1000,30,48,dynamic,false,0,3,10.656638,2798.290,44.773,nan,nan,249276035.6,2581,none
omp,2,1000,30,1,dynamic,false,0,12,25.798635,1155.889,18.494,nan,nan,249276035.6,1955,none
omp,3,1000,30,16,dynamic,close,1,6,15.724615,1896.413,30.343,nan,nan,249276035.6,2460,none
omp,2,1000,30,12,dynamic,close,1,12,11.535793,2585.029,41.360,nan,nan,249276035.6,2465,none
omp,2,96,2000,2,dynamic,close,0,4,0.435772,3812.013,60.992,nan,nan,10583177.5,2111,none
omp,3,96,2000,48,dynamic,spread,0,1,1.177444,1410.826,22.573,nan,nan,10583177.5,3282,none
omp,2,96,2000,6,static,close,1,1,0.123276,13475.189,215.603,113.420,nan,10583177.5,2404,perf-pkg
omp,2,96,2000,8,dynamic,spread,0,9,0.889648,1867.220,29.876,nan,nan,10583177.5,2359,none
omp,2,1000,30,24,dynamic,close,1,14,10.430014,2859.091,45.745,nan,nan,249276035.6,2516,none
omp,2,96,2000,24,static,spread,1,9,0.065681,25291.307,404.661,nan,nan,10583177.5,3198,none
omp,2,96,2000,24,dynamic,false,0,5,0.706385,2351.647,37.626,nan,nan,10583177.5,3152,none
omp,1,96,2000,24,static,spread,1,4,0.070307,23627.275,378.036,nan,nan,10583177.5,3720,none
omp,3,256,100,2,dynamic,spread,0,8,2.088053,784.801,12.557,nan,nan,26040196.52,2552,none
omp,3,96,2000,8,static,spread,1,13,0.119381,13914.825,222.637,nan,nan,10583177.5,2876,none
omp,1,96,2000,16,dynamic,spread,1,9,0.747535,2222.195,35.555,nan,nan,10583177.5,2541,none
omp,3,1000,30,24,static,false,1,13,15.180024,1964.447,31.431,nan,nan,249276035.6,2286,none
omp,3,96,2000,24,dynamic,close,1,14,0.981448,1692.568,27.081,nan,nan,10583177.5,2689,none
omp,1,96,2000,2,dynamic,false,1,7,1.148523,1446.352,23.142,nan,nan,10583177.5,1959,none
omp,2,96,2000,48,static,false,0,13,0.653979,2540.094,40.641,nan,nan,10583177.5,3851,none
omp,2,256,100,12,dynamic,false,1,7,0.723386,2265.327,36.245,nan,nan,26040196.52,2640,none
omp,2,1000,30,16,dynamic,spread,1,6,10.858783,2746.197,43.939,nan,nan,249276035.6,2008,none
omp,3,256,100,2,dynamic,close,1,6,1.495237,1095.951,17.535,nan,nan,26040196.52,2356,none
omp,3,96,2000,4,static,spread,0,4,0.233168,7124.343,113.989,nan,nan,10583177.5,2289,none
omp,2,256,100,48,dynamic,false,1,5,0.709205,2310.623,36.970,nan,nan,26040196.52,2848,none
omp,1,1000,30,8,dynamic,close,0,12,11.990474,2487.004,39.792,nan,nan,249276035.6,2147,none
omp,1,256,100,4,dynamic,close,0,12,0.776570,2110.184,33.763,nan,nan,26040196.52,2187,none
omp,2,96,2000,48,static,false,0,4,0.531364,3126.231,50.020,nan,nan,10583177.5,3198,none
omp,2,1000,30,1,dynamic,close,0,3,25.959416,1148.730,18.380,nan,nan,249276035.6,1872,none
omp,3,96,2000,24,dynamic,close,0,11,0.814621,2039.192,32.627,nan,nan,10583177.5,2698,none
omp,2,1000,30,8,static,false,1,10,14.518683,2053.930,32.863,nan,nan,249276035.6,2112,none
omp,1,1000,30,4,dynamic,spread,1,2,15.390968,1937.523,31.000,nan,nan,249276035.6,1925,none
omp,1,96,2000,12,dynamic,close,1,14,0.625116,2657.376,42.518,nan,nan,10583177.5,2273,none
omp,1,96,2000,12,dynamic,close,0,7,0.641944,2587.713,41.403,nan,nan,10583177.5,2218,none
omp,1,256,100,1,static,close,1,15,1.314027,1247.088,19.953,nan,nan,26040196.52,2207,none
omp,1,256,100,24,dynamic,spread,0,12,0.598086,2739.918,43.839,nan,nan,26040196.52,2635,none
omp,3,1000,30,1,dynamic,close,1,6,26.139778,1140.804,18.253,nan,nan,249276035.6,2006,none
omp,2,256,100,24,dynamic,false,0,5,0.611669,2679.073,42.865,nan,nan,26040196.52,2469,none
omp,3,96,2000,12,static,spread,0,9,0.088798,18707.198,299.315,nan,nan,10583177.5,2362,none
omp,2,96,2000,6,static,spread,1,12,0.158948,10451.032,167.217,nan,nan,10583177.5,2740,none
omp,3,256,100,12,dynamic,close,0,6,0.770436,2126.986,34.032,nan,nan,26040196.52,2430,none
omp,1,1000,30,2,dynamic,false,0,15,16.716390,1783.900,28.542,nan,nan,249276035.6,1999,none
omp,2,96,2000,48,dynamic,spread,1,5,0.723023,2297.531,36.760,nan,nan,10583177.5,3998,none
omp,1,96,2000,2,dynamic,close,0,12,0.430752,3856.434,61.703,nan,nan,10583177.5,3192,none
seq,2,256,100,1,static,false,0,6,1.379177,1188.177,19.011,nan,nan,26040196.52,1916,none
omp,1,96,2000,8,dynamic,spread,1,13,0.785615,2114.481,33.832,nan,nan,10583177.5,2156,none
omp,2,1000,30,16,static,spread,0,15,16.136076,1848.055,29.569,nan,nan,249276035.6,1881,none
omp,1,256,100,16,static,close,1,11,0.553437,2960.965,47.375,nan,nan,26040196.52,2071,none
omp,1,1000,30,24,static,close,0,9,14.897131,2001.752,32.028,nan,nan,249276035.6,3020,none
omp,1,256,100,1,dynamic,false,0,1,1.331242,1230.961,19.695,nan,nan,26040196.52,2061,none
omp,2,256,100,48,static,spread,1,15,0.601365,2724.976,43.600,nan,nan,26040196.52,2730,none
omp,3,96,2000,24,static,close,0,11,0.068957,24089.881,385.438,nan,nan,10583177.5,3164,none
omp,1,256,100,2,dynamic,false,0,9,0.917029,1786.974,28.592,nan,nan,26040196.52,2012,none
omp,2,1000,30,6,static,false,0,7,13.951408,2137.445,34.199,nan,nan,249276035.6,2336,none
omp,1,1000,30,4,dynamic,close,0,1,16.354723,1823.348,29.174,nan,nan,249276035.6,1998,none
omp,2,96,2000,2,dynamic,spread,0,7,1.168813,1421.244,22.740,nan,nan,10583177.5,1948,none
omp,1,1000,30,48,dynamic,close,1,1,10.781330,2765.926,44.255,nan,nan,249276035.6,2443,none
omp,1,1000,30,48,dynamic,false,1,7,10.680878,2791.939,44.671,nan,nan,249276035.6,2729,none
omp,3,96,2000,24,dynamic,spread,0,4,0.881724,1883.999,30.144,nan,nan,10583177.5,2744,none
omp,2,256,100,8,dynamic,spread,0,11,0.938288,1746.485,27.944,nan,nan,26040196.52,2504,none
omp,1,1000,30,4,dynamic,false,0,1,14.565124,2047.381,32.758,nan,nan,249276035.6,2031,none
omp,3,96,2000,16,static,close,1,2,0.072643,22867.634,365.882,nan,nan,10583177.5,2493,none
omp,1,96,2000,16,static,spread,1,14,0.074674,22245.524,355.928,nan,nan,10583177.5,2969,none
omp,3,96,2000,1,dynamic,spread,1,6,0.877100,1893.931,30.303,nan,nan,10583177.5,2435,none
omp,2,256,100,12,dynamic,false,0,10,0.696808,2351.734,37.628,nan,nan,26040196.52,2273,none
omp,1,1000,30,4,static,spread,1,11,13.492435,2210.154,35.362,nan,nan,249276035.6,1941,none
omp,3,96,2000,1,dynamic,close,0,11,0.894017,1858.095,29.730,nan,nan,10583177.5,1801,none
omp,1,96,2000,2,static,close,1,12,0.349548,4752.336,76.037,nan,nan,10583177.5,2116,none
omp,1,1000,30,48,static,false,1,15,15.548893,1917.845,30.686,nan,nan,249276035.6,2309,none
omp,3,256,100,48,dynamic,close,1,14,0.929462,1763.071,28.209,nan,nan,26040196.52,3286,none
omp,1,1000,30,6,static,close,1,4,25.290606,1179.108,18.866,nan,nan,249276035.6,2060,none
omp,3,256,100,6,static,false,1,7,0.477206,3433.958,54.943,nan,nan,26040196.52,2094,none
omp,2,96,2000,8,dynamic,spread,1,8,0.820482,2024.624,32.394,nan,nan,10583177.5,2168,none
omp,2,1000,30,16,dynamic,spread,0,7,10.690935,2789.313,44.629,nan,nan,249276035.6,1973,none
omp,1,1000,30,4,dynamic,close,1,9,16.221849,1838.284,29.413,nan,nan,249276035.6,2101,none
omp,2,1000,30,6,static,spread,0,15,13.931652,2140.475,34.248,nan,nan,249276035.6,1912,none
omp,3,96,2000,6,dynamic,close,1,12,0.509400,3261.031,52.177,nan,nan,10583177.5,2076,none
omp,2,256,100,16,static,close,0,8,0.554365,2956.007,47.296,nan,nan,26040196.52,2306,none
omp,1,96,2000,1,static,spread,0,8,0.695800,2387.423,38.199,nan,nan,10583177.5,2273,none
omp,1,1000,30,24,dynamic,close,0,9,10.547014,2827.375,45.238,nan,nan,249276035.6,2181,none
omp,1,256,100,4,dynamic,close,1,5,0.773861,2117.573,33.881,nan,nan,26040196.52,2300,none
omp,2,1000,30,24,static,close,0,10,14.999427,1988.100,31.810,nan,nan,249276035.6,2375,none
omp,1,1000,30,8,static,false,1,4,14.497186,2056.976,32.912,nan,nan,249276035.6,2271,none
omp,1,96,2000,24,dynamic,spread,1,13,0.651593,2549.395,40.790,nan,nan,10583177.5,2963,none
omp,2,96,2000,12,dynamic,false,0,15,0.737522,2252.364,36.038,nan,nan,10583177.5,2806,none
omp,1,96,2000,16,dynamic,false,1,13,0.690984,2404.062,38.465,nan,nan,10583177.5,2513,none
omp,2,96,2000,8,static,spread,0,1,0.116979,14200.528,227.208,nan,nan,10583177.5,2817,none
omp,3,96,2000,12,dynamic,false,1,10,1.137255,1460.682,23.371,nan,nan,10583177.5,2320,none
omp,1,96,2000,12,static,false,1,3,0.183331,9061.018,144.976,nan,nan,10583177.5,2683,none
omp,3,1000,30,2,static,close,1,14,23.063006,1292.995,20.688,nan,nan,249276035.6,1988,none
omp,2,1000,30,2,dynamic,close,1,10,16.752087,1780.098,28.482,nan,nan,249276035.6,2038,none
omp,3,1000,30,2,static,spread,1,12,16.342729,1824.687,29.195,nan,nan,249276035.6,1920,none
omp,1,256,100,4,dynamic,false,1,10,1.210250,1354.023,21.664,nan,nan,26040196.52,1977,none
omp,2,1000,30,4,dynamic,close,1,4,16.194878,1841.345,29.462,nan,nan,249276035.6,2106,none
omp,1,256,100,16,static,false,0,13,0.534649,3065.014,49.040,nan,nan,26040196.52,2138,none
omp,1,256,100,4,dynamic,close,1,12,0.772758,2120.595,33.930,nan,nan,26040196.52,2252,none
omp,3,1000,30,48,dynamic,false,1,1,16.572223,1799.418,28.791,nan,nan,249276035.6,2656,none
omp,1,1000,30,4,dynamic,false,0,4,14.559505,2048.171,32.771,nan,nan,249276035.6,2346,none
omp,2,96,2000,8,static,spread,1,12,0.115236,14415.320,230.645,nan,nan,10583177.5,2369,none
omp,1,96,2000,6,static,close,0,10,0.124810,13309.547,212.953,nan,nan,10583177.5,2624,none
omp,1,96,2000,6,dynamic,spread,1,4,0.854816,1943.304,31.093,nan,nan,10583177.5,1954,none
omp,3,96,2000,12,static,false,0,10,0.181646,9145.100,146.322,nan,nan,10583177.5,2284,none
omp,3,1000,30,1,dynamic,close,1,2,26.088226,1143.058,18.289,nan,nan,249276035.6,2041,none
omp,3,256,100,48,dynamic,close,0,11,0.950863,1723.389,27.574,nan,nan,26040196.52,2774,none
omp,2,256,100,1,dynamic,close,1,2,1.262353,1298.136,20.770,nan,nan,26040196.52,2559,none
omp,2,1000,30,6,dynamic,spread,0,7,12.743172,2340.105,37.442,nan,nan,249276035.6,2037,none
omp,2,1000,30,12,dynamic,false,1,5,11.204878,2661.373,42.582,nan,nan,249276035.6,2016,none
omp,3,1000,30,24,dynamic,spread,1,13,16.670478,1788.812,28.621,nan,nan,249276035.6,2459,none
omp,2,1000,30,24,static,close,0,6,14.951122,1994.523,31.912,nan,nan,249276035.6,2543,none
omp,1,1000,30,16,static,false,1,4,14.817430,2012.519,32.200,nan,nan,249276035.6,2220,none
omp,1,256,100,16,static,spread,0,1,0.541245,3027.661,48.443,nan,nan,26040196.52,2320,none
omp,2,96,2000,8,dynamic,false,0,1,0.780360,2128.720,34.060,nan,nan,10583177.5,2667,none
